wavelength,depth,depth_err_lo,depth_err_hi,absolute_depth,absolute_depth_err_lo,absolute_depth_err_hi,absolute_disagreement,fixed_power2_linear_depth,fixed_power2_linear_depth_err_lo,fixed_power2_linear_depth_err_hi,fixed_power2_linear_weight,fixed_power2_linear_achromatic_offset,fixed_power2_linear_achromatic_offset_err,uniform_quadratic_linear_depth,uniform_quadratic_linear_depth_err_lo,uniform_quadratic_linear_depth_err_hi,uniform_quadratic_linear_weight,uniform_quadratic_linear_achromatic_offset,uniform_quadratic_linear_achromatic_offset_err,sing_quadratic_linear_fitted_v2_depth,sing_quadratic_linear_fitted_v2_depth_err_lo,sing_quadratic_linear_fitted_v2_depth_err_hi,sing_quadratic_linear_fitted_v2_weight,sing_quadratic_linear_fitted_v2_achromatic_offset,sing_quadratic_linear_fitted_v2_achromatic_offset_err,disagreement
2.9083497524261475,0.01904141964423478,0.00017361459337216292,0.00016271231313081877,0.0190379035510593,0.00017430261517718815,0.00016008440430076779,1.249035395095977,0.01891973925623972,0.00013620379278045033,0.00013151241509551728,0.27692816307965473,-4.351315817696196e-06,1.1636733074165346e-05,0.019079466214634355,0.00014976385400587017,0.00014304676808770192,0.7230718369203453,-7.816285539604547e-06,1.4687708373702337e-05,0.01900209536787878,0.0001383994965145456,0.0001461466647328831,6.259234667030379e-17,1.3749090748343444e-05,1.2932526905458845e-05,1.2562814525551673
2.9219865798950195,0.018882075739000893,0.00011920923919947826,0.00011427723687185143,0.01887948825730747,0.00011893801939017942,0.00011425757392427918,0.9994329085539034,0.018879655092529896,0.0001191350573733832,0.00011419285420386643,0.9999999999999996,-4.351315817696196e-06,1.1636733074165346e-05,0.01895111018279704,0.00015534330413148958,0.00012476461781058337,3.8857805861880464e-16,-7.816285539604547e-06,1.4687708373702337e-05,0.01889634731796304,0.0001327507668942192,0.0001288989446535764,0.0,1.3749090748343444e-05,1.2932526905458845e-05,1.0006795779082245
2.935563564300537,0.018941581197143172,9.989889905929333e-05,0.00010842811130786639,0.018938565010447918,9.910156755396637e-05,0.0001127943915867416,1.063913912383062,0.018935293712393476,9.857428150209305e-05,0.00010059217047716715,0.8926884920442095,-4.351315817696196e-06,1.1636733074165346e-05,0.019038081554136395,0.0001279788664215499,0.00014808501983493497,0.0,-7.816285539604547e-06,1.4687708373702337e-05,0.01899781371218976,0.00012272860932930826,0.0001248570590851178,0.1073115079557905,1.3749090748343444e-05,1.2932526905458845e-05,1.0459944849991778
2.9490816593170166,0.018785299080662746,0.00011457428620015309,0.00011457261733873597,0.01878414778322959,0.00011345358123162133,0.00011172725179748808,0.9849449246317977,0.01878291586564766,0.00011517231002069334,0.00011345045598146544,0.9999999999999972,-4.351315817696196e-06,1.1636733074165346e-05,0.018765775596021522,0.00017065317897076854,0.00015882674030203228,2.8588242884097773e-15,-7.816285539604547e-06,1.4687708373702337e-05,0.01876901674496267,0.0001317015402495722,0.00013426714387221664,0.0,1.3749090748343444e-05,1.2932526905458845e-05,1.0022925868053112
2.962549924850464,0.01885802379166141,0.00012005531986682486,0.00011478823580747186,0.01885486354710601,0.00011968341938371069,0.00011380390019776615,0.9992144570442915,0.01885545935757342,0.00011992582299333657,0.00011374505510038102,1.0,-4.351315817696196e-06,1.1636733074165346e-05,0.01882192541266594,0.00014242079030588745,0.00014532327020033015,0.0,-7.816285539604547e-06,1.4687708373702337e-05,0.018851183994819387,0.00011266918915021906,0.00012509951379694254,0.0,1.3749090748343444e-05,1.2932526905458845e-05,1.0050185011934127
2.9759624004364014,0.01883826862443282,0.0001103053505459757,0.00010751861367112175,0.018836517813128856,0.00010974503090005125,0.0001104905245864693,1.0001143900842955,0.01883642513851085,0.00010985702974916634,0.00011035333585506998,0.9999999999999997,-4.351315817696196e-06,1.1636733074165346e-05,0.018892165939407967,0.0001532241716243575,0.0001325701583581966,2.7755575615628914e-17,-7.816285539604547e-06,1.4687708373702337e-05,0.018879390133542458,0.00012312673747612995,0.0001442971796333896,3.7470027081099033e-16,1.3749090748343444e-05,1.2932526905458845e-05,0.9891630833063157
2.989316940307617,0.018750911641592587,0.00013387339677995574,0.00012182385157077924,0.018765894072919394,0.00013669544074541504,0.00012360735204053341,1.0930489821375173,0.018734800231792578,0.00012026875989928215,0.00011787499855965902,0.0767921891642042,-4.351315817696196e-06,1.1636733074165346e-05,0.018720240625956057,0.0001514171059573341,0.00015242281944573277,0.0,-7.816285539604547e-06,1.4687708373702337e-05,0.01876927671904112,0.00013431382628624478,0.0001202621293909592,0.9232078108357957,1.3749090748343444e-05,1.2932526905458845e-05,1.073709636588356
3.002616167068481,0.018712159550973568,0.00010512084290583562,0.00011666673547253148,0.01870777344135774,0.00010514950114916266,0.00011763715108200137,0.9954674476517013,0.018708685104399,0.00010610941230500617,0.00011769162986539905,0.9999999999999993,-4.351315817696196e-06,1.1636733074165346e-05,0.01877437782724884,0.0001468455048133921,0.00015740178781863817,5.828670879282069e-16,-7.816285539604547e-06,1.4687708373702337e-05,0.018759523852921536,0.00011818955386941679,0.00011677428744055751,0.0,1.3749090748343444e-05,1.2932526905458845e-05,0.9910033314746362
3.015860080718994,0.018805510707629047,0.00010442323873560352,0.00011454085201583267,0.018802631616935003,0.00010475704264693506,0.00011521221407533033,1.0083606142415595,0.018802690752698574,0.00010412575967486126,0.00011401966728404045,1.0,-4.351315817696196e-06,1.1636733074165346e-05,0.018758627260653957,0.0001455855205960907,0.0001453464616783702,0.0,-7.816285539604547e-06,1.4687708373702337e-05,0.018789366138759485,0.0001295739941905849,0.00012053561545988592,0.0,1.3749090748343444e-05,1.2932526905458845e-05,1.003752834996118
3.029047966003418,0.018859304184101748,0.00011003207894524566,0.00010795709724739297,0.018857312154161067,0.00011259677562083792,0.00010605653582131114,0.9979046716697082,0.018856828054272974,0.0001111121016745785,0.00010800032223691122,0.9999999999999996,-4.351315817696196e-06,1.1636733074165346e-05,0.018944626383061942,0.00014392949917951814,0.00014326439330197144,5.551115123125781e-16,-7.816285539604547e-06,1.4687708373702337e-05,0.01889560078103971,0.00013815377811378024,0.0001305369889466751,0.0,1.3749090748343444e-05,1.2932526905458845e-05,0.9948736466020529
3.042182207107544,0.018807487436711515,0.00012330070794635412,0.00011448160858851947,0.01880254797477919,0.00012218657767571958,0.0001161642087097528,1.076957615338835,0.018818583250582298,0.00011166292959477117,0.0001096557026250139,0.8045887023852346,-4.351315817696196e-06,1.1636733074165346e-05,0.018720875893841388,0.0001367520779876931,0.00013345443050416864,0.19541129761476547,-7.816285539604547e-06,1.4687708373702337e-05,0.018787678348098975,0.00012642500358265446,0.00012066333417422997,0.0,1.3749090748343444e-05,1.2932526905458845e-05,1.0743890568541872
3.055262327194214,0.01877336491103299,0.00012605205176266163,0.0001227360711490988,0.018766775777578532,0.00012345832958556707,0.0001266989123772308,1.005147083329475,0.018769860709235038,0.00012524287232417233,0.00012363338281469807,0.9999999999999976,-4.351315817696196e-06,1.1636733074165346e-05,0.018811345137004526,0.00016277738217303217,0.0001587413731260999,2.5465740627339512e-15,-7.816285539604547e-06,1.4687708373702337e-05,0.018817051951788955,0.000131229758021479,0.00012238233568061252,0.0,1.3749090748343444e-05,1.2932526905458845e-05,0.9996458793264114
3.068288803100586,0.018656974076594203,0.00012263916918360887,0.00013118582126742453,0.01867077721288333,0.00011924829316382543,0.00013297806240535406,1.0571749627400335,0.018556125332656687,0.00012483658492186064,0.00011374866771735048,9.614813431917822e-17,-4.351315817696196e-06,1.1636733074165346e-05,0.01874126597129693,0.00015256084490472555,0.00015113719532361403,5.551115123125784e-17,-7.816285539604547e-06,1.4687708373702337e-05,0.01867274970332085,0.00012206459671538356,0.00012879687051623942,0.9999999999999999,1.3749090748343444e-05,1.2932526905458845e-05,1.0638754392538579
3.081264019012451,0.018671258375311393,0.00011199718104585449,0.00010061551156781076,0.018666811661089053,0.00011113262843625432,9.937449531030942e-05,0.9945775269921612,0.018667428576216633,0.00011149119104023053,0.00010016362523456238,1.0,-4.351315817696196e-06,1.1636733074165346e-05,0.018614801610415906,0.0001452611866173334,0.0001540805571771317,0.0,-7.816285539604547e-06,1.4687708373702337e-05,0.018627827895483038,0.00013034512538512635,0.00012753097651649684,0.0,1.3749090748343444e-05,1.2932526905458845e-05,1.0045256533998674
3.0941851139068604,0.018652639553419333,0.00010266687207546865,0.00010415748383816106,0.018650627719305778,0.00010549008098600238,0.00010286765682877147,1.0017138261568226,0.0186499807556521,0.00010430643266799017,0.00010369482714706058,0.9999999999999991,-4.351315817696196e-06,1.1636733074165346e-05,0.018690022617389182,0.00014572027962313217,0.000148285238544342,9.879493968014028e-16,-7.816285539604547e-06,1.4687708373702337e-05,0.0186948853879048,0.00011831906781379145,0.00012101092913291076,5.628394323786601e-19,1.3749090748343444e-05,1.2932526905458845e-05,0.9943418424365915
3.107055902481079,0.018783222380451096,0.00011962870682697899,0.00011154808540433242,0.01877992516490142,0.00011860757489806292,0.00011170375111265937,0.9969721323410332,0.018779576607982455,0.00011829564926201658,0.00011271514686717748,0.9999999999999996,-4.351315817696196e-06,1.1636733074165346e-05,0.01877482483306224,0.00013193632901063734,0.00014981111021058688,4.579669976578771e-16,-7.816285539604547e-06,1.4687708373702337e-05,0.01878356217098439,0.00012898280581163934,0.00012352324772002196,0.0,1.3749090748343444e-05,1.2932526905458845e-05,1.0007185642614924
3.1198747158050537,0.018847410616287284,0.00012726055965049318,0.00013609399591821975,0.018864841842723655,0.00012905663736721001,0.00013462654839339894,1.1102095766576618,0.018795485578478297,0.00011866946852617452,0.00011883810779508147,1.3877787807814457e-16,-4.351315817696196e-06,1.1636733074165346e-05,0.01889757750231863,0.0001477128783311174,0.00015840136309812,5.551115123125783e-17,-7.816285539604547e-06,1.4687708373702337e-05,0.018864007034738877,0.00012794303564648765,0.00013680146441268776,0.9999999999999998,1.3749090748343444e-05,1.2932526905458845e-05,1.1088259147257515
3.132643461227417,0.01846413257699652,0.00012712954165050236,0.0001422750379193316,0.018480339736720787,0.00012406784192050754,0.00014116038401761413,1.0784058449974734,0.018578880319608984,0.00012481674579648688,0.0001211279763769571,0.0,-4.351315817696196e-06,1.1636733074165346e-05,0.018400079245539755,0.00015495340604632785,0.000180019333996001,4.440892098500625e-16,-7.816285539604547e-06,1.4687708373702337e-05,0.018479819795092958,0.00012676130053258447,0.00014200474477749775,0.9999999999999996,1.3749090748343444e-05,1.2932526905458845e-05,1.0953867079930495
3.145362377166748,0.01857423732706575,0.00011977553163291729,0.00011766122604376164,0.018572017640219398,0.00012122974769663078,0.0001193479017516097,1.0112219126799675,0.01857114775025016,0.00011930908758893757,0.00011859878053731288,1.0,-4.351315817696196e-06,1.1636733074165346e-05,0.018569210055145238,0.0001487294521416785,0.00014806586818068984,4.5102810375396984e-17,-7.816285539604547e-06,1.4687708373702337e-05,0.018601506217762256,0.0001307019707349026,0.0001266544607681809,0.0,1.3749090748343444e-05,1.2932526905458845e-05,0.9980197777682513
3.158031225204468,0.018616242053264787,0.00014462344996919382,0.00014240298654720485,0.018612544089080415,0.0001462535066873022,0.0001427472996713315,1.3006699971450724,0.018676287049598814,0.00010673304183355867,0.00011546075597294175,0.2940557308597085,-4.351315817696196e-06,1.1636733074165346e-05,0.018580864398000274,0.00013943075040035932,0.0001435155976851829,0.7059442691402916,-7.816285539604547e-06,1.4687708373702337e-05,0.018675586970952347,0.00012934450314783588,0.00012202979018502425,0.0,1.3749090748343444e-05,1.2932526905458845e-05,1.2917841962733738
3.17065167427063,0.018863287245865338,0.0001461722260640945,0.00012727171921067537,0.018860433251505482,0.00014432738400257591,0.00012532827615059292,1.23296645402069,0.018903200493326923,0.00011579617170226139,0.00010290861079512506,0.5932205466336805,-4.351315817696196e-06,1.1636733074165346e-05,0.018781855682080423,0.00014581644147552628,0.00014634376790305034,0.4067794533663187,-7.816285539604547e-06,1.4687708373702337e-05,0.018847625935784457,0.00013341353508999898,0.0001331053462307573,8.016184287543139e-16,1.3749090748343444e-05,1.2932526905458845e-05,1.250287909355789
3.183222770690918,0.018830079979222973,0.00011464011267067753,0.00010654676738792654,0.018826999723856153,0.00011362365821129816,0.00010915141842869625,1.0077060907380462,0.01882790649023397,0.00011410503845560652,0.00010696644130178332,0.9999999999999999,-4.351315817696196e-06,1.1636733074165346e-05,0.01882545949088686,0.00013421813499545424,0.00015458495253111576,7.632783294297951e-17,-7.816285539604547e-06,1.4687708373702337e-05,0.018822231532906825,0.00012658864882302,0.00012198869315525537,0.0,1.3749090748343444e-05,1.2932526905458845e-05,1.000522004472675
3.1957476139068604,0.01879687284048344,0.00011365021186152471,0.00011753392638109289,0.01879755279172373,0.00011570124456809425,0.00011453042833088276,0.9951644996528859,0.018795678581305576,0.00011513390521879219,0.0001162164624634171,0.999999999999998,-4.351315817696196e-06,1.1636733074165346e-05,0.018728602000170402,0.0001603506531519805,0.00015397729385617856,2.0487951057371635e-15,-7.816285539604547e-06,1.4687708373702337e-05,0.01877805144602955,0.00013227919920382955,0.00013732958591664013,0.0,1.3749090748343444e-05,1.2932526905458845e-05,0.9992814818439363
3.208223819732666,0.018686052786087603,0.0001148799990912941,0.00011372850206071983,0.01868354775694862,0.00011740571438937503,0.00011239338697839954,1.004040256216785,0.01868270588881126,0.00011645443762266575,0.00011241995256728102,0.9999999999999987,-4.351315817696196e-06,1.1636733074165346e-05,0.018685008054904365,0.00015100288947771795,0.0001350612158263001,0.0,-7.816285539604547e-06,1.4687708373702337e-05,0.0186821454034852,0.00012485227981164776,0.00013876215371371944,1.2906342661267443e-15,1.3749090748343444e-05,1.2932526905458845e-05,0.9988382752753063
3.220654010772705,0.018733175895372885,0.00011971837501964858,0.0001235618794866479,0.018730082789996338,0.00012024661598975667,0.0001265756473724823,1.0085594073809732,0.01872832158360134,0.00011832299588288714,0.00012640454476163174,0.9999999999999998,-4.351315817696196e-06,1.1636733074165346e-05,0.01877668318294378,0.00014374377664200244,0.00014232421890704103,0.0,-7.816285539604547e-06,1.4687708373702337e-05,0.018750394674631774,0.00013114469400300754,0.00014612420250484717,2.775557561562891e-16,1.3749090748343444e-05,1.2932526905458845e-05,0.9940861329525447
3.233036756515503,0.018654244170869735,0.00011348540372232985,0.00012289812159417546,0.01865389429095785,0.00011548214725324094,0.00011779860022013283,0.9990014802303857,0.01865349663698304,0.000116097438256281,0.00011741647747843392,0.9999999999999997,-4.351315817696196e-06,1.1636733074165346e-05,0.01862218944071354,0.00013977008691280074,0.00014543557923321973,0.0,-7.816285539604547e-06,1.4687708373702337e-05,0.01866925061630343,0.0001309341785256518,0.00014222833097336102,2.2551405187698487e-16,1.3749090748343444e-05,1.2932526905458845e-05,1.0122888161622472
3.2453739643096924,0.018789576397976668,0.00012607485592356152,0.00012237021473441786,0.018786885576557603,0.0001263297311775713,0.00012567738097355938,1.0069078319718596,0.018786836175233614,0.00012596325138979417,0.00012431498078724346,0.9999999999999987,-4.351315817696196e-06,1.1636733074165346e-05,0.01886619630872364,0.00016520482115671073,0.00015419953189605567,5.551115123125782e-16,-7.816285539604547e-06,1.4687708373702337e-05,0.018831940399919478,0.00014852422068734397,0.0001396750968227188,6.938893903907226e-16,1.3749090748343444e-05,1.2932526905458845e-05,0.9926755055638976
3.257664918899536,0.0187601114306409,0.00014232898952278375,0.00013202757793041864,0.018755588333153248,0.00014297643270876417,0.00013491859472997136,1.2917471668897538,0.018796538842506108,0.00012192639042553008,0.00011554025690241679,0.4748012645745385,-4.351315817696196e-06,1.1636733074165346e-05,0.018710096215337254,0.00014238713375970546,0.00014650094356389795,0.5251987354254616,-7.816285539604547e-06,1.4687708373702337e-05,0.01878613648152247,0.00010746622640511044,0.00010766490340247126,0.0,1.3749090748343444e-05,1.2932526905458845e-05,1.2752992451561673
3.269911050796509,0.01887985518786717,0.000131470579748251,0.00012050660756751999,0.018885998343895514,0.00013428763753372402,0.0001211276168848717,1.0971039574277028,0.01890682088143059,0.00012508682138154953,0.00010772179505754223,0.49703040129033665,-4.351315817696196e-06,1.1636733074165346e-05,0.018835073416153113,0.00013699963994726408,0.00016306090390439884,0.0,-7.816285539604547e-06,1.4687708373702337e-05,0.018867115586070394,0.0001368237687414571,0.00013304806151032827,0.5029695987096634,1.3749090748343444e-05,1.2932526905458845e-05,1.0823361745362814
3.2821123600006104,0.018609317128337233,0.00014563629763780436,0.00014103625726478997,0.018618870397749124,0.00015403140057522469,0.00014521374876831986,1.1643254681721,0.01875974920250774,0.00012686441122349013,0.00013014718692812982,0.0,-4.351315817696196e-06,1.1636733074165346e-05,0.018549213731390308,0.00014181238796978635,0.00015431351866641158,0.47358707389720917,-7.816285539604547e-06,1.4687708373702337e-05,0.018673576137453553,0.00013437957543133497,0.00013162916806953168,0.5264129261027908,1.3749090748343444e-05,1.2932526905458845e-05,1.1154070748724592
3.2942686080932617,0.01865452329484998,0.0001231001665944545,0.00011708814526947484,0.0186514213219629,0.0001229021746655956,0.00011768508901757388,1.0016108814676206,0.018651585932248263,0.00012307567830408678,0.00011712465111989728,0.9999999999999988,-4.351315817696196e-06,1.1636733074165346e-05,0.018711053057127936,0.00015313737100162636,0.00014277357532055737,5.342948306008566e-16,-7.816285539604547e-06,1.4687708373702337e-05,0.01868863568445487,0.00013347918280310483,0.00012441271121927874,6.106226635438361e-16,1.3749090748343444e-05,1.2932526905458845e-05,0.9999499685946163
3.306382179260254,0.01866345615435857,0.00012477644657111348,0.00012790824694018654,0.018660031494213584,0.00012573091167770306,0.00012683467859317746,1.0068805449857785,0.01866139392495958,0.000123448773407836,0.00012739090318403604,0.9999999999999998,-4.351315817696196e-06,1.1636733074165346e-05,0.018758672019240093,0.00016167069540824752,0.00015168097798137076,3.05311331771918e-16,-7.816285539604547e-06,1.4687708373702337e-05,0.01871484511977458,0.00015504651818267282,0.0001419551164837489,0.0,1.3749090748343444e-05,1.2932526905458845e-05,1.007355363172589
3.318450450897217,0.018828631349446734,0.00011298877242682873,0.00011882150274481959,0.018825452660017953,0.00011205925517368195,0.00011886783729857589,0.9970351696905535,0.018826139949669543,0.00011276952931088893,0.00011884425874026869,0.9999999999999999,-4.351315817696196e-06,1.1636733074165346e-05,0.01879070999354441,0.00015052791270370527,0.0001576524538278723,1.6653345369377348e-16,-7.816285539604547e-06,1.4687708373702337e-05,0.01880363140508447,0.00013719659870270462,0.00014009481417903008,0.0,1.3749090748343444e-05,1.2932526905458845e-05,1.0008483394798902
3.330476999282837,0.018815681007509622,0.0001282336883809479,0.0001263885023127624,0.018815294407589046,0.00012904291301506568,0.0001205255094724432,0.9926723357764036,0.01881451200764632,0.00012922261238694846,0.00012218806311285052,0.9999999999999989,-4.351315817696196e-06,1.1636733074165346e-05,0.018829078268914896,0.00016006864085191252,0.00015362898524924617,1.0824674490095274e-15,-7.816285539604547e-06,1.4687708373702337e-05,0.01883326106469721,0.0001433710021382928,0.00014594116996006698,0.0,1.3749090748343444e-05,1.2932526905458845e-05,1.0127739810074767
3.3424601554870605,0.01896297347434653,0.0001319127650611443,0.00012525318260217175,0.01895912234228999,0.00013286587495953822,0.00012454556226763197,1.001433370261282,0.01895868338319147,0.00013259657863201255,0.00012444642080389548,0.999999999999999,-4.351315817696196e-06,1.1636733074165346e-05,0.01892467662178468,0.00017197401602823265,0.00016091473540626872,9.436895709313833e-16,-7.816285539604547e-06,1.4687708373702337e-05,0.018955199268444734,0.00015568445386020952,0.00014070104666009248,1.4571677198205182e-16,1.3749090748343444e-05,1.2932526905458845e-05,1.0004783177432486
3.354401111602783,0.01873661215618915,0.00015947153329086763,0.00014960951439843898,0.018731301171857128,0.00015619539914097855,0.00015068445007111395,1.4309615962076905,0.018573436635972856,0.00010608706693009118,0.00010837001565366239,0.08860407092922978,-4.351315817696196e-06,1.1636733074165346e-05,0.01874515371510066,0.0001512801488081257,0.00014006011807144933,0.9113959290707702,-7.816285539604547e-06,1.4687708373702337e-05,0.018665186566631145,0.00013292536308638636,0.0001361844768151023,0.0,1.3749090748343444e-05,1.2932526905458845e-05,1.4412256474140872
3.3663008213043213,0.01865558908237271,0.00013307315506470505,0.00013213119418455793,0.018651787345699847,0.00013177644753082501,0.00013085879045258292,0.9969992091463248,0.018652914012634428,0.00013255969948991128,0.0001308660239951534,0.9999999999999997,-4.351315817696196e-06,1.1636733074165346e-05,0.01861161277744111,0.00017948255949292585,0.0001598405851128762,2.775557561562891e-16,-7.816285539604547e-06,1.4687708373702337e-05,0.018652318404868834,0.00014945766744044187,0.0001423571281395676,0.0,1.3749090748343444e-05,1.2932526905458845e-05,1.0067519061565722
3.378157615661621,0.018344657759690745,0.00014673257715733246,0.00016354401380340097,0.01833373911953085,0.00014414478508429848,0.00016438652648738047,1.2862191873997104,0.018555126494053525,0.00011774582029082381,0.0001221287785288551,4.996003610813202e-16,-4.351315817696196e-06,1.1636733074165346e-05,0.018337289082584342,0.00014541992748212315,0.00016312887114807578,0.9999999999999996,-7.816285539604547e-06,1.4687708373702337e-05,0.01848684970108692,0.0001367066013316376,0.00012693714228002514,0.0,1.3749090748343444e-05,1.2932526905458845e-05,1.293494986494914
3.3899741172790527,0.019155254689588275,0.00012427441313460005,0.00011326664123614133,0.019148401971690477,0.00012264170835462468,0.00011716363220920165,1.0095465163665658,0.019151851034303974,0.00012359597203245865,0.00011394171115117896,1.0,-4.351315817696196e-06,1.1636733074165346e-05,0.01911089077773534,0.00016018298806534312,0.00014415190337104672,5.551115123125783e-17,-7.816285539604547e-06,1.4687708373702337e-05,0.019145466801557653,0.00013619131506536347,0.00013678116408553237,5.551115123125783e-17,1.3749090748343444e-05,1.2932526905458845e-05,1.0000141922201926
3.401750087738037,0.018535224378242884,0.00014452777412999815,0.0001510281194612162,0.018534430108979646,0.00014426835035820026,0.00014742325311313878,1.1119045915751065,0.018566649304641178,0.00012642595992158612,0.00013590914120263295,0.3516827173808731,-4.351315817696196e-06,1.1636733074165346e-05,0.018507440029895662,0.00014329908510081132,0.00015344276442131807,0.6483172826191269,-7.816285539604547e-06,1.4687708373702337e-05,0.018525723676209273,0.00014806039831023743,0.00014591713581767196,0.0,1.3749090748343444e-05,1.2932526905458845e-05,1.1266349502015927
3.413484811782837,0.01881443677455936,0.0001295260037430801,0.00011651035314873617,0.01881229355402751,0.00013013464617777845,0.00011424674618417535,0.9971730780521604,0.018810540381355267,0.000128413864621979,0.00011666033336912504,0.9877779559940855,-4.351315817696196e-06,1.1636733074165346e-05,0.018889465064318933,0.00015310152187896636,0.00015889149945530825,0.0,-7.816285539604547e-06,1.4687708373702337e-05,0.018862303656226688,0.00014008454824855632,0.0001436835887668117,0.012222044005914609,1.3749090748343444e-05,1.2932526905458845e-05,1.0039259902045956
3.425176858901977,0.01856611991599745,0.00011632763936967119,0.0001252996689402354,0.018564355812695416,0.00011926155834954613,0.00012496314926331922,1.0012298272114075,0.018564391664887766,0.00011924360757354854,0.00012468111477823354,0.9999999999999996,-4.351315817696196e-06,1.1636733074165346e-05,0.01855040923273727,0.00018741192887043734,0.0001920753422555363,0.0,-7.816285539604547e-06,1.4687708373702337e-05,0.018601015408546,0.00016828571332121525,0.00013756917017825054,5.273559366969494e-16,1.3749090748343444e-05,1.2932526905458845e-05,0.9905814629213261
3.4368252754211426,0.018942942132603235,0.00012644380641982367,0.00012305194815315917,0.01894562852582512,0.00012978162556652115,0.00011997516976067213,1.007468802761487,0.01894457378092706,0.00012898574818477615,0.00011891949180142108,0.9999999999999999,-4.351315817696196e-06,1.1636733074165346e-05,0.018859504694665956,0.0001657752323993636,0.0001606778171744823,1.387778780781446e-16,-7.816285539604547e-06,1.4687708373702337e-05,0.018929960413994446,0.00014148127714750172,0.00013464365917069746,2.775557561562892e-17,1.3749090748343444e-05,1.2932526905458845e-05,1.0064158167325312
3.4484331607818604,0.018773156158462256,0.000126758977324639,0.0001357022282150594,0.018770377837777658,0.00013277333565924615,0.0001397547803403884,1.01452474120755,0.018769906656367727,0.0001322668432553048,0.00013635954398810018,0.9999999999999989,-4.351315817696196e-06,1.1636733074165346e-05,0.018765050784388535,0.00016619281169802033,0.00016287805102527947,1.0963452368173413e-15,-7.816285539604547e-06,1.4687708373702337e-05,0.01878040123344532,0.00014477067323318688,0.0001412126159259508,0.0,1.3749090748343444e-05,1.2932526905458845e-05,0.9770492327020717
3.460002899169922,0.018499460892702563,0.000147895092307615,0.000142422984137143,0.018496393217192528,0.00014579207700267036,0.0001438280390271586,1.0496740252818568,0.018498291593595367,0.00014733446889112975,0.00014132911446913463,0.9999999999999978,-4.351315817696196e-06,1.1636733074165346e-05,0.018480207999506212,0.00016283748117906088,0.0001666503303649064,6.10622663543836e-16,-7.816285539604547e-06,1.4687708373702337e-05,0.018506240812624912,0.0001424846880511317,0.00013342965207180368,1.4849232954361465e-15,1.3749090748343444e-05,1.2932526905458845e-05,1.0522036524647647
3.471534252166748,0.01864653934171931,0.00016038139594322723,0.00015674431472915973,0.01864252180976054,0.00016535111355735904,0.00015985407375384772,1.324164873239301,0.01853234886443864,0.00011953048951534456,0.0001260621809167431,0.3529279535754031,-4.351315817696196e-06,1.1636733074165346e-05,0.018699951727131067,0.0001318791829258946,0.00013542487862022723,0.6470720464245969,-7.816285539604547e-06,1.4687708373702337e-05,0.018630841999461342,0.00014690108249042905,0.0001365679769386799,0.0,1.3749090748343444e-05,1.2932526905458845e-05,1.2912669995991592
3.4830265045166016,0.018706866633801684,0.00013927685882638222,0.00014337037912268494,0.01870516208529498,0.00014127704392158033,0.00014534226739460268,1.0094608076010536,0.01870511071667379,0.00014034866853671057,0.0001435844065841782,1.0,-4.351315817696196e-06,1.1636733074165346e-05,0.018611095804250168,0.0001721117579012929,0.0001952337588945162,0.0,-7.816285539604547e-06,1.4687708373702337e-05,0.018664681081083524,0.00014512016563773475,0.00016317490728039521,5.551115123125783e-17,1.3749090748343444e-05,1.2932526905458845e-05,0.9954713371407182
3.494481325149536,0.018378552320817924,0.00011971276154418634,0.00012631256967020332,0.01837466866599782,0.00012004977468991693,0.00012818049582295418,1.0065930843354576,0.01837585830790749,0.000120098274685395,0.00012650611230654446,0.9999999999999988,-4.351315817696196e-06,1.1636733074165346e-05,0.01839304111623029,0.0001832633640813583,0.00016126209460002802,0.0,-7.816285539604547e-06,1.4687708373702337e-05,0.018394951515079295,0.00012933869778152668,0.00014485491464755543,1.3045120539345587e-15,1.3749090748343444e-05,1.2932526905458845e-05,0.9976518837129661
3.505899429321289,0.018568281672790652,0.00015431632100695175,0.0001470742681609523,0.018576103301970483,0.00015410865930006248,0.00014370214098080245,1.1180201010973183,0.01859832071784564,0.00013379949310511272,0.0001325738931949802,0.3272009568771741,-4.351315817696196e-06,1.1636733074165346e-05,0.018570755751103233,0.0001622356084389244,0.0001742943928857328,3.1536730692172116e-17,-7.816285539604547e-06,1.4687708373702337e-05,0.018565741779632418,0.00016569747833037815,0.00014751603416102502,0.6727990431228259,1.3749090748343444e-05,1.2932526905458845e-05,1.1314590896417902
3.5172793865203857,0.018564702813919698,0.00014189290850097694,0.00013000497050699722,0.018560860481305105,0.0001457790684938516,0.00013123082599156288,1.0138379428241273,0.018561566179579075,0.00014268600825697447,0.0001305429593961606,0.9999999999999987,-4.351315817696196e-06,1.1636733074165346e-05,0.01849515059175418,0.00016691522406318132,0.0001792523959478036,6.106226635438362e-16,-7.816285539604547e-06,1.4687708373702337e-05,0.01854778004129802,0.00014601400409140416,0.00014852042598606507,7.771561172376097e-16,1.3749090748343444e-05,1.2932526905458845e-05,0.9951283033545304
3.5286223888397217,0.01880552487162474,0.00012974782453712558,0.00012467870593153504,0.018802046478442636,0.00012842416374807958,0.00012196079400272897,0.9869740897069524,0.018804353405969344,0.00013012114058149477,0.00012356835376495928,0.9999999999999993,-4.351315817696196e-06,1.1636733074165346e-05,0.018865570922363253,0.00017082395552046534,0.00016623648852667067,0.0,-7.816285539604547e-06,1.4687708373702337e-05,0.01886435117407391,0.00014609629644246266,0.00012848061492581192,7.494005416219802e-16,1.3749090748343444e-05,1.2932526905458845e-05,1.0029052686005202
3.5399296283721924,0.018400081603619087,0.0001781697452449063,0.0001609825072009692,0.018392270087396,0.00017739440945912024,0.00016092362992360318,1.2605730257856063,0.018453105421604298,0.00012855919451760026,0.0001398251294860639,0.2153088798542856,-4.351315817696196e-06,1.1636733074165346e-05,0.018367465755545327,0.00017368312642823333,0.00017078035085293583,0.7846911201457145,-7.816285539604547e-06,1.4687708373702337e-05,0.01841018558439955,0.0001656457402101942,0.00014447887339967547,0.0,1.3749090748343444e-05,1.2932526905458845e-05,1.2636813036861467
3.5512008666992188,0.018690207856402047,0.00015138074165138224,0.00015553323794824034,0.018703951853610238,0.0001537096791082472,0.00015381864232815942,1.1385900633109767,0.018585119915604735,0.00012935310076521433,0.0001407426354843415,3.2346711204059463e-17,-4.351315817696196e-06,1.1636733074165346e-05,0.018779178279589543,0.00018313367444451611,0.0001670792304325,0.08402717844876395,-7.816285539604547e-06,1.4687708373702337e-05,0.01869859713994073,0.00014846071632199087,0.00014541738214542133,0.915972821551236,1.3749090748343444e-05,1.2932526905458845e-05,1.1363155296759235
3.5624349117279053,0.01845223510117258,0.00016010404608831144,0.00012685398851627894,0.01845066286197123,0.00015617616384054275,0.00013156010271722987,0.9950405265803474,0.018449899973618254,0.00015837775376409402,0.00013079264570358892,0.9999999999999981,-4.351315817696196e-06,1.1636733074165346e-05,0.018461565148070437,0.0001758519541644847,0.0001685215791477658,1.9489115415524065e-15,-7.816285539604547e-06,1.4687708373702337e-05,0.01847085200375661,0.00014930366618319535,0.00014484892792799436,0.0,1.3749090748343444e-05,1.2932526905458845e-05,0.9923492692641944
3.573633909225464,0.018692042480764875,0.00012791214090009453,0.00011760189834823451,0.018687977086268313,0.00012851361073079257,0.0001181255546632079,1.009977923685675,0.018686097700601936,0.00012585452492373458,0.0001183480062503621,0.9999999999999997,-4.351315817696196e-06,1.1636733074165346e-05,0.01871646053363074,0.00017052067104162544,0.00015730809935997694,1.3877787807814457e-16,-7.816285539604547e-06,1.4687708373702337e-05,0.01872355895834394,0.00013875072762229573,0.0001396737085896417,2.7755575615628914e-16,1.3749090748343444e-05,1.2932526905458845e-05,1.005370575267696
3.5847980976104736,0.018747224194505266,0.00016803808761338065,0.0001587414882648179,0.018744719165366283,0.00016968932946027568,0.00015832558008175082,1.1090727689849882,0.018768851899881422,0.00014908781636021468,0.0001466681689230795,0.7210621811421674,-4.351315817696196e-06,1.1636733074165346e-05,0.018642847246650156,0.0001633780605046209,0.00018376533710707035,0.27893781885783264,-7.816285539604547e-06,1.4687708373702337e-05,0.01873353203977693,0.0001492453082871971,0.00015741004035292605,0.0,1.3749090748343444e-05,1.2932526905458845e-05,1.1048959011436
3.5959274768829346,0.018716541727486047,0.0001464069638372617,0.0001547179044783381,0.018713520131376365,0.00014695454289514326,0.0001524383680157268,1.0055559471616697,0.018713186718415323,0.0001507846211912453,0.00015352412505316784,0.9999999999999981,-4.351315817696196e-06,1.1636733074165346e-05,0.01878181303761181,0.000165673224989938,0.00016584651018601917,2.805915222392485e-16,-7.816285539604547e-06,1.4687708373702337e-05,0.018736822109114905,0.0001502164712958963,0.00014752221918268998,1.4970663597679841e-15,1.3749090748343444e-05,1.2932526905458845e-05,1.011372985592066
3.607021331787109,0.018837644318493062,0.00012692718216624627,0.00014909871178975936,0.018836056305285353,0.0001226440401743134,0.00014962329556841847,0.9958830684871215,0.018834213744335283,0.00012179615019442674,0.00015159672529279494,0.9999999999999998,-4.351315817696196e-06,1.1636733074165346e-05,0.01884483291833257,0.00019674390568143185,0.00018640012474046425,0.0,-7.816285539604547e-06,1.4687708373702337e-05,0.018866483056449522,0.0001605955587380553,0.00016113770986795825,1.9428902930940235e-16,1.3749090748343444e-05,1.2932526905458845e-05,1.0096308964309753
3.6180808544158936,0.018450335474273733,0.00014060368913652865,0.00014102589135386173,0.018445682630599414,0.00013921750390115048,0.0001430585131635652,1.0026398288751945,0.018447497067081403,0.00014027031108318141,0.00014126250751767683,0.9999999999999977,-4.351315817696196e-06,1.1636733074165346e-05,0.018478479758507877,0.0001934964793837493,0.00016839585486362607,2.2690183065776625e-15,-7.816285539604547e-06,1.4687708373702337e-05,0.01848510670196938,0.00014619995548989517,0.00014776232108034554,0.0,1.3749090748343444e-05,1.2932526905458845e-05,1.0003436966603503
3.629106521606445,0.01876129926365398,0.000142349688103411,0.00013972675599339957,0.018759115708808824,0.00014220005092098129,0.00014046063672604192,1.0071925315338892,0.01875956477809455,0.00014067076765208672,0.00013997139240895864,0.9999999999999997,-4.351315817696196e-06,1.1636733074165346e-05,0.01866437749773906,0.0001918688060573992,0.00019368026224256957,1.2490009027033009e-16,-7.816285539604547e-06,1.4687708373702337e-05,0.018732256053777423,0.0001582331551970989,0.00017134448302607436,1.3877787807814454e-16,1.3749090748343444e-05,1.2932526905458845e-05,1.0051107219081168
3.640098571777344,0.0187448954700973,0.00013561062932319207,0.00014143904406777388,0.018740695651533613,0.00013391583989848937,0.00014226875894200047,1.009946839874212,0.018743466047923617,0.00013382771685383626,0.00013963677448007236,0.9920383597370348,-4.351315817696196e-06,1.1636733074165346e-05,0.018662957469575872,0.00017686754739018942,0.0001735255381742143,0.007961640262965197,-7.816285539604547e-06,1.4687708373702337e-05,0.018739379270661143,0.0001614679994335344,0.00018234930770626503,0.0,1.3749090748343444e-05,1.2932526905458845e-05,1.0131102288255762
3.651057481765747,0.018523463140541586,0.00013915603893489836,0.00014792872924948575,0.018540033621267084,0.00014148806609706743,0.00014691527181098438,1.0742576257883825,0.018430707583596245,0.00013687727228459817,0.00013159030102808528,3.5998024324198885e-16,-4.351315817696196e-06,1.1636733074165346e-05,0.01861492849863231,0.0001795784958414752,0.00018246692789356325,4.440892098500627e-16,-7.816285539604547e-06,1.4687708373702337e-05,0.018540276466146803,0.0001412173836005462,0.0001477870052794955,0.9999999999999992,1.3749090748343444e-05,1.2932526905458845e-05,1.0693461584279202
3.661986112594605,0.018486775868374654,0.0001877618515434762,0.00015246583681810186,0.018498754553443315,0.00019061983235462224,0.00015625893217974252,1.198314746820129,0.018596110092504444,0.0001382181953451002,0.00015125397000615576,0.0,-4.351315817696196e-06,1.1636733074165346e-05,0.018378342293921792,0.000187610713930364,0.0001956680852038227,0.17975918259877027,-7.816285539604547e-06,1.4687708373702337e-05,0.0185155506833158,0.0001731184179147409,0.00015506963820414998,0.8202408174012298,1.3749090748343444e-05,1.2932526905458845e-05,1.17533818130228
3.672884464263916,0.018960422502288677,0.00017624318272858874,0.0001842801305382627,0.01896227158025508,0.00017939812958209927,0.0001772403129932168,1.401231901440904,0.019043874573641345,0.00012509810097583937,0.00012941968598617626,0.0,-4.351315817696196e-06,1.1636733074165346e-05,0.018957415338462347,0.00017809686387301737,0.00018498527240792123,0.9999999999999998,-7.816285539604547e-06,1.4687708373702337e-05,0.01907562583320982,0.00016578787645256388,0.000170807438692272,2.0122792321330957e-16,1.3749090748343444e-05,1.2932526905458845e-05,1.4164955525118412
3.683750629425049,0.018994256821678955,0.00015764640713823025,0.00015763433643044625,0.018987256096941747,0.0001525237674622204,0.00016072300470330522,0.9896371887373531,0.01898918434427133,0.0001549470737857682,0.00016157980670180455,0.9999999999999989,-4.351315817696196e-06,1.1636733074165346e-05,0.019057954692341478,0.00018442447759350195,0.00016066699495895231,1.0824674490095274e-15,-7.816285539604547e-06,1.4687708373702337e-05,0.019034309050501498,0.00015905489420484087,0.00016095417948397417,0.0,1.3749090748343444e-05,1.2932526905458845e-05,0.9960630929133831
3.694584369659424,0.018703443357805737,0.0001355211192759359,0.00013827133945372785,0.01870202392710023,0.00013740135040880147,0.00013749860420946697,1.0045106484742474,0.018701650681910653,0.00013624290505197256,0.00013742264049083908,0.9999999999999989,-4.351315817696196e-06,1.1636733074165346e-05,0.01876573736158972,0.00017215086679064906,0.00018306243302496084,6.938893903907228e-16,-7.816285539604547e-06,1.4687708373702337e-05,0.018748296031991664,0.00014231654838217991,0.00015813650679738847,5.551115123125783e-16,1.3749090748343444e-05,1.2932526905458845e-05,1.000463752887125
3.70538592338562,0.018853593104584197,0.00015432152461426069,0.00013400436956498285,0.018847313652648766,0.00015529699571779215,0.00013777879236143153,1.0180426540203833,0.018850527336282428,0.0001559260699878079,0.00013195556927536947,0.9999999999999996,-4.351315817696196e-06,1.1636733074165346e-05,0.018946328316840726,0.00017705212824535577,0.0001737615177647943,0.0,-7.816285539604547e-06,1.4687708373702337e-05,0.018899431534330283,0.00016429411592910892,0.00016701781696815132,3.7470027081099023e-16,1.3749090748343444e-05,1.2932526905458845e-05,1.0015431860024253
3.716155529022217,0.018515479440305155,0.00015338807470036478,0.0001617099747151171,0.01851484494821421,0.00015874986639518446,0.00016759595749918713,1.089962618551133,0.018495704923387313,0.00014987760756185464,0.0001495324991151771,0.6376632237655702,-4.351315817696196e-06,1.1636733074165346e-05,0.018626764221197148,0.00017187116140318648,0.0001929310563550668,1.8168856718604745e-17,-7.816285539604547e-06,1.4687708373702337e-05,0.018567796807232393,0.00016727348525059568,0.0001742205709193874,0.3623367762344299,1.3749090748343444e-05,1.2932526905458845e-05,1.0523961696302138
3.726892709732056,0.018918944166463447,0.00020373538861900506,0.00020053095184416683,0.018918931625005096,0.00020039973658354457,0.0001945734944416265,1.3136853582177919,0.01875144255950896,0.00015199519906983552,0.00014866525097964253,0.27230371035620193,-4.351315817696196e-06,1.1636733074165346e-05,0.01897691018052148,0.0001813475677200395,0.00016786658762511786,0.7276962896437981,-7.816285539604547e-06,1.4687708373702337e-05,0.018873262961736734,0.00016406920257471327,0.00015533789354140598,0.0,1.3749090748343444e-05,1.2932526905458845e-05,1.3445943435415066
3.737598419189453,0.01862844131215512,0.00016229592897203104,0.00015578948221999303,0.01862744238956886,0.0001559870286415646,0.00015551799091468102,0.9831540788028671,0.018625327832575124,0.00016051145882115675,0.00015633106492196625,1.0,-4.351315817696196e-06,1.1636733074165346e-05,0.018495353553003725,0.00020083553815505514,0.0002038045708535642,8.326672684688674e-17,-7.816285539604547e-06,1.4687708373702337e-05,0.01859382024662339,0.00018576961308015838,0.0001778289375483251,0.0,1.3749090748343444e-05,1.2932526905458845e-05,1.003922729292198
3.748273134231568,0.018681893112145964,0.00021900397602253943,0.00018036883800213663,0.018683805872774115,0.00022343395313998565,0.00018413098364872954,1.288717804820578,0.01882875923869151,0.0001570477997522579,0.00015920835443772666,1.696363567740709e-17,-4.351315817696196e-06,1.1636733074165346e-05,0.0185878612364904,0.0002213631492089703,0.00019911219537498484,0.4419340792153927,-7.816285539604547e-06,1.4687708373702337e-05,0.018742491519906826,0.00016876000692544676,0.000166885763525651,0.5580659207846074,1.3749090748343444e-05,1.2932526905458845e-05,1.2628143633997422
3.7589168548583984,0.018463011420866534,0.00015354673047702008,0.00015849292811512955,0.018460386173363527,0.00015698390370395138,0.00015896678672689193,1.0006444448799614,0.018461569754230415,0.00015771326755695259,0.00015803394120184402,0.9999999999999998,-4.351315817696196e-06,1.1636733074165346e-05,0.018502521331993642,0.00021347801066185293,0.00019391934327508617,0.0,-7.816285539604547e-06,1.4687708373702337e-05,0.018504499395144883,0.00017353818862620926,0.00017000205341332827,1.9428902930940235e-16,1.3749090748343444e-05,1.2932526905458845e-05,0.9882578529158773
3.769530057907105,0.01861975296940252,0.0001505744330503947,0.00014922132527220647,0.018617247940263537,0.00014866661252686472,0.00014947369702720745,0.9997472089949316,0.018618975874002124,0.00015058963324230193,0.00014762606255723856,0.9999999999999998,-4.351315817696196e-06,1.1636733074165346e-05,0.01857730853614544,0.00017599213474447234,0.0001708614916425752,0.0,-7.816285539604547e-06,1.4687708373702337e-05,0.018636884556952813,0.00017811803176054353,0.00016375797282403015,1.6653345369377348e-16,1.3749090748343444e-05,1.2932526905458845e-05,1.0052983881979263
3.7801127433776855,0.018592350934543173,0.00016667232302215035,0.0001490770277446686,0.018608175701719257,0.0001680611272112907,0.00014704104677337043,1.0343009964637826,0.018538338287663072,0.00016144216366680356,0.00014321013296829388,8.326672684688674e-17,-4.351315817696196e-06,1.1636733074165346e-05,0.018594613133655083,0.00019207042759765772,0.00018943918698191217,1.1102230246251565e-16,-7.816285539604547e-06,1.4687708373702337e-05,0.01860662454376001,0.00016624810115905414,0.00015039879595488484,0.9999999999999998,1.3749090748343444e-05,1.2932526905458845e-05,1.0364253092928861
3.7906651496887207,0.018560176250386206,0.0001612598453727722,0.00015202761887480806,0.01855808679012617,0.00015935020507408526,0.00015233567405329926,0.9986858013774722,0.01855832594700693,0.00015992678435518617,0.0001521692509518953,1.0,-4.351315817696196e-06,1.1636733074165346e-05,0.018656384353214546,0.00018722656577992158,0.00020331736801552577,0.0,-7.816285539604547e-06,1.4687708373702337e-05,0.018619831612766646,0.00018316925368727643,0.0001836133278797468,2.7755575615628914e-17,1.3749090748343444e-05,1.2932526905458845e-05,1.0038175074519178
3.801187515258789,0.01851626239719262,0.00014271206418329727,0.00014887135748952243,0.018514869552525764,0.00014727938998429502,0.0001477850257759171,1.0167244031529858,0.018516960293492056,0.00014451314874363436,0.00014569766437856624,0.9999999999999996,-4.351315817696196e-06,1.1636733074165346e-05,0.018456749900558983,0.00020007020745072338,0.00018516617550250886,3.469446951953614e-16,-7.816285539604547e-06,1.4687708373702337e-05,0.018528753249006172,0.0001723993988514312,0.00017252830377277942,1.1102230246251565e-16,1.3749090748343444e-05,1.2932526905458845e-05,1.0047296947203725
3.811679601669312,0.018686742605524564,0.0001585045564251146,0.00017401003438281132,0.018706391538855505,0.00016503843008014094,0.0001706411427041185,1.16666758776235,0.018602555660421016,0.00014238176759127918,0.00014534335334748585,0.0,-4.351315817696196e-06,1.1636733074165346e-05,0.018778607952978404,0.00019630152321180663,0.0002064920926800294,0.0,-7.816285539604547e-06,1.4687708373702337e-05,0.01870370880049815,0.00016256820794957605,0.00017242054950052793,1.0,1.3749090748343444e-05,1.2932526905458845e-05,1.1556675681394297
3.8221421241760254,0.01857846299456074,0.00016352670391735213,0.00019177897199812097,0.0185738701454348,0.0001681012768550462,0.0001900237566020875,1.0223386679560298,0.01857396774741521,0.0001631513127981661,0.0001919117438280056,0.9999999999999996,-4.351315817696196e-06,1.1636733074165346e-05,0.01853889153557866,0.00019735219900076512,0.00019934948058010493,1.8041124150158794e-16,-7.816285539604547e-06,1.4687708373702337e-05,0.018584534303904044,0.00017295443470714128,0.00017734536777723117,2.7755575615628914e-16,1.3749090748343444e-05,1.2932526905458845e-05,1.0142902547920334
3.8325753211975098,0.01901760430393348,0.00016711925104786335,0.00016566715874285,0.01903485033370651,0.00016625130660137197,0.00016405082271209181,1.0129310973434649,0.018952856569984862,0.00017201986925923993,0.00015406561689053008,3.0531133177191805e-16,-4.351315817696196e-06,1.1636733074165346e-05,0.01908464567853643,0.0001760905226038459,0.0001793164595188558,1.3097162243624894e-16,-7.816285539604547e-06,1.4687708373702337e-05,0.019035153517013164,0.00016642715689641624,0.0001631676408103723,0.9999999999999997,1.3749090748343444e-05,1.2932526905458845e-05,1.0205495918265606
3.842979431152344,0.01841501000413852,0.00014172474172042746,0.00014402612271740764,0.01841058933457599,0.00014038371804452054,0.00014375752664633895,0.9970810589256354,0.018411815243537185,0.00014137113307638102,0.00014360193119687323,0.9999999999999999,-4.351315817696196e-06,1.1636733074165346e-05,0.01832758921081997,0.00020862018743837002,0.0001883563841512982,1.0408340855860844e-16,-7.816285539604547e-06,1.4687708373702337e-05,0.01839150383387969,0.00017365380142039463,0.00017613398981525946,2.775557561562892e-17,1.3749090748343444e-05,1.2932526905458845e-05,1.002729381341933
3.8533549308776855,0.018591566153061075,0.00014822466223356895,0.00015337581015762228,0.018590444896299716,0.00014871397478887632,0.0001539942746314575,1.0111879200174918,0.018588080020499338,0.0001464922125600683,0.00015286683181528135,0.9291831369708209,-4.351315817696196e-06,1.1636733074165346e-05,0.018658321954745163,0.00021149501707012908,0.00019974318707301209,7.974916842352908e-16,-7.816285539604547e-06,1.4687708373702337e-05,0.018628569808758353,0.00015885857780721657,0.00016762194245882947,0.07081686302917833,1.3749090748343444e-05,1.2932526905458845e-05,1.0074874237406743
3.863701343536377,0.01915192491297648,0.0001943173071022493,0.00019563147446619022,0.019165452679804348,0.00019225325255712092,0.00018857931913262432,1.2651593999712714,0.019071925769172694,0.00015072486448887076,0.00015029062154268621,0.0,-4.351315817696196e-06,1.1636733074165346e-05,0.019231431580878755,0.00021107693216337528,0.00021211545516696198,0.0,-7.816285539604547e-06,1.4687708373702337e-05,0.019166688822451608,0.00019197234476555497,0.00019059025367917579,1.0,1.3749090748343444e-05,1.2932526905458845e-05,1.2954442534147868
3.8740196228027344,0.01840590763628452,0.00018048031602138984,0.00015660517499973062,0.01840172699751284,0.00017880470638869175,0.00015603727819266458,0.9993918798414042,0.018402618777030116,0.00017977109758686785,0.00015527463505856168,0.9999999999999998,-4.351315817696196e-06,1.1636733074165346e-05,0.018381841113622385,0.00024032390671024223,0.00022381135022961351,1.3877787807814454e-16,-7.816285539604547e-06,1.4687708373702337e-05,0.01840954505252523,0.0002134291925777916,0.00019618028928865966,0.0,1.3749090748343444e-05,1.2932526905458845e-05,1.0060879998667214
3.8843095302581783,0.018891981895062793,0.0001642750965760581,0.0001400203385734447,0.018888279814191077,0.0001630411614590814,0.0001433907041235201,1.0093689750432437,0.018889242071218795,0.0001630207597293383,0.00014056680156802892,0.9999999999999996,-4.351315817696196e-06,1.1636733074165346e-05,0.018912608283990343,0.00020116860397900033,0.00018004111472205014,5.48172618408671e-16,-7.816285539604547e-06,1.4687708373702337e-05,0.01891108305310709,0.00017778375316984674,0.00017534641941381948,0.0,1.3749090748343444e-05,1.2932526905458845e-05,1.0023316958346729
3.89457368850708,0.018671058044512905,0.0001804899060022236,0.00017965038687374826,0.0186860586415653,0.00017916682569314377,0.00018071555923251242,1.0630060077191412,0.018606305399420868,0.0001742070131989966,0.00016434458699171595,1.3739009929736312e-15,-4.351315817696196e-06,1.1636733074165346e-05,0.018716200028053395,0.00020776199562794542,0.00020062302020748546,9.575673587391975e-16,-7.816285539604547e-06,1.4687708373702337e-05,0.018683653103874473,0.00017684433509205025,0.00018145088320977235,0.9999999999999977,1.3749090748343444e-05,1.2932526905458845e-05,1.0637678057734714
3.9048123359680176,0.018434310433915423,0.00017251574044510262,0.0001833093007211975,0.018433922560420084,0.00017507018413372155,0.00018022824433810286,0.9963839158042925,0.018432051611469408,0.0001733441210832569,0.0001832437591867929,0.9999999999999998,-4.351315817696196e-06,1.1636733074165346e-05,0.01831893499462514,0.00021481628637920122,0.000218385035533019,0.0,-7.816285539604547e-06,1.4687708373702337e-05,0.018399850460682446,0.00018669889903720135,0.00018726796414954283,2.220446049250313e-16,1.3749090748343444e-05,1.2932526905458845e-05,0.9978607262165726
3.9150240421295166,0.01865623143997957,0.0001482844826851959,0.00015522038453448517,0.018653726410840586,0.00014863069667239714,0.00015547172413523866,0.9989373698529822,0.018653288243111188,0.0001496235379957779,0.00015480237496450291,1.0,-4.351315817696196e-06,1.1636733074165346e-05,0.018555627960775273,0.00021183628989149966,0.00022158809414523153,0.0,-7.816285539604547e-06,1.4687708373702337e-05,0.018647780902911082,0.00017690267711430174,0.00018331812906698455,0.0,1.3749090748343444e-05,1.2932526905458845e-05,0.996974483112678
3.9252078533172607,0.0186423817108453,0.0001925497874359118,0.00019444776949607487,0.018637896382568745,0.0001940818385055762,0.00019127567251955857,1.1641692461675306,0.01853764503914069,0.00016274828623993182,0.00016988232096008804,0.37335113899474415,-4.351315817696196e-06,1.1636733074165346e-05,0.01869453572904657,0.00018211221036423808,0.00018865450630156308,0.6266488610052557,-7.816285539604547e-06,1.4687708373702337e-05,0.018614262113823818,0.00016260389761276264,0.0001684111264430091,1.8240854519121358e-16,1.3749090748343444e-05,1.2932526905458845e-05,1.1691238427497557
3.9353644847869873,0.018791907099509193,0.000175416633183198,0.00019176765858775618,0.01879150739051232,0.0001775219533253075,0.00019103975854686817,1.005076131752492,0.018790785915612312,0.00017615368553927646,0.00019054660733260412,1.0,-4.351315817696196e-06,1.1636733074165346e-05,0.018750353413167387,0.000215697440793413,0.00021007744664624378,0.0,-7.816285539604547e-06,1.4687708373702337e-05,0.018832466467177917,0.0002009522975871987,0.0001989000813268152,8.326672684688674e-17,1.3749090748343444e-05,1.2932526905458845e-05,1.0013198759545106
3.9454941749572754,0.018420564011509342,0.00016368874661840116,0.0001708770017477823,0.018418454610716777,0.00016055965969566724,0.0001704813734013655,0.9976072592728307,0.018418454610716777,0.00016124261623284147,0.00017059241205106754,1.0,-4.351315817696196e-06,1.1636733074165346e-05,0.018461528264621097,0.00017916322480059088,0.00021272227173675662,2.7755575615628914e-17,-7.816285539604547e-06,1.4687708373702337e-05,0.0184520951884245,0.00017992674144855572,0.0001764974066115789,0.0,1.3749090748343444e-05,1.2932526905458845e-05,1.0082291495759095
3.955596923828125,0.01879798647128608,0.0001558636828069039,0.00016481153177782745,0.018793808912542693,0.00015419115320250074,0.00016654944508972397,1.0121685125882967,0.018794034885600157,0.00015342498970382507,0.00016345959453603967,0.9999999999999992,-4.351315817696196e-06,1.1636733074165346e-05,0.018741495818009088,0.00022250568583696492,0.00018850215146514956,3.469446951953614e-17,-7.816285539604547e-06,1.4687708373702337e-05,0.01879092395506155,0.0001689670914928193,0.00016451940381907726,8.881784197001252e-16,1.3749090748343444e-05,1.2932526905458845e-05,1.0119621797127163
3.965672731399536,0.018601939745596936,0.0001826035826567908,0.00019361406348515978,0.018596826024202397,0.0001784834458443893,0.0001935145924215273,0.9919709955367884,0.018599453404619853,0.00018242383685538113,0.00019360233352589545,1.0,-4.351315817696196e-06,1.1636733074165346e-05,0.01867204319299754,0.00023234613598165088,0.0002313556381495635,0.0,-7.816285539604547e-06,1.4687708373702337e-05,0.018631844186303523,0.0001872988044411758,0.0001877101826558876,0.0,1.3749090748343444e-05,1.2932526905458845e-05,1.0032230135449376
3.975722312927246,0.018260134749949846,0.0001995630024732506,0.00020660112237152334,0.01827361931301103,0.00021255080421149833,0.00020790871224498145,1.292270442086979,0.018449178201263256,0.00016551292296796555,0.00015985203374918253,2.0312545303758677e-17,-4.351315817696196e-06,1.1636733074165346e-05,0.01815233482927352,0.0002164514340474849,0.000203371013941335,0.2993270030281657,-7.816285539604547e-06,1.4687708373702337e-05,0.018321917120010744,0.00019607869149853435,0.00017906878679750313,0.7006729969718343,1.3749090748343444e-05,1.2932526905458845e-05,1.248333959941075
3.9857451915740967,0.018563794793880727,0.00019270807134649445,0.00021641066438501944,0.018581135522081793,0.00019537228668059167,0.00021578263819229185,1.1764808490530674,0.01850403789981028,0.00018445335199975682,0.00016502528609606618,2.2005184425398532e-16,-4.351315817696196e-06,1.1636733074165346e-05,0.018592954399603928,0.00021996420992359197,0.00024400666704644733,2.7755575615628914e-17,-7.816285539604547e-06,1.4687708373702337e-05,0.018580017784306506,0.00018827903395893936,0.0002151231545457384,0.9999999999999998,1.3749090748343444e-05,1.2932526905458845e-05,1.1706544868111173
3.9957423210144034,0.01874731947958054,0.00017985874706609797,0.00018617269492588254,0.018754238036410957,0.0001784205046806986,0.00019118120397536645,1.1086972192533653,0.01870004409048525,0.00015739493219746326,0.00017597084363172796,0.25746443809639885,-4.351315817696196e-06,1.1636733074165346e-05,0.018838308152399553,0.0002056151516331324,0.00020187605307743842,2.6894990141218544e-17,-7.816285539604547e-06,1.4687708373702337e-05,0.018775487942921554,0.00018159449349132786,0.00018596640402823716,0.7425355619036011,1.3749090748343444e-05,1.2932526905458845e-05,1.0979874616149152
4.005712985992432,0.018733134737847566,0.00018615640039766623,0.00017645331039153542,0.018731166772814462,0.00018302974936254546,0.00017510349814442439,0.9911541090551925,0.018730215533189737,0.0001858104145412258,0.0001755191145754488,0.9999999999999998,-4.351315817696196e-06,1.1636733074165346e-05,0.018776909295380735,0.00021972140867772272,0.00022369092190375334,0.0,-7.816285539604547e-06,1.4687708373702337e-05,0.018767531256843717,0.00021042950752819464,0.00021121401707392684,1.9428902930940235e-16,1.3749090748343444e-05,1.2932526905458845e-05,1.0035429755095209
4.015658378601074,0.01849062276975707,0.0001697765701384503,0.00016845936966824668,0.018485867491414235,0.0001686654306679823,0.00017007765551703413,1.0074175460921806,0.018485348031596932,0.00016703795703593843,0.00016921098710744736,1.0,-4.351315817696196e-06,1.1636733074165346e-05,0.01847991147562686,0.00021839002219107076,0.0002222285586701428,0.0,-7.816285539604547e-06,1.4687708373702337e-05,0.01849780322267633,0.000164405103914321,0.00018654874028350976,0.0,1.3749090748343444e-05,1.2932526905458845e-05,1.005909299338837
4.025578022003174,0.018560237279871498,0.00019157101234529295,0.000202026117039341,0.01856600891466046,0.00019727039363695228,0.00020294713031052472,1.0408622020604936,0.018537771831379078,0.00019358977450101636,0.00019091599692118086,0.55783873477776,-4.351315817696196e-06,1.1636733074165346e-05,0.018684581774950176,0.0002161913547965022,0.00021859393739964011,3.9834265443475236e-17,-7.816285539604547e-06,1.4687708373702337e-05,0.018609330964010483,0.00019840130268245285,0.00019698862617861107,0.4421612652222399,1.3749090748343444e-05,1.2932526905458845e-05,1.0236442691843348
4.0354719161987305,0.01910335471046237,0.00021205439578975485,0.00021437749469652503,0.019109677668223763,0.00021632099502850652,0.0002121657893238739,1.2430853766515186,0.018925281779750072,0.00016917251271571926,0.00017552367018572324,0.0,-4.351315817696196e-06,1.1636733074165346e-05,0.019193069203251492,0.00022036724670798646,0.00018779703003626164,0.41157488207769893,-7.816285539604547e-06,1.4687708373702337e-05,0.019058628693598874,0.00018796915949576692,0.00019105779278225446,0.588425117922301,1.3749090748343444e-05,1.2932526905458845e-05,1.237123912707231
4.0453410148620605,0.018970777259044492,0.0002112175360475567,0.00021915794598629731,0.018968194590431857,0.00021396986583209834,0.00022176492907324472,1.2240301798397244,0.018895073311704258,0.0001741515998214191,0.00018183210228174193,0.5356910625627613,-4.351315817696196e-06,1.1636733074165346e-05,0.01906779665262911,0.00022868939681952583,0.0002065045302662126,0.46430893743723867,-7.816285539604547e-06,1.4687708373702337e-05,0.019000541561674765,0.00020277778956175052,0.00018427245983557855,1.2806248777890407e-16,1.3749090748343444e-05,1.2932526905458845e-05,1.2089752409764392
4.055184841156006,0.018619261101220887,0.00024008537260628363,0.00021109567680009308,0.01861576149339557,0.0002390287889073063,0.00021209025548642874,1.3544262688163027,0.018738648989745997,0.00016439112128800726,0.00016867909063869244,0.3614902607055318,-4.351315817696196e-06,1.1636733074165346e-05,0.018524154498755583,0.00021446980998420656,0.0002104853317891793,0.6385097392944682,-7.816285539604547e-06,1.4687708373702337e-05,0.01867895415382093,0.00017939560202029706,0.00018921384626621393,0.0,1.3749090748343444e-05,1.2932526905458845e-05,1.3546124308038396
4.065003871917725,0.018464290176744225,0.00024095255203566632,0.00021230094593800014,0.018462602822531746,0.00023593003154366923,0.0002131181238253857,1.181312861947358,0.01852275566673271,0.00020389130793947025,0.00017623504963595882,0.5956414397813271,-4.351315817696196e-06,1.1636733074165346e-05,0.018351734963569497,0.00023431788032264242,0.00023988148426869887,0.40435856021867284,-7.816285539604547e-06,1.4687708373702337e-05,0.018485821517833678,0.00019488923261565955,0.00020360090190171126,0.0,1.3749090748343444e-05,1.2932526905458845e-05,1.19237587433996
4.074798107147217,0.018604613302643354,0.00016723522980455902,0.0001557606094967183,0.01859991401601442,0.00016884464464138327,0.0001579548669866683,1.0073821782156758,0.018599313802362495,0.0001673306507087649,0.0001570740476222049,1.0,-4.351315817696196e-06,1.1636733074165346e-05,0.018480924246830586,0.00021110967193279512,0.00022831309548226875,0.0,-7.816285539604547e-06,1.4687708373702337e-05,0.01857542979259935,0.0001831244033814322,0.00020171575694903632,0.0,1.3749090748343444e-05,1.2932526905458845e-05,0.9956570942500497
4.084568023681641,0.0191607689634523,0.00016686705739788615,0.00020649559212285173,0.019157470518601293,0.00016818191605756996,0.0002064750595850498,1.0074449560324856,0.019157267698427842,0.0001691658936637322,0.00020272239005758586,0.9999999999999998,-4.351315817696196e-06,1.1636733074165346e-05,0.019031350684554922,0.00022361170528328173,0.00024509613694661744,1.9428902930940235e-16,-7.816285539604547e-06,1.4687708373702337e-05,0.0191394572416603,0.00019849104635651788,0.00021363940735466547,0.0,1.3749090748343444e-05,1.2932526905458845e-05,1.0039645395242531
4.094313144683838,0.018554546494692688,0.0002446455572920614,0.00025451208421669105,0.01854704158703675,0.00024582010315476327,0.0002556297945173064,1.5265163372981874,0.018859633600289548,0.00015831001055022914,0.0001701829674938815,0.09726293440890353,-4.351315817696196e-06,1.1636733074165346e-05,0.01851934090104097,0.00022737814416446886,0.0002314736276447099,0.9027370655910963,-7.816285539604547e-06,1.4687708373702337e-05,0.018795460381092526,0.00019503381435883801,0.00018458657474286835,0.0,1.3749090748343444e-05,1.2932526905458845e-05,1.5195382393888635
4.104034423828125,0.018759578338691203,0.00021239612016516266,0.00020490708546650263,0.01877467824196203,0.00021546045062547856,0.00020163830253788415,1.0655205023084955,0.018664751283005078,0.00020011134986364434,0.000191339356396536,0.0,-4.351315817696196e-06,1.1636733074165346e-05,0.01883184948340593,0.0002459584545137089,0.00023681130671929923,0.0,-7.816285539604547e-06,1.4687708373702337e-05,0.018775137161196755,0.00021419629258265238,0.00020462819139945715,1.0,1.3749090748343444e-05,1.2932526905458845e-05,1.0660427965974901
4.113731384277344,0.018824862352437056,0.00020864160019747405,0.0002192036658461155,0.018822357323298074,0.0002118696569505217,0.00021346751802732433,1.0002810424660458,0.018822064514414014,0.00020788514198119556,0.0002173325287738552,1.0,-4.351315817696196e-06,1.1636733074165346e-05,0.018689832960410265,0.0002468042999146207,0.0002519663525990916,0.0,-7.816285539604547e-06,1.4687708373702337e-05,0.018799094695096698,0.00020470465694393328,0.0002482709338588879,0.0,1.3749090748343444e-05,1.2932526905458845e-05,1.0061794122616612
4.123404502868652,0.018782615133687983,0.00016855954840865744,0.00016945381014767114,0.018778311216318753,0.0001664436965403103,0.0001703731523831839,1.0001780040166557,0.018779815881686212,0.00016773980027869756,0.00016901710456309824,1.0,-4.351315817696196e-06,1.1636733074165346e-05,0.018673841893394643,0.00022697879859124095,0.000207536117876779,7.979727989493313e-17,-7.816285539604547e-06,1.4687708373702337e-05,0.018763732135655957,0.00019728509075726125,0.00017804470757984067,0.0,1.3749090748343444e-05,1.2932526905458845e-05,1.0037310406897908
4.13305139541626,0.018461041256196683,0.00019554218725430228,0.00019820980228667934,0.0184585362270577,0.0001983504548833774,0.00019737061685700177,1.0095896617320268,0.01845978481605135,0.00019570598847377246,0.00019625629753209847,0.9999999999999993,-4.351315817696196e-06,1.1636733074165346e-05,0.018492700718769517,0.0002410471922743261,0.000247437299346686,0.0,-7.816285539604547e-06,1.4687708373702337e-05,0.018503541816229853,0.00021673464472150503,0.00019066483053876981,6.661338147750935e-16,1.3749090748343444e-05,1.2932526905458845e-05,1.004566009534611
4.142673492431641,0.01870321325411612,0.0002091418507385416,0.00018320480066323294,0.018699760164718082,0.0002023062032609109,0.00018298817281967722,0.9998785504221083,0.01870123222946617,0.00020074916569276166,0.00018459200991094785,0.9999999999999998,-4.351315817696196e-06,1.1636733074165346e-05,0.01868927502641953,0.00023988442466494828,0.00022876882285675568,1.249000902703301e-16,-7.816285539604547e-06,1.4687708373702337e-05,0.01870967626371981,0.00022105006980683087,0.00019855996952447205,1.1102230246251565e-16,1.3749090748343444e-05,1.2932526905458845e-05,1.01817993051765
4.1522722244262695,0.018834697098900798,0.00020558940206113346,0.0001977829310828294,0.01884720997024531,0.00020817520237466358,0.0001965967045711274,1.1603630699125538,0.018717986873536208,0.00017009333661596043,0.00017873878105587743,0.0,-4.351315817696196e-06,1.1636733074165346e-05,0.018937379416514584,0.00022388287562943865,0.0002108160268566965,0.3083509096656427,-7.816285539604547e-06,1.4687708373702337e-05,0.018815060463531586,0.00020169150979823525,0.00017415787362244292,0.6916490903343573,1.3749090748343444e-05,1.2932526905458845e-05,1.1563508997856484
4.1618475914001465,0.018797633147545196,0.00020863543118856617,0.00018653467433210613,0.018795081137344998,0.0002088136438278057,0.00018590074113934013,1.0000958702998008,0.01879565192276025,0.00020857115955678907,0.00018610538765145151,1.0,-4.351315817696196e-06,1.1636733074165346e-05,0.018837006472444275,0.0002505548112289556,0.00024010965395100323,0.0,-7.816285539604547e-06,1.4687708373702337e-05,0.018825690954063834,0.00022675792000690156,0.00021095607124794677,0.0,1.3749090748343444e-05,1.2932526905458845e-05,1.0012505387409587
4.17140007019043,0.019091796297321675,0.00019712322124712175,0.00019700258330716466,0.019087420496758257,0.00019542832431035384,0.0002001400950179498,1.001259634049674,0.019086050199857887,0.00019540729461358514,0.00019966348011483948,0.9999999999999998,-4.351315817696196e-06,1.1636733074165346e-05,0.01902530290358155,0.0002796123998019748,0.0002799204842071773,0.0,-7.816285539604547e-06,1.4687708373702337e-05,0.019111513208466886,0.0002387363420978672,0.00021276510474508778,3.0548574292111154e-16,1.3749090748343444e-05,1.2932526905458845e-05,0.9976080990177323
4.180929660797119,0.01879278355862695,0.00020073949574160935,0.00019683443775184856,0.01879225512730266,0.0002016277432331237,0.0001995987133736818,1.0527144190871953,0.018790813174949572,0.00020169750651452892,0.0002006542500264108,0.9999999999999997,-4.351315817696196e-06,1.1636733074165346e-05,0.018757944651244245,0.0002338541347596708,0.0002456365038664421,0.0,-7.816285539604547e-06,1.4687708373702337e-05,0.01880864491323865,0.00019525322183367236,0.00018588191731898351,3.885780586188047e-16,1.3749090748343444e-05,1.2932526905458845e-05,1.0431311433979793
4.190435886383057,0.018927260834552644,0.00021578020468128803,0.00019110363027361257,0.018926569018803404,0.00021522914313945596,0.00019271836481992224,1.0039443253811746,0.01892439943743095,0.00021547699618211513,0.00019086775585828303,0.9999999999999989,-4.351315817696196e-06,1.1636733074165346e-05,0.018888649318459835,0.00024696934073405175,0.0002575989014125882,1.3010426069826056e-16,-7.816285539604547e-06,1.4687708373702337e-05,0.018930736760055644,0.0002278412825905858,0.00021040035698910442,9.99200722162641e-16,1.3749090748343444e-05,1.2932526905458845e-05,1.0013266639025002
4.199919700622559,0.018936783155572155,0.00023113634257253962,0.00023278094176025846,0.018950957167115798,0.0002344713757157224,0.00023749637903048779,1.1326017958122963,0.0188836141188152,0.00020267998691155323,0.00021403112593611565,0.0,-4.351315817696196e-06,1.1636733074165346e-05,0.018989492537755042,0.00023726570722426912,0.0002483985646256383,0.0,-7.816285539604547e-06,1.4687708373702337e-05,0.01895023774629974,0.00023424576189223084,0.00023467126488471712,1.0,1.3749090748343444e-05,1.2932526905458845e-05,1.1132827276012331
4.209381103515625,0.018791517536676232,0.00020620728976694647,0.0001933202538045263,0.0187876907181354,0.00020573686266246727,0.00019464204320637432,0.9994953724970139,0.018788749142594506,0.00020698837920218177,0.0001935926708817072,0.9999999999999997,-4.351315817696196e-06,1.1636733074165346e-05,0.01872787824300491,0.00024734647113559133,0.0002242314701248714,0.0,-7.816285539604547e-06,1.4687708373702337e-05,0.018749808648447677,0.00019869625236713928,0.0002173738235744481,3.330669073875469e-16,1.3749090748343444e-05,1.2932526905458845e-05,0.9973700540447543
4.218820095062256,0.01885104845019841,0.0002543007619020647,0.0002477388553521892,0.018850404611351863,0.0002476958980563021,0.00025730730388656003,1.2537968423409005,0.01903487528261745,0.0002104546157649656,0.0001923245147040474,1.4522374454459208e-17,-4.351315817696196e-06,1.1636733074165346e-05,0.018743383845899998,0.0002682584662001518,0.0002565852744514166,0.4396487774166452,-7.816285539604547e-06,1.4687708373702337e-05,0.018931357391017103,0.00020236266517520765,0.0002263769375204401,0.5603512225833548,1.3749090748343444e-05,1.2932526905458845e-05,1.2464390016177298
4.228237152099609,0.01883836132154358,0.00021944795903709735,0.0002081919191545059,0.01884091228146528,0.00021703286587541892,0.0002092649872825897,1.023202884173366,0.018854536748698768,0.00019914001662118402,0.00021749079995671272,0.6290864792913932,-4.351315817696196e-06,1.1636733074165346e-05,0.01870485936858171,0.0002700500816926188,0.0002586788357941544,2.233456475320139e-17,-7.816285539604547e-06,1.4687708373702337e-05,0.018809528795780902,0.00022633414359035306,0.00021242119802869497,0.37091352070860684,1.3749090748343444e-05,1.2932526905458845e-05,1.0264240214013265
4.2376322746276855,0.019177200454618338,0.00020143660561057486,0.00020154070679631597,0.019173888028634446,0.00020180440326862323,0.00020611679248865034,1.0068154779104828,0.01917359367018147,0.0001998400403906593,0.00020531979744165332,0.9999999999999993,-4.351315817696196e-06,1.1636733074165346e-05,0.01906617148685008,0.00024983063958881196,0.0002806333697378989,0.0,-7.816285539604547e-06,1.4687708373702337e-05,0.01915862867885349,0.00024796086222017913,0.00023345089534595673,6.10622663543836e-16,1.3749090748343444e-05,1.2932526905458845e-05,0.9946131743040012
4.247005462646484,0.019081535753856054,0.0002029320072848527,0.0002062580561867991,0.01907983313508903,0.00020968078567973683,0.00019951673553992785,1.001532289601616,0.019078698798282803,0.00020559514901224984,0.0002029763223902678,0.9999999999999984,-4.351315817696196e-06,1.1636733074165346e-05,0.019043329537253344,0.0002986360391886607,0.00027186372566194786,1.6098233857064762e-15,-7.816285539604547e-06,1.4687708373702337e-05,0.019098529689861872,0.00024645264307475434,0.00020972568447272244,0.0,1.3749090748343444e-05,1.2932526905458845e-05,1.0015140363741273
4.256356716156006,0.019184117624165973,0.00018743808003489001,0.0001818836856418149,0.019177756557573526,0.00018358204258142607,0.00018407177107683179,1.0075696802955203,0.019178592112698283,0.00018455344126024412,0.00018033825888542215,1.0,-4.351315817696196e-06,1.1636733074165346e-05,0.019061237315528445,0.00023658275234123005,0.00023247269757216416,0.0,-7.816285539604547e-06,1.4687708373702337e-05,0.019161577055157558,0.00019761790459374082,0.0002078829208505724,0.0,1.3749090748343444e-05,1.2932526905458845e-05,1.0121407681492074
4.26568603515625,0.019434306362967002,0.00022414151629463613,0.0002122930813670161,0.019430488941017492,0.00022054735646599016,0.0002136054741775431,1.005229556591207,0.01943105905283815,0.0002212231991945389,0.00021067101620813114,0.9999999999999989,-4.351315817696196e-06,1.1636733074165346e-05,0.0194866321468751,0.0002707331777591117,0.00026051256651921095,0.0,-7.816285539604547e-06,1.4687708373702337e-05,0.019442675734035665,0.00022928139558285252,0.0002261227873987734,1.0545058749811255e-15,1.3749090748343444e-05,1.2932526905458845e-05,1.0105127183857952
4.274993896484375,0.019600607481387453,0.00018196794499489993,0.0002026941430768002,0.01959977803656201,0.0001857900179040306,0.00020155854983625737,1.0111682675178018,0.019598399874490954,0.00018267585521948224,0.00020039448053298797,0.9999999999999989,-4.351315817696196e-06,1.1636733074165346e-05,0.019530959067893337,0.00027995159585130283,0.00024623155581365505,9.08995101411847e-16,-7.816285539604547e-06,1.4687708373702337e-05,0.019599446465348846,0.000210005389463995,0.0002441290933900206,2.220446049250313e-16,1.3749090748343444e-05,1.2932526905458845e-05,1.0041552481898741
4.284280300140381,0.019146236837280298,0.00021423454092435457,0.00020996100228406686,0.01914607861031624,0.00021370331525004393,0.00020845079573767258,0.9959665967067914,0.019146234862366288,0.00021483627453591086,0.00020902744979338708,0.9999999999999997,-4.351315817696196e-06,1.1636733074165346e-05,0.019103343728812568,0.0002370451858149103,0.0002572466046996784,0.0,-7.816285539604547e-06,1.4687708373702337e-05,0.01914686634893296,0.0002137071097512988,0.00021870306910342502,3.3306690738754696e-16,1.3749090748343444e-05,1.2932526905458845e-05,1.0007828433057075
4.293545722961426,0.019638701202459908,0.00020383122695591047,0.00019418207844738508,0.01963641735894223,0.00019881344157278089,0.00019569697629686494,1.0036403408318557,0.01963639969247167,0.0001976046375780742,0.0001954748370299915,0.9999999999999998,-4.351315817696196e-06,1.1636733074165346e-05,0.01954109035176021,0.00029740371778436137,0.0002663393089225828,2.775557561562891e-16,-7.816285539604547e-06,1.4687708373702337e-05,0.01964545530963291,0.00023510694187465,0.0002367320152666455,0.0,1.3749090748343444e-05,1.2932526905458845e-05,1.0125517385514706
4.30279016494751,0.019774224911328353,0.0002188770604565557,0.00022749679769272849,0.019766937171670898,0.00021428713119108628,0.00023041475127059605,1.0061474077034243,0.019765656619240842,0.00021381025928287473,0.00022817456228192354,0.9275714935948799,-4.351315817696196e-06,1.1636733074165346e-05,0.01983082504609273,0.0002527484648080225,0.000270682032538834,1.3162214373974026e-16,-7.816285539604547e-06,1.4687708373702337e-05,0.019813781638271424,0.0002268564537975977,0.00025005059160291415,0.07242850640512002,1.3749090748343444e-05,1.2932526905458845e-05,1.0099302880333016
4.312013626098633,0.019699271978991458,0.00025296405115410314,0.00024675023666735976,0.019701382263919428,0.00024653474776466927,0.00024816737239536854,1.2594945728114617,0.01953494847836798,0.00018805431590008734,0.0002047239705960241,0.0,-4.351315817696196e-06,1.1636733074165346e-05,0.019761710245311547,0.0002462175906460841,0.00026261219936988753,0.4887870144608951,-7.816285539604547e-06,1.4687708373702337e-05,0.019655979445234457,0.000236991460733995,0.0002227518567166839,0.5112129855391049,1.3749090748343444e-05,1.2932526905458845e-05,1.2722553791842823
4.321216583251953,0.01943090102305814,0.00021672456862939504,0.00022479407423512537,0.019429126308833304,0.00022062261352362791,0.00022568297819319794,1.0095773228771254,0.01942957909199707,0.00021841450350412045,0.00022365722453839346,1.0,-4.351315817696196e-06,1.1636733074165346e-05,0.01926916884143555,0.000259250111814012,0.0003114145747449594,0.0,-7.816285539604547e-06,1.4687708373702337e-05,0.01941623191843829,0.0002491000780325131,0.0002232539192280024,0.0,1.3749090748343444e-05,1.2932526905458845e-05,0.9987488791005873
4.330398082733154,0.01949292705356866,0.0002304330006838197,0.0002309323319635015,0.019491057708858093,0.00022886409378347974,0.00023181495278163863,1.0364624969279055,0.019490547597562868,0.0002284837114635077,0.00022890419486687116,0.9999999999999998,-4.351315817696196e-06,1.1636733074165346e-05,0.01943003446390358,0.0002706538900318356,0.00031207590046304287,0.0,-7.816285539604547e-06,1.4687708373702337e-05,0.019518823260368627,0.0002201947267857808,0.00022427774369007322,2.775557561562891e-16,1.3749090748343444e-05,1.2932526905458845e-05,1.0380065432475079
4.3395586013793945,0.01903393847134381,0.00021060404616216055,0.00022331359727391711,0.01903412771518321,0.00021868977695907107,0.00022348768868785812,1.0139894509586524,0.019034039321965422,0.00021329533284596483,0.00022278165516301587,0.9999999999999997,-4.351315817696196e-06,1.1636733074165346e-05,0.01911343471155006,0.00025336677172215286,0.00026828569671526886,0.0,-7.816285539604547e-06,1.4687708373702337e-05,0.019093530010977557,0.0002688675612769094,0.00022786076575091047,2.4980018054066017e-16,1.3749090748343444e-05,1.2932526905458845e-05,0.9950482492030546
4.348699569702148,0.019030243426513868,0.00021674724649487637,0.00021913820623661873,0.01902907983106099,0.0002178137957277379,0.0002244295884925654,1.0113446877667098,0.019027879334459055,0.00021664332318620944,0.00022063922703599234,1.0,-4.351315817696196e-06,1.1636733074165346e-05,0.019089897132631057,0.00030145897936983274,0.00026173228363915793,0.0,-7.816285539604547e-06,1.4687708373702337e-05,0.019078446031181445,0.0002504674481530224,0.00025161946051729944,0.0,1.3749090748343444e-05,1.2932526905458845e-05,0.9968050463253181
4.357819557189941,0.01920846146163685,0.0002217735130444036,0.00019725184481244468,0.0192110174498482,0.0002276076260772572,0.0001948062112782263,1.0073435002078106,0.019210260560057205,0.0002260776406037418,0.00019325681409650824,0.9999999999999998,-4.351315817696196e-06,1.1636733074165346e-05,0.019283548138338547,0.00028581726705873,0.00027602918562771514,0.0,-7.816285539604547e-06,1.4687708373702337e-05,0.01923484593250105,0.0002408617054409333,0.00023574514800033322,2.775557561562891e-16,1.3749090748343444e-05,1.2932526905458845e-05,0.9992628870822868
4.366916656494141,0.01970988408551828,0.00022693236823236734,0.00022527001661491394,0.019707632803190826,0.000230005951981041,0.00022450338377979356,1.0036446376175547,0.019708345458410617,0.00022669944875535614,0.00022615938068027558,0.9999999999999987,-4.351315817696196e-06,1.1636733074165346e-05,0.019746358772795115,0.0002777274400815981,0.0002715683008693605,1.2628786905111156e-15,-7.816285539604547e-06,1.4687708373702337e-05,0.019738819567743378,0.0002509786823932138,0.0002556871568638805,8.326672684688674e-17,1.3749090748343444e-05,1.2932526905458845e-05,0.9985504432161154
4.375991821289063,0.01945792071944176,0.00023909760708625688,0.00023760489375986016,0.019447186932612943,0.00023721749909557874,0.00024600399905934725,0.9956912645851124,0.019447817549761184,0.0002377902874912824,0.0002475222941715448,1.0,-4.351315817696196e-06,1.1636733074165346e-05,0.019300406869891394,0.00028561717979750864,0.00026974660396214545,0.0,-7.816285539604547e-06,1.4687708373702337e-05,0.019429798755040275,0.0002577139353285886,0.00025253007768522365,1.1102230246251565e-16,1.3749090748343444e-05,1.2932526905458845e-05,0.9822586902915037
4.385046005249023,0.019639085469312232,0.00021793842267620045,0.00024160316919646582,0.01963814775839232,0.00022819890716197291,0.00023964965351252684,1.0155474628251377,0.01964025301700394,0.00022191909161596232,0.00023876696964699254,0.9999999999999987,-4.351315817696196e-06,1.1636733074165346e-05,0.019624565108943927,0.00029123936971712713,0.00027401242867572395,1.2351231148954865e-15,-7.816285539604547e-06,1.4687708373702337e-05,0.019656161012502206,0.0002299280627328197,0.00024377609395566033,0.0,1.3749090748343444e-05,1.2932526905458845e-05,0.9975157282007815
4.394080638885498,0.019220159435720485,0.0002764141667856469,0.00022691448745395734,0.019218959814370648,0.0002735060091596346,0.00022530037317869747,1.0046930631365019,0.01921745354866028,0.0002736486272580038,0.00022574286140088912,1.0,-4.351315817696196e-06,1.1636733074165346e-05,0.019046180018546813,0.00027587420668023777,0.00029456290187940964,0.0,-7.816285539604547e-06,1.4687708373702337e-05,0.019189358085542403,0.0002408108211892808,0.00025566556611763755,0.0,1.3749090748343444e-05,1.2932526905458845e-05,1.0138017982483625
4.403095722198486,0.01994735321146034,0.0002821606120022753,0.0003039118465871585,0.019945340515046414,0.0002856604586183864,0.00030195937502051906,1.242663047945573,0.01967886750468818,0.00023823210359599084,0.00023463931123394663,6.0092583949486385e-18,-4.351315817696196e-06,1.1636733074165346e-05,0.019944032693951712,0.0002858541583618014,0.00030127498946804637,1.0,-7.816285539604547e-06,1.4687708373702337e-05,0.019798710733186765,0.00025976998634393705,0.00023940717528515149,6.938893903907228e-18,1.3749090748343444e-05,1.2932526905458845e-05,1.2393907523469307
4.4120917320251465,0.019405056916921216,0.00029302727184526284,0.00028906268067277474,0.019394161040738263,0.0002919767505429431,0.000293292138542435,1.1031080030697513,0.019305761591385303,0.00028101319654181417,0.000258984464292171,0.37296872300360057,-4.351315817696196e-06,1.1636733074165346e-05,0.01946257461756444,0.0002801093035808312,0.00029865703901452156,0.6270312769963995,-7.816285539604547e-06,1.4687708373702337e-05,0.019364052681029233,0.0002727438288848902,0.0002578197129049255,0.0,1.3749090748343444e-05,1.2932526905458845e-05,1.0971163803573867
4.42106819152832,0.018856978857955484,0.00024967293072765406,0.00024865976508634674,0.01887111712649357,0.0002484215824372707,0.0002507606979705833,1.015666049129783,0.018770503824804496,0.0002479254390624526,0.00024679566658535393,5.295035441305847e-16,-4.351315817696196e-06,1.1636733074165346e-05,0.018990390726822515,0.0002934630823017148,0.0002909734133830534,0.09172950324781196,-7.816285539604547e-06,1.4687708373702337e-05,0.018858457715833804,0.00024083458874391006,0.00025064809972003,0.9082704967521875,1.3749090748343444e-05,1.2932526905458845e-05,1.013937433628577
4.43002462387085,0.019050084608388043,0.00022735806424804134,0.00022004154661274186,0.019053145228518416,0.00023005985908103668,0.00021972183314901417,1.006102818792019,0.019049515099818635,0.00022705799574435429,0.00021999541055668648,0.9999999999999993,-4.351315817696196e-06,1.1636733074165346e-05,0.01896942744120192,0.0002923674674321121,0.0003031531691710422,0.0,-7.816285539604547e-06,1.4687708373702337e-05,0.01904542528522466,0.00027476530349675177,0.000249648073110037,5.828670879282068e-16,1.3749090748343444e-05,1.2932526905458845e-05,1.0007744143202195
4.438961982727051,0.018334143330769923,0.00022451886647522137,0.0002348192873727721,0.018337520424629633,0.00022982553152812654,0.00022893716437407882,0.9980651979437056,0.018332473549662696,0.00022794700950711996,0.00023170502209100136,0.9999999999999986,-4.351315817696196e-06,1.1636733074165346e-05,0.018254602952030824,0.0002861054901462205,0.0002830779256081592,0.0,-7.816285539604547e-06,1.4687708373702337e-05,0.018345225146572816,0.00023920464884834985,0.0002680737360944256,1.5543122344752178e-15,1.3749090748343444e-05,1.2932526905458845e-05,0.9993171405138
4.447880268096924,0.01920907944791419,0.0002517602565137167,0.00024616095024217535,0.019223348527583797,0.0002489977745265687,0.0002521362882670526,1.0211050297470712,0.01914148288523888,0.0002499018318219519,0.0002408743843306145,0.0,-4.351315817696196e-06,1.1636733074165346e-05,0.019327178659078452,0.0003095119331703311,0.0003066172517213091,0.0,-7.816285539604547e-06,1.4687708373702337e-05,0.019226896660680025,0.00025223697690341523,0.0002485365481096069,1.0,1.3749090748343444e-05,1.2932526905458845e-05,1.0145585510629238
4.456779956817627,0.01896846451857784,0.00023320316163472424,0.00022192168378319665,0.018971980151979345,0.0002367008981114041,0.00021330328274654642,0.9916014540920655,0.01897177264578593,0.0002370420952169175,0.00021677347655428905,0.9999999999999992,-4.351315817696196e-06,1.1636733074165346e-05,0.019068905543995575,0.00031569907898989016,0.00028099639290684805,7.285838599102587e-16,-7.816285539604547e-06,1.4687708373702337e-05,0.019028442228108858,0.00024265465129572061,0.00023607637901804437,0.0,1.3749090748343444e-05,1.2932526905458845e-05,1.0028850346443696
4.465660572052002,0.018754109413132124,0.0002450816994286967,0.0002446123212286565,0.01875835710749316,0.0002456524517415945,0.00023696014649793665,0.9846450328095284,0.018756881391870515,0.0002442277818208889,0.0002459108794817255,0.9999999999999996,-4.351315817696196e-06,1.1636733074165346e-05,0.0187607647842307,0.00029704118536441615,0.0002846383839629277,0.0,-7.816285539604547e-06,1.4687708373702337e-05,0.01878684666766766,0.0002512987078007768,0.00027463689137128405,5.551115123125781e-16,1.3749090748343444e-05,1.2932526905458845e-05,0.999092826825618
4.474521636962891,0.01882531486763654,0.0002601404191923118,0.00024768798050239446,0.018825769120394888,0.0002560078990512214,0.00025431888887838747,1.0185108550994602,0.01884504503886065,0.000246042795893079,0.0002550090931216671,0.8836162424959884,-4.351315817696196e-06,1.1636733074165346e-05,0.018593642360050674,0.00028926552073945885,0.00030398752659494335,0.11638375750401174,-7.816285539604547e-06,1.4687708373702337e-05,0.018794814698932103,0.00026517023563954814,0.00027167087791527683,0.0,1.3749090748343444e-05,1.2932526905458845e-05,1.013524568669495
4.483364582061768,0.0186023437450499,0.00023330668695945717,0.0002272104696252955,0.018600760445538173,0.00023266672102454852,0.00022815481152290568,0.9942723553978223,0.018601868880585362,0.00023533685163390147,0.00022813930763542975,0.9999999999999989,-4.351315817696196e-06,1.1636733074165346e-05,0.01864058312798804,0.0003100969585961254,0.0002887247964857356,1.207083086201325e-15,-7.816285539604547e-06,1.4687708373702337e-05,0.018614033851310413,0.0002447687714149452,0.00029035286251516065,7.028379290911924e-19,1.3749090748343444e-05,1.2932526905458845e-05,0.993615631299691
4.492188930511475,0.019125540429846245,0.00030547355875577484,0.0003003687765373922,0.019131518620691977,0.0003120722336523857,0.00030029847319005404,1.2954178997524983,0.018912364191225224,0.0002359894945958771,0.00023673108998106818,0.0,-4.351315817696196e-06,1.1636733074165346e-05,0.019172936009335506,0.0003047363008507227,0.000289302886793668,0.704075887716184,-7.816285539604547e-06,1.4687708373702337e-05,0.019016292439445394,0.0002664368346219255,0.0002981572796535749,0.295924112283816,1.3749090748343444e-05,1.2932526905458845e-05,1.2816076876266287
4.500995635986328,0.018810887482084128,0.00024488730709376627,0.00025513128612601743,0.018808382452945145,0.00024034552442708107,0.00025229687789903726,1.001791860864889,0.018808148618000276,0.00024008542601361427,0.00025167580860132807,0.9999999999999993,-4.351315817696196e-06,1.1636733074165346e-05,0.018755125340016686,0.00031022385433119096,0.00032649833562905725,5.48172618408671e-16,-7.816285539604547e-06,1.4687708373702337e-05,0.018807796779916647,0.0002575596587641345,0.00027485360618020524,1.3877787807814457e-16,1.3749090748343444e-05,1.2932526905458845e-05,1.0167913979866816
4.509782314300537,0.019259165169667265,0.00023840293894110756,0.00026816420213718675,0.019256469393979413,0.00023887137629106936,0.0002616504607074882,1.002668653147417,0.019256564767253848,0.0002382563320407205,0.00026093334086607634,1.0,-4.351315817696196e-06,1.1636733074165346e-05,0.019358623543802654,0.00029369168393081346,0.0003126834636385696,0.0,-7.816285539604547e-06,1.4687708373702337e-05,0.019308373513686396,0.00026146964359258923,0.0002635297991166151,0.0,1.3749090748343444e-05,1.2932526905458845e-05,1.0147788878093937
4.518551349639893,0.01911802657671886,0.0002781346177362469,0.0002814179640426018,0.019113698675677762,0.00027944228207800806,0.0002841879284468038,0.9951147544701063,0.019116194067821037,0.0002814945740779451,0.00028490262583589013,0.9999999999999991,-4.351315817696196e-06,1.1636733074165346e-05,0.019188092412008164,0.0003672569583467282,0.0003667351539260455,9.714451465470118e-16,-7.816285539604547e-06,1.4687708373702337e-05,0.019139240794852904,0.0002812409735901862,0.0003166758067966284,0.0,1.3749090748343444e-05,1.2932526905458845e-05,0.9879155155851268
4.527302265167236,0.018844613147984992,0.00026968526654297387,0.0002513523473977909,0.01884163442843506,0.0002713386869747994,0.0002534275012319315,1.0049953890661938,0.0188405264607125,0.00027129788540767794,0.0002508599214000977,0.9999999999999998,-4.351315817696196e-06,1.1636733074165346e-05,0.018740875999883,0.00029993438849978266,0.0003327844738900028,2.1510571102112403e-16,-7.816285539604547e-06,1.4687708373702337e-05,0.018850936901371428,0.00030394570921125214,0.0002493617022881582,0.0,1.3749090748343444e-05,1.2932526905458845e-05,0.9978546852074104
4.536036014556885,0.018677625661376606,0.000368133960361082,0.00034833076804316465,0.018670214236157463,0.00036244907584759983,0.0003500214561947719,1.4248755125926351,0.018922404174087346,0.0002585569143458248,0.00024146608818721368,0.36933913562258974,-4.351315817696196e-06,1.1636733074165346e-05,0.018519134072854746,0.00030050260964856884,0.00029484445169863926,0.6306608643774096,-7.816285539604547e-06,1.4687708373702337e-05,0.01884854318090813,0.0002830651657335405,0.0002616079684957355,6.961662149529424e-16,1.3749090748343444e-05,1.2932526905458845e-05,1.4328635378267562
4.544750213623047,0.01864550109773211,0.0002458795668868162,0.000251253660235224,0.018641684147157857,0.0002423195573295102,0.00025736067524764414,1.0115827091066076,0.018641660439292614,0.00024128138007866243,0.0002526774708179226,0.9999999999999993,-4.351315817696196e-06,1.1636733074165346e-05,0.01858848701305464,0.0003093942047092818,0.0003080722206988164,3.05311331771918e-16,-7.816285539604547e-06,1.4687708373702337e-05,0.018664236358232777,0.0002623384096651603,0.0002715085527523198,2.775557561562891e-16,1.3749090748343444e-05,1.2932526905458845e-05,1.0064263981092623
4.553447246551514,0.01925858236995926,0.00028267028028042956,0.0002591660046728228,0.019258127826294758,0.0002815558738444267,0.00025734510002437677,1.0108374488775336,0.01925560766349159,0.0002823917835606607,0.0002644721380083391,1.0,-4.351315817696196e-06,1.1636733074165346e-05,0.01921450964869459,0.00031257357066076866,0.00030532425668032895,0.0,-7.816285539604547e-06,1.4687708373702337e-05,0.01926142846411829,0.000255581758123867,0.0002775415194784976,0.0,1.3749090748343444e-05,1.2932526905458845e-05,1.0163433256752041
4.562126636505127,0.018845640224118932,0.00032988691643804496,0.0003447810542753574,0.018842610992875274,0.0003342581457641963,0.0003449222548948666,1.3665444890905682,0.01913632716552139,0.0002339332610626528,0.00026307243914038686,0.10297869241418478,-4.351315817696196e-06,1.1636733074165346e-05,0.01877126460823803,0.00032068453213716583,0.0003035995573074518,0.7557433008417094,-7.816285539604547e-06,1.4687708373702337e-05,0.01905538865342294,0.00028350777488600834,0.000270411705571013,0.14127800674410584,1.3749090748343444e-05,1.2932526905458845e-05,1.357465257315526
4.570788383483887,0.0190326405940152,0.00026861572066539177,0.0002931533904155202,0.019031884630859506,0.00027036478664867886,0.00029297249642524364,1.017617882602006,0.01903186461813223,0.00026675576427953596,0.0002868285355889892,1.0,-4.351315817696196e-06,1.1636733074165346e-05,0.019081419367487466,0.0003572158659511278,0.00035471460025948004,0.0,-7.816285539604547e-06,1.4687708373702337e-05,0.019067064030652187,0.00032399204718918523,0.0003058967730796419,1.1102230246251565e-16,1.3749090748343444e-05,1.2932526905458845e-05,1.014785121641511
4.579432010650635,0.01914843335002037,0.00026198780319674694,0.00026609934857416487,0.01914578143790767,0.00026896528108362114,0.0002662462315478828,1.0077085124822347,0.019146301739870284,0.000264992429201083,0.000266124958418424,0.9999999999999996,-4.351315817696196e-06,1.1636733074165346e-05,0.019255751281645965,0.0003253508874782249,0.0003055443109211166,0.0,-7.816285539604547e-06,1.4687708373702337e-05,0.01920619925785186,0.0002859123633791108,0.0002941017261204222,4.440892098500625e-16,1.3749090748343444e-05,1.2932526905458845e-05,0.9942946024377457
4.588058471679688,0.018864365530235582,0.0002662768805822696,0.0002898084799320272,0.018863814762177106,0.00026806818740468877,0.0002941295856856811,1.0738663346229214,0.01886176611122015,0.0002656550902683137,0.0002915118468353184,1.0,-4.351315817696196e-06,1.1636733074165346e-05,0.018858916305511918,0.00030164492247132177,0.00033999690358897314,8.673617379884035e-17,-7.816285539604547e-06,1.4687708373702337e-05,0.01887375253274711,0.0002619342873893954,0.00026159248215756187,1.1102230246251565e-16,1.3749090748343444e-05,1.2932526905458845e-05,1.0621908808894618
4.596668720245361,0.018947857694190884,0.0002689773816557696,0.0002365234214650458,0.018961516630680457,0.0002630004477455969,0.00023838513493804406,0.9922892403581729,0.01887563635901838,0.0002571214583638147,0.000311040611946041,0.0,-4.351315817696196e-06,1.1636733074165346e-05,0.01894555053934139,0.0003462907488561706,0.0003579718536321323,1.9359513991901167e-15,-7.816285539604547e-06,1.4687708373702337e-05,0.01896130679647537,0.0002666747627963484,0.00023860692553745108,0.9999999999999981,1.3749090748343444e-05,1.2932526905458845e-05,1.0004336487786416
4.605262756347656,0.018152393753588406,0.00040994421013496735,0.00037739308340970987,0.01814831594878541,0.0004156968543123536,0.00037483214566042325,1.3812077428008862,0.018504570285114933,0.0002717313190820393,0.0003006148787243097,0.2204723971199157,-4.351315817696196e-06,1.1636733074165346e-05,0.018032174887129777,0.000353013654777648,0.00034645626253404505,0.7795276028800844,-7.816285539604547e-06,1.4687708373702337e-05,0.018411566024928112,0.0003133316686423984,0.00032738769093357614,0.0,1.3749090748343444e-05,1.2932526905458845e-05,1.3756312116029283
4.613840103149414,0.019320104822929098,0.00036573390563638883,0.0003210717699460852,0.01931552059328216,0.00036680429970698675,0.00032342509724569285,1.1354311938646466,0.019063623388672415,0.0003246153375617983,0.000310346099914708,4.80740671595891e-17,-4.351315817696196e-06,1.1636733074165346e-05,0.019316154757607992,0.00036215716315384297,0.0003231240050625174,1.0,-7.816285539604547e-06,1.4687708373702337e-05,0.019151591128922618,0.0002942301652799281,0.00031367051657764725,2.7755575615628914e-17,1.3749090748343444e-05,1.2932526905458845e-05,1.1297991531836862
4.622400283813477,0.019484138190691357,0.0003023430898403921,0.00033408502987250857,0.01947952583432735,0.0003037777587352325,0.0003323158934041767,1.2053189818374797,0.019208655990846826,0.0002664873602843919,0.00026125148870452877,4.006172263299107e-18,-4.351315817696196e-06,1.1636733074165346e-05,0.01947663749004483,0.00030091886422741604,0.0003350273862306255,1.0,-7.816285539604547e-06,1.4687708373702337e-05,0.0193280897929369,0.0002935035522607689,0.0002858267075152923,0.0,1.3749090748343444e-05,1.2932526905458845e-05,1.205952756618571
4.63094425201416,0.019110930661186836,0.0002751026617624497,0.00027059211045662307,0.0191082932910457,0.00027192938747558695,0.0002763593074340681,1.0200846304662472,0.01910835946154678,0.0002724442489849925,0.00026504909081667694,0.999999999999998,-4.351315817696196e-06,1.1636733074165346e-05,0.01913152543788204,0.0003280120340151925,0.0003383468081210629,6.019490461639522e-16,-7.816285539604547e-06,1.4687708373702337e-05,0.019155247193667745,0.00028020993223369303,0.00027231266652095326,1.4641066137244254e-15,1.3749090748343444e-05,1.2932526905458845e-05,1.0152586679872715
4.639470100402832,0.01992306007409138,0.0003310088014695303,0.00032082585431592037,0.019914441471883763,0.0003340739490733831,0.000321060157557701,1.1809959412817743,0.019605013046731613,0.0002735106387061967,0.0002812195544560636,0.0,-4.351315817696196e-06,1.1636733074165346e-05,0.019919408470619633,0.00033710589155749524,0.00031651511149313055,1.0,-7.816285539604547e-06,1.4687708373702337e-05,0.019731478875201776,0.0002769130569836749,0.0002807838686350317,0.0,1.3749090748343444e-05,1.2932526905458845e-05,1.175048093325591
4.647979259490967,0.018560185560485325,0.0002881492257734222,0.00032465842817875484,0.018569947891737694,0.0002907679554822497,0.0003201368253031578,0.9971378973096526,0.018538207752127833,0.00032005029154976924,0.0003235833348451192,0.0,-4.351315817696196e-06,1.1636733074165346e-05,0.018544462004138403,0.000337171873126596,0.00033939596382426274,1.2490009027033009e-16,-7.816285539604547e-06,1.4687708373702337e-05,0.018571374543300975,0.0002873484925614393,0.00032530977911158707,0.9999999999999998,1.3749090748343444e-05,1.2932526905458845e-05,1.0002438264299325
4.656472682952881,0.019030939083627376,0.0002848502778397301,0.00025580966743217817,0.019028353917761677,0.0002784382862215419,0.00025636613228997504,0.9962994992201143,0.019027791381949342,0.0002796377243366663,0.00025715308899823194,1.0,-4.351315817696196e-06,1.1636733074165346e-05,0.018827150545553617,0.00034098197250417503,0.00032990487718368225,5.551115123125783e-17,-7.816285539604547e-06,1.4687708373702337e-05,0.019002777391985103,0.00032018555555972383,0.0003088857324923394,0.0,1.3749090748343444e-05,1.2932526905458845e-05,1.0072078952189447
4.664948463439941,0.018582510813772747,0.00030062204212801327,0.00030971677479006005,0.01859928605905929,0.0003071872145063159,0.00030055165796389824,1.089476151966374,0.018538516150603174,0.0002732606288554512,0.00028456605819347433,2.498001805406602e-16,-4.351315817696196e-06,1.1636733074165346e-05,0.01867760572538747,0.00030993090173826385,0.000321181632462985,1.8041124150158794e-16,-7.816285539604547e-06,1.4687708373702337e-05,0.018597843122961245,0.0003019956042877442,0.0003023788814251402,0.9999999999999996,1.3749090748343444e-05,1.2932526905458845e-05,1.0941369982618672
4.673407554626465,0.019476635072574782,0.00026802312493067956,0.0002483385980889298,0.019470559109785245,0.00025849569469437936,0.00025443414816565466,1.0027178939196701,0.019473830295962922,0.00026074341940568804,0.000250796113268819,0.9999999999999998,-4.351315817696196e-06,1.1636733074165346e-05,0.01950470084651707,0.0003334191637826521,0.0003311568334737995,2.3592239273284576e-16,-7.816285539604547e-06,1.4687708373702337e-05,0.019478901402717963,0.0002866933149958638,0.0002973717064945723,1.1102230246251565e-16,1.3749090748343444e-05,1.2932526905458845e-05,1.009426818529333
4.681850910186768,0.018930713827267506,0.00029418493805959817,0.00032021649068722166,0.01892370691985211,0.0002999627551243285,0.0003234437755844956,0.9919691095411473,0.018922225136565284,0.0003038370489224368,0.00032593271775259447,0.9999999999999992,-4.351315817696196e-06,1.1636733074165346e-05,0.018954385146156362,0.00039150594849602163,0.00038609655494851666,7.494005416219804e-16,-7.816285539604547e-06,1.4687708373702337e-05,0.019001045249329468,0.00031925842745211125,0.00030919514505600015,0.0,1.3749090748343444e-05,1.2932526905458845e-05,0.9776401243051089
4.690277576446533,0.018409829006446932,0.0003078347061166095,0.00031548068003335594,0.018405443893852676,0.0002980376066415019,0.0003173154361796257,1.09833900929353,0.01840706400463048,0.0003030809214148028,0.0003157025777712624,0.9999999999999998,-4.351315817696196e-06,1.1636733074165346e-05,0.018247822518998646,0.00034893955204631094,0.0003664204586341646,3.191891195797325e-16,-7.816285539604547e-06,1.4687708373702337e-05,0.018399331443605615,0.00026521016641599046,0.00029504767530168924,0.0,1.3749090748343444e-05,1.2932526905458845e-05,1.1125509359029395
4.698687553405762,0.019603062235093446,0.0002928407532605641,0.000257888119255683,0.01959881029180679,0.000285472742467853,0.0002572840354401057,0.9945885627973035,0.01959872117899577,0.00028828219853664627,0.0002574276539690397,1.0,-4.351315817696196e-06,1.1636733074165346e-05,0.019590497617138172,0.00033565801510589827,0.0003097813444302086,0.0,-7.816285539604547e-06,1.4687708373702337e-05,0.019628836098446997,0.0003213698525832906,0.0002816690405413082,0.0,1.3749090748343444e-05,1.2932526905458845e-05,1.00919723180279
4.707081317901611,0.01877072421238835,0.00033443965541916573,0.00032816431556546843,0.018770180370059182,0.0003231340581247473,0.0003247021999001898,0.9903263264621663,0.018769120638717253,0.00032830815037990235,0.00032585628079225687,0.9999999999999982,-4.351315817696196e-06,1.1636733074165346e-05,0.018777094328217926,0.00042354764904351666,0.00036552714655275695,6.10622663543836e-16,-7.816285539604547e-06,1.4687708373702337e-05,0.01880691706098031,0.00035718026312507936,0.0003280039770055601,1.0824674490095274e-15,1.3749090748343444e-05,1.2932526905458845e-05,1.0129012514443083
4.715459823608398,0.019401716271800252,0.00025129090984215077,0.00028359350459078794,0.01940055957707157,0.0002495226628583709,0.0002866447514218162,1.0079621903650036,0.019397925862502732,0.0002480504212263798,0.00028388164865218377,1.0,-4.351315817696196e-06,1.1636733074165346e-05,0.01942947938731413,0.00035397118705941116,0.0003359519670608109,0.0,-7.816285539604547e-06,1.4687708373702337e-05,0.01943624794220609,0.00029270909631842756,0.00030227076664146244,5.551115123125783e-17,1.3749090748343444e-05,1.2932526905458845e-05,1.0055502285377325
4.723820686340332,0.01872710784214976,0.00031710814238133586,0.000317257799851714,0.018724497073992964,0.0003152141601086532,0.0003182862433903054,1.228005386093982,0.018627964457063266,0.0002554472655450432,0.0002604302791895004,0.4038264621784846,-4.351315817696196e-06,1.1636733074165346e-05,0.018801282061616582,0.0003363435536907697,0.0003479526268762613,0.5961735378215153,-7.816285539604547e-06,1.4687708373702337e-05,0.01870882107407081,0.00032439366192362276,0.0003196335673564671,9.855440099540598e-17,1.3749090748343444e-05,1.2932526905458845e-05,1.2296831849106304
4.732166767120361,0.018742097422425438,0.00039515994071727054,0.00038975663011322353,0.018748922609801138,0.0004086173900647791,0.00039507043065412084,1.2410026227416844,0.01886621716601979,0.00036269960218919886,0.0003428755812469146,1.2521523211389164e-15,-4.351315817696196e-06,1.1636733074165346e-05,0.01854447452833166,0.0004081836304987811,0.00037798317804654466,0.39635653136670723,-7.816285539604547e-06,1.4687708373702337e-05,0.01885823273599989,0.00029574481363262364,0.0003518668883824398,0.6036434686332915,1.3749090748343444e-05,1.2932526905458845e-05,1.2120172757660221
4.74049711227417,0.018415942265938113,0.000466042378684757,0.0003632510655624463,0.01840583722008141,0.00045968624613645925,0.00036430940019709784,1.4757114422397308,0.018615274283824257,0.00028313792182908804,0.0002752338727833835,0.41770340003958806,-4.351315817696196e-06,1.1636733074165346e-05,0.018214317722503724,0.00039943587744398906,0.0003933452687897056,0.5822965999604119,-7.816285539604547e-06,1.4687708373702337e-05,0.01858021035846042,0.0003057079132301986,0.00030255381501937545,0.0,1.3749090748343444e-05,1.2932526905458845e-05,1.4851993819328937
4.748810291290283,0.019022996246245923,0.0003288280323080206,0.0002964036386065745,0.019015666386707604,0.00032463803504075017,0.0003012284690059111,1.0065587614289537,0.019015603963249684,0.0003220519771301236,0.00029973636551780536,0.9999999999999996,-4.351315817696196e-06,1.1636733074165346e-05,0.01897972131561891,0.000403371354776149,0.0003762119599644634,0.0,-7.816285539604547e-06,1.4687708373702337e-05,0.019042167026546583,0.00033080794936190747,0.0003307970587997158,4.440892098500624e-16,1.3749090748343444e-05,1.2932526905458845e-05,1.0055377819596978
4.75710916519165,0.018757322177001694,0.000316810018275087,0.0003362124075265045,0.018772041119628456,0.0003291869959549214,0.00033708884232679787,1.1529437246741605,0.018886395180783312,0.00031023641680351724,0.0002676546146690023,9.247059337435285e-17,-4.351315817696196e-06,1.1636733074165346e-05,0.018601072903713656,0.00034074801729499365,0.0003383955081168004,0.24076531121399136,-7.816285539604547e-06,1.4687708373702337e-05,0.018818656232249677,0.00029187904300006715,0.0003145916014766423,0.7592346887860085,1.3749090748343444e-05,1.2932526905458845e-05,1.1300096216022426
4.765391826629639,0.0190882536206312,0.000325216406879731,0.000371392198201502,0.01908920229772548,0.0003345735596070286,0.0003644735222463301,1.1800869360818218,0.01886664134111412,0.00029155668463628007,0.0003008124540090189,3.4309118083696372e-18,-4.351315817696196e-06,1.1636733074165346e-05,0.019081087130790392,0.00032426212700154347,0.00036787979501343507,1.0,-7.816285539604547e-06,1.4687708373702337e-05,0.01897447685377878,0.00030164724054512065,0.000292770115982343,0.0,1.3749090748343444e-05,1.2932526905458845e-05,1.1759704542919325
4.773658275604248,0.019058418572070676,0.0003252215132753776,0.0003134085100205443,0.019057685717302666,0.00033185960530039,0.0003122192283206808,1.003614516824858,0.019056441722892385,0.00032797223593901415,0.00031378694831307036,0.9999999999999994,-4.351315817696196e-06,1.1636733074165346e-05,0.01914076073594107,0.00041281769351945996,0.0003842094598328627,5.620504062164855e-16,-7.816285539604547e-06,1.4687708373702337e-05,0.019084379239019542,0.00034984637019112516,0.00039743129933830085,0.0,1.3749090748343444e-05,1.2932526905458845e-05,0.9951240885476234
4.781910419464111,0.01902437937082673,0.00029312118779938404,0.0002953622198354558,0.019026236417147034,0.0002940956977496578,0.0002908683587239391,0.9963101975666462,0.019021809593738087,0.000294407758210824,0.0002927226936326813,1.0,-4.351315817696196e-06,1.1636733074165346e-05,0.01894108729319278,0.0003497252429150548,0.0003272408722206112,1.0408340855860843e-17,-7.816285539604547e-06,1.4687708373702337e-05,0.019030019764074008,0.0002910794832970097,0.00032180548265472314,0.0,1.3749090748343444e-05,1.2932526905458845e-05,1.0023043529544184
4.790146350860596,0.018468744688276233,0.00029749913038882095,0.0003143708463337197,0.018466754738107435,0.00028543239515338437,0.0003263307090018222,0.9814765299129925,0.018466300775679175,0.00029760967690795406,0.00032569927191575254,0.9999999999999998,-4.351315817696196e-06,1.1636733074165346e-05,0.01833899973492193,0.00040559350292209556,0.0004141450579294402,0.0,-7.816285539604547e-06,1.4687708373702337e-05,0.01850149318346583,0.0003650839246847337,0.00034970333952189306,2.220446049250313e-16,1.3749090748343444e-05,1.2932526905458845e-05,0.9816479899370075
4.798366546630859,0.018640882278074308,0.0003332633355025358,0.0003039996630398237,0.01863455372358474,0.0003250519880441047,0.0003007464680193986,1.0549899563908742,0.018634940411383367,0.0003254760938461859,0.0003010086575078279,0.9999999999999996,-4.351315817696196e-06,1.1636733074165346e-05,0.018655957413748238,0.0003925804467256287,0.0003625610634589195,0.0,-7.816285539604547e-06,1.4687708373702337e-05,0.01865565727981959,0.00029840754561518204,0.00029477199346248165,4.996003610813202e-16,1.3749090748343444e-05,1.2932526905458845e-05,1.0743172286981464
4.806572437286377,0.018971040839985392,0.00028453551244860334,0.0003117720518098707,0.018967025473285493,0.00028420621609732966,0.00031985074216618267,1.000734301123862,0.01896990468117065,0.00028703694456054876,0.00031657677946703155,0.9999999999999996,-4.351315817696196e-06,1.1636733074165346e-05,0.01906310526266467,0.00035274914563300855,0.0003626053458189553,0.0,-7.816285539604547e-06,1.4687708373702337e-05,0.019001798045134605,0.00029852984044326583,0.00034410642558828017,3.330669073875468e-16,1.3749090748343444e-05,1.2932526905458845e-05,0.9878959681029843
4.814762592315674,0.018885011816825344,0.00040685502034128185,0.0003706623688919282,0.018894929012379817,0.00041759697222956,0.0003788233071909848,1.1763120455720617,0.019019845490005988,0.0003395992578270196,0.0003782714611843471,0.0,-4.351315817696196e-06,1.1636733074165346e-05,0.01859985733431959,0.00042536844488572437,0.0004436778489315396,0.2624990139209509,-7.816285539604547e-06,1.4687708373702337e-05,0.018964441522903663,0.00033505244481668237,0.00034199603259921565,0.7375009860790492,1.3749090748343444e-05,1.2932526905458845e-05,1.1483924935490193
4.822937488555908,0.01903865335763776,0.000401930805419011,0.00033294105859859105,0.019043155656657856,0.00039773280157244517,0.0003233283256076046,1.201331748718665,0.019143673611085713,0.00032140463077270573,0.00027881352541032217,0.6389250451549463,-4.351315817696196e-06,1.1636733074165346e-05,0.018826585394354146,0.000415400484398136,0.0003705898381997398,0.3610749548450538,-7.816285539604547e-06,1.4687708373702337e-05,0.01912699740166649,0.00032583972444238246,0.00031700035109957433,0.0,1.3749090748343444e-05,1.2932526905458845e-05,1.2243412773296938
4.8310980796813965,0.01840731058726571,0.0003506026275450075,0.00035127647308765,0.018405694097574428,0.00035179738208872616,0.00035141768736771453,1.0020873331856475,0.018405034247095525,0.00035021490435312164,0.00035153537844998667,0.9999999999999996,-4.351315817696196e-06,1.1636733074165346e-05,0.018327185325736267,0.0003675404957910397,0.00039865788906716035,0.0,-7.816285539604547e-06,1.4687708373702337e-05,0.01842149947198471,0.00035597209614045625,0.0003782083413629393,3.330669073875468e-16,1.3749090748343444e-05,1.2932526905458845e-05,1.0001835664804217
4.839242458343506,0.018503021669179893,0.00030060234265998423,0.0003123952829474502,0.01850051664004091,0.00029825416601659757,0.00031993100166813684,0.9995763848890452,0.018500725586130973,0.0003010051908091914,0.00031744196043413664,0.9999999999999998,-4.351315817696196e-06,1.1636733074165346e-05,0.018445199023230194,0.000369480226274109,0.0003736317069588449,0.0,-7.816285539604547e-06,1.4687708373702337e-05,0.01855203563300946,0.00034909462745564765,0.0003387308729084562,2.775557561562891e-16,1.3749090748343444e-05,1.2932526905458845e-05,0.9911883729677826
4.847372531890869,0.019438648252685143,0.00036128852352951615,0.00035406516122626214,0.019454243630112198,0.00036128852352951615,0.00035406516122626214,1.0049573992931349,0.019389030845174966,0.00034405274308776934,0.0003677721414883754,0.0,-4.351315817696196e-06,1.1636733074165346e-05,0.019506104338024136,0.00042710637435937684,0.0004151147514900831,0.0,-7.816285539604547e-06,1.4687708373702337e-05,0.019453073897594906,0.0003596745340352925,0.0003565936994654184,1.0,1.3749090748343444e-05,1.2932526905458845e-05,1.0049573992931349
4.855487823486328,0.018524261090811907,0.0003031685383108433,0.00027602411061782364,0.018535456604679906,0.0003006319399064261,0.0002840740003549093,1.0080957238016712,0.018483575155554478,0.00030896088908641955,0.000299216383855664,0.0,-4.351315817696196e-06,1.1636733074165346e-05,0.01859630609035272,0.00039542606433815367,0.0003391093673864379,5.759281940242996e-16,-7.816285539604547e-06,1.4687708373702337e-05,0.01853701546095799,0.00030003150677604395,0.0002799788299966653,0.9999999999999993,1.3749090748343444e-05,1.2932526905458845e-05,0.9985902184974976
4.863587379455566,0.01821244890710029,0.00030439310141435263,0.00035898165508200033,0.018210534448321634,0.00030417771213100617,0.0003537686584891807,0.9965096783578072,0.018208418451293673,0.0003021400216739814,0.0003581108368068374,0.9999999999999996,-4.351315817696196e-06,1.1636733074165346e-05,0.018239764325326507,0.00039168338894973384,0.0003773502551182792,3.8857805861880464e-16,-7.816285539604547e-06,1.4687708373702337e-05,0.018260548981777085,0.0003802021760038951,0.0003643255420830403,0.0,1.3749090748343444e-05,1.2932526905458845e-05,1.0047313804676028
4.871673583984375,0.0189146967994872,0.00029673731887491436,0.0003227427991533069,0.018933008328015272,0.0002994534699759313,0.00032002664805228995,0.9968711560312008,0.01888673420382423,0.00030961678288126543,0.0003285329628053106,0.0,-4.351315817696196e-06,1.1636733074165346e-05,0.018994388037811033,0.00039833125846342257,0.000378778598671161,2.7755575615628914e-17,-7.816285539604547e-06,1.4687708373702337e-05,0.018932773229278582,0.0003010298920864511,0.000320394566109862,1.0,1.3749090748343444e-05,1.2932526905458845e-05,0.9968711560312008
4.879744529724121,0.0187752424224562,0.0003564820264298392,0.00029941972628590163,0.018774468852151435,0.0003623375999323754,0.00029523337917455525,0.9999972627771576,0.018771686588232084,0.0003586543413273968,0.0002989184377027651,1.0,-4.351315817696196e-06,1.1636733074165346e-05,0.01887936092970821,0.0004160187887737449,0.00042222835300268977,0.0,-7.816285539604547e-06,1.4687708373702337e-05,0.018802730718007046,0.00034626617042110217,0.0003619323391128304,0.0,1.3749090748343444e-05,1.2932526905458845e-05,0.997458796398346
4.887800693511963,0.019080421473747725,0.0003574624095907773,0.0002995325353371339,0.019082189454268414,0.00036897607427988435,0.00029516347819098093,1.0635110778501755,0.019079555239247432,0.00035955703224327396,0.00029326427452578546,0.9999999999999991,-4.351315817696196e-06,1.1636733074165346e-05,0.018871045536838788,0.0004075839772379429,0.00040379703113570947,0.0,-7.816285539604547e-06,1.4687708373702337e-05,0.019039958297477358,0.0003123846062962933,0.0003120936584843463,9.29811783123568e-16,1.3749090748343444e-05,1.2932526905458845e-05,1.052070155169762
4.895843505859375,0.018914539757971017,0.0003285094575346745,0.00035214759624652495,0.018914322496683098,0.00033909692928627,0.00034631331740063095,0.9923036866199234,0.018914068324041796,0.00033888863023367327,0.00035183766246166953,0.9999999999999997,-4.351315817696196e-06,1.1636733074165346e-05,0.018996664081752004,0.0003972492483486703,0.0004035359744923757,4.163336342344337e-17,-7.816285539604547e-06,1.4687708373702337e-05,0.01897500566696346,0.0003699312694732046,0.00038010229098845924,3.885780586188048e-16,1.3749090748343444e-05,1.2932526905458845e-05,0.9854222446421558
4.903870105743408,0.018072910124192786,0.0004351410756675729,0.0004989388454457386,0.018057965155061945,0.0004385437467762099,0.000502192238285671,1.536425251479321,0.018704740050368637,0.0003141603945267836,0.00029812841298670206,0.13646327739923492,-4.351315817696196e-06,1.1636733074165346e-05,0.017982122837522527,0.0003904745801801765,0.0004201201884167227,0.8635367226007651,-7.816285539604547e-06,1.4687708373702337e-05,0.018594324572709237,0.0003216219113829702,0.000333450709702799,7.125241152303174e-18,1.3749090748343444e-05,1.2932526905458845e-05,1.5255544600049518
4.91188383102417,0.018413419257138797,0.00036808522245454847,0.00037693286918487334,0.018406501513677103,0.00035904320895438144,0.0003737211482804821,0.9913539889438465,0.018407080047267856,0.00036165177236597776,0.0003775033280392012,0.9999999999999999,-4.351315817696196e-06,1.1636733074165346e-05,0.018148877540595847,0.0003772619360983172,0.0004567190633783559,2.0816681711721685e-17,-7.816285539604547e-06,1.4687708373702337e-05,0.01839109766206428,0.0004182898089015348,0.00040075933729056754,2.220446049250313e-16,1.3749090748343444e-05,1.2932526905458845e-05,1.0079320175576532
4.919882774353027,0.01920417381006042,0.00030017395128402805,0.0003085339218753362,0.01920072895150192,0.0003125746582373669,0.0003037916747222688,1.0150063634353435,0.019204839937377295,0.00030675210228697444,0.0003005015614964829,1.0,-4.351315817696196e-06,1.1636733074165346e-05,0.019074330254871028,0.0003659726422057842,0.00036490276356756016,0.0,-7.816285539604547e-06,1.4687708373702337e-05,0.019224332814770193,0.00033470427024803046,0.0003183335870172062,0.0,1.3749090748343444e-05,1.2932526905458845e-05,1.0023947313332728
4.927867412567139,0.01897533481633947,0.00037531231715916616,0.00035140109128372135,0.018972110596882273,0.0003745931268409504,0.00035104119885375276,1.0035061687263294,0.01897365064182304,0.0003776920380554258,0.00035285670213615686,0.9999999999999976,-4.351315817696196e-06,1.1636733074165346e-05,0.018884486122477902,0.00044750883747380135,0.00042692239823156203,2.541660842466243e-15,-7.816285539604547e-06,1.4687708373702337e-05,0.01897672147820706,0.0003590863401775578,0.00036401267835233647,0.0,1.3749090748343444e-05,1.2932526905458845e-05,1.004998471606754
4.93583869934082,0.018663377335228465,0.00039924990403509414,0.0004494620113885926,0.01866099418611386,0.0003975259213181079,0.00044801808155198533,1.352117453537421,0.0193008324766107,0.00030842394698697706,0.00031692409556507636,0.0,-4.351315817696196e-06,1.1636733074165346e-05,0.018587328183390713,0.00037810160204362897,0.0003385252692967092,0.8249373409051136,-7.816285539604547e-06,1.4687708373702337e-05,0.019163513215654987,0.0003172664024969282,0.0003389508031565146,0.17506265909488639,1.3749090748343444e-05,1.2932526905458845e-05,1.357183292619071
4.94379472732544,0.01886127671457372,0.0003751060142867489,0.0003927798205248488,0.018863273227371254,0.00036226400257480945,0.00038423577326598263,1.0197136821237085,0.018852524349584232,0.0003852500368129175,0.0003927621022334904,0.7115920223718173,-4.351315817696196e-06,1.1636733074165346e-05,0.01894897901107811,0.0004409574970770415,0.000421962421268577,0.0,-7.816285539604547e-06,1.4687708373702337e-05,0.018898714559504124,0.0003631934652784906,0.0003688745543307913,0.28840797762818277,1.3749090748343444e-05,1.2932526905458845e-05,1.0489268951011308
4.951737403869629,0.0185668188360442,0.000399442615623042,0.0003490531923872227,0.018564496481425382,0.0004037868009373266,0.0003488705178670594,0.999428571392277,0.018564178795608073,0.0004038308367601863,0.00034925681787418075,0.9999999999999989,-4.351315817696196e-06,1.1636733074165346e-05,0.018670487185543604,0.00046043316478311044,0.00042612882217075293,2.3592239273284576e-16,-7.816285539604547e-06,1.4687708373702337e-05,0.0185978232329125,0.0004201168572814558,0.00038478060236053074,9.159339953157541e-16,1.3749090748343444e-05,1.2932526905458845e-05,0.993902639890795
4.959666252136231,0.018608067138158654,0.00033343342539029694,0.0003480908967666528,0.01860556210901967,0.0003376088354306514,0.00035581921766144123,1.0123613907381612,0.018608698818486473,0.0003324514282118454,0.0003559660946960419,0.9999999999999997,-4.351315817696196e-06,1.1636733074165346e-05,0.018460754110900354,0.0003941297754319305,0.0003800509085561607,0.0,-7.816285539604547e-06,1.4687708373702337e-05,0.01861993634647096,0.0003243598701981841,0.000360601112545815,3.885780586188047e-16,1.3749090748343444e-05,1.2932526905458845e-05,0.9949826914618087
4.967580795288086,0.018125499036425158,0.00039239916470295427,0.0003582171714111154,0.01812663522668686,0.00039604038410363807,0.0003663383698163554,1.0278054104951346,0.018124014246453914,0.0003929696563904385,0.0003572727388749669,0.9999999999999986,-4.351315817696196e-06,1.1636733074165346e-05,0.018107241101769186,0.0004384246800793676,0.0004411844582791133,1.366962099069723e-15,-7.816285539604547e-06,1.4687708373702337e-05,0.01812018115323289,0.00036470930340509744,0.0003770446766140634,0.0,1.3749090748343444e-05,1.2932526905458845e-05,1.011947837603352
4.97548246383667,0.019134166680231067,0.0002820403903781056,0.00031080592970261084,0.01913715402926572,0.00028303825607947294,0.0003153476868808479,1.0053026283657904,0.019132838802213427,0.00028313985606988334,0.00031208980520440466,0.9999999999999973,-4.351315817696196e-06,1.1636733074165346e-05,0.019024575431912827,0.00039973140238957344,0.0003946417240401588,2.670952380708772e-15,-7.816285539604547e-06,1.4687708373702337e-05,0.019153575876579412,0.0003237289438176652,0.00036856370693339954,5.551849826023498e-20,1.3749090748343444e-05,1.2932526905458845e-05,0.9959959300608958
4.98336935043335,0.018284227616573303,0.00038483687432368935,0.00042834338377629316,0.018281694595153577,0.00039027699043985356,0.0004283713760570365,1.0251062438464147,0.018279832759874756,0.0003886773227388986,0.0004250439196645389,0.9999999999999991,-4.351315817696196e-06,1.1636733074165346e-05,0.018136469959129986,0.0004574892661400737,0.0004973918152724327,0.0,-7.816285539604547e-06,1.4687708373702337e-05,0.01831251356686446,0.00039281397537966126,0.000405784581024745,9.436895709313825e-16,1.3749090748343444e-05,1.2932526905458845e-05,1.0182591135165941
4.991243362426758,0.019754399099922472,0.00037406992620402785,0.0004027152625008003,0.019766949152902266,0.0003778976686203729,0.00039811131264562774,1.0086105493066337,0.019776917730982363,0.0003923873947177907,0.0003825225836257308,4.163336342344337e-17,-4.351315817696196e-06,1.1636733074165346e-05,0.019534412120065403,0.00047690667492945524,0.00044151488666197003,0.0,-7.816285539604547e-06,1.4687708373702337e-05,0.019771137313259877,0.00037529193955101667,0.0003940922214608483,1.0,1.3749090748343444e-05,1.2932526905458845e-05,1.0096194177993338
