wavelength,depth,depth_err_lo,depth_err_hi,absolute_depth,absolute_depth_err_lo,absolute_depth_err_hi,absolute_disagreement,fixed_power2_linear_depth,fixed_power2_linear_depth_err_lo,fixed_power2_linear_depth_err_hi,fixed_power2_linear_weight,fixed_power2_linear_achromatic_offset,fixed_power2_linear_achromatic_offset_err,uniform_quadratic_linear_uplus_v2_depth,uniform_quadratic_linear_uplus_v2_depth_err_lo,uniform_quadratic_linear_uplus_v2_depth_err_hi,uniform_quadratic_linear_uplus_v2_weight,uniform_quadratic_linear_uplus_v2_achromatic_offset,uniform_quadratic_linear_uplus_v2_achromatic_offset_err,sing_quadratic_linear_fitted_v2_depth,sing_quadratic_linear_fitted_v2_depth_err_lo,sing_quadratic_linear_fitted_v2_depth_err_hi,sing_quadratic_linear_fitted_v2_weight,sing_quadratic_linear_fitted_v2_achromatic_offset,sing_quadratic_linear_fitted_v2_achromatic_offset_err,disagreement
2.9083497524261475,0.018995525246994167,0.00015143555993873264,0.00017278959594640292,0.019000396193510537,0.0001559358095267055,0.00017662979097257323,1.242231851174867,0.01891973925623972,0.00013620379278045033,0.00013151241509551728,0.32291710250540867,-1.1356871299661184e-05,1.1636733074165346e-05,0.019129608218651263,0.000162594357321081,0.0001845903720583235,0.26584287229255893,5.73008008914342e-06,1.580339240865827e-05,0.01900209536787878,0.0001383994965145456,0.0001461466647328831,0.4112400252020324,6.1315898023596366e-06,1.2932526905458845e-05,1.2110777993514252
2.9219865798950195,0.018918028857580458,0.00013548321345450975,0.0001406060743045917,0.018915959115365595,0.00013328544454637575,0.00014922424351468747,1.2107839398696654,0.018879655092529896,0.0001191350573733832,0.00011419285420386643,0.706393681939244,-1.1356871299661184e-05,1.1636733074165346e-05,0.019035877552400046,0.00016804310216182727,0.00014797959027139374,0.2936063180607559,5.73008008914342e-06,1.580339240865827e-05,0.01889634731796304,0.0001327507668942192,0.0001288989446535764,0.0,6.1315898023596366e-06,1.2932526905458845e-05,1.1832672991961979
2.935563564300537,0.018944866163422912,0.00010001526462890403,0.0001083117457382557,0.018938565010447918,9.910156755396637e-05,0.0001127943915867416,1.063913912383062,0.018935293712393476,9.857428150209305e-05,0.00010059217047716715,0.8926884017223182,-1.1356871299661184e-05,1.1636733074165346e-05,0.01908074726216937,0.00015433068571353223,0.00014217115495189156,4.868067754459915e-17,5.73008008914342e-06,1.580339240865827e-05,0.01899781371218976,0.00012272860932930826,0.0001248570590851178,0.10731159827768175,6.1315898023596366e-06,1.2932526905458845e-05,1.0459944849991778
2.9490816593170166,0.018788467681372874,0.00011457428620015309,0.00011457261733873597,0.01878414778322959,0.00011345358123162133,0.00011172725179748808,0.9849449246317977,0.01878291586564766,0.00011517231002069334,0.00011345045598146544,0.9999999999999997,-1.1356871299661184e-05,1.1636733074165346e-05,0.01882042425553304,0.00015641143168882224,0.00015334271133268448,0.0,5.73008008914342e-06,1.580339240865827e-05,0.01876901674496267,0.0001317015402495722,0.00013426714387221664,3.05311331771918e-16,6.1315898023596366e-06,1.2932526905458845e-05,1.0022925868053112
2.962549924850464,0.01886119239237154,0.00012005531986682486,0.00011478823580747186,0.01885486354710601,0.00011968341938371069,0.00011380390019776615,0.9992144570442915,0.01885545935757342,0.00011992582299333657,0.00011374505510038102,1.0,-1.1356871299661184e-05,1.1636733074165346e-05,0.018801654193373266,0.00014509027323112225,0.0001444344355023032,0.0,5.73008008914342e-06,1.580339240865827e-05,0.018851183994819387,0.00011266918915021906,0.00012509951379694254,0.0,6.1315898023596366e-06,1.2932526905458845e-05,1.0050185011934127
2.9759624004364014,0.01884143722514295,0.0001103053505459757,0.00010751861367112175,0.018836517813128856,0.00010974503090005125,0.0001104905245864693,1.0001143900842955,0.01883642513851085,0.00010985702974916634,0.00011035333585506998,0.9999999999999999,-1.1356871299661184e-05,1.1636733074165346e-05,0.01887142162593112,0.00014717686604729177,0.00015799596529609064,0.0,5.73008008914342e-06,1.580339240865827e-05,0.018879390133542458,0.00012312673747612995,0.0001442971796333896,1.942890293094024e-16,6.1315898023596366e-06,1.2932526905458845e-05,0.9891630833063157
2.989316940307617,0.018716357514432232,0.00015649372919802895,0.00013679674589728297,0.01871666931561046,0.00014627489631951693,0.00013748084844853944,1.1915313111889902,0.018734800231792578,0.00012026875989928215,0.00011787499855965902,0.5449999755566786,-1.1356871299661184e-05,1.1636733074165346e-05,0.018668722471401507,0.00016245224798759964,0.00016057457862751756,0.3942265344979364,5.73008008914342e-06,1.580339240865827e-05,0.01876927671904112,0.00013431382628624478,0.0001202621293909592,0.06077348994538506,6.1315898023596366e-06,1.2932526905458845e-05,1.231569019457962
3.002616167068481,0.018715328151683697,0.00010512084290583562,0.00011666673547253148,0.01870777344135774,0.00010514950114916266,0.00011763715108200137,0.9954674476517013,0.018708685104399,0.00010610941230500617,0.00011769162986539905,0.9999999999999967,-1.1356871299661184e-05,1.1636733074165346e-05,0.018773141997115505,0.00014800610669941233,0.00014718291337061443,3.374470841643879e-15,5.73008008914342e-06,1.580339240865827e-05,0.018759523852921536,0.00011818955386941679,0.00011677428744055751,6.11532788109562e-17,6.1315898023596366e-06,1.2932526905458845e-05,0.9910033314746362
3.015860080718994,0.018808679308339175,0.00010442323873560352,0.00011454085201583267,0.018802631616935003,0.00010475704264693506,0.00011521221407533033,1.0083606142415595,0.018802690752698574,0.00010412575967486126,0.00011401966728404045,1.0,-1.1356871299661184e-05,1.1636733074165346e-05,0.018761957664335055,0.0001434013466302675,0.00014814031179717982,0.0,5.73008008914342e-06,1.580339240865827e-05,0.018789366138759485,0.0001295739941905849,0.00012053561545988592,0.0,6.1315898023596366e-06,1.2932526905458845e-05,1.003752834996118
3.029047966003418,0.018898470297577376,0.00012434784194977067,0.00015858655182831444,0.01889432513914697,0.0001235988896748988,0.0001691755830563607,1.3361838069461798,0.018856828054272974,0.0001111121016745785,0.00010800032223691122,0.6849533941342593,-1.1356871299661184e-05,1.1636733074165346e-05,0.019038189456381298,0.0001633608866527768,0.00016504285863047294,0.3150466058657408,5.73008008914342e-06,1.580339240865827e-05,0.01889560078103971,0.00013815377811378024,0.0001305369889466751,0.0,6.1315898023596366e-06,1.2932526905458845e-05,1.2912749935730536
3.042182207107544,0.01880831809509481,0.00012934620587925008,0.00011529244080276876,0.018802866692668403,0.00012650659102038386,0.0001158454908205403,1.0950369582993418,0.018818583250582298,0.00011166292959477117,0.0001096557026250139,0.8408994428831594,-1.1356871299661184e-05,1.1636733074165346e-05,0.018687354394302053,0.00014188616085957645,0.00014545189629508112,0.15910055711683985,5.73008008914342e-06,1.580339240865827e-05,0.018787678348098975,0.00012642500358265446,0.00012066333417422997,6.416986083127019e-16,6.1315898023596366e-06,1.2932526905458845e-05,1.105368509774068
3.055262327194214,0.018776533511743118,0.00012605205176266163,0.0001227360711490988,0.018766775777578532,0.00012345832958556707,0.0001266989123772308,1.005147083329475,0.018769860709235038,0.00012524287232417233,0.00012363338281469807,0.9999999999999991,-1.1356871299661184e-05,1.1636733074165346e-05,0.018787685412320346,0.000149920950248357,0.00015509218060727123,0.0,5.73008008914342e-06,1.580339240865827e-05,0.018817051951788955,0.000131229758021479,0.00012238233568061252,8.036396051051679e-16,6.1315898023596366e-06,1.2932526905458845e-05,0.9996458793264114
3.068288803100586,0.01866075462276835,0.00012263916918360887,0.00013118582126742453,0.01867077721288333,0.00011924829316382543,0.00013297806240535406,1.0571749627400335,0.018556125332656687,0.00012483658492186064,0.00011374866771735048,0.0,-1.1356871299661184e-05,1.1636733074165346e-05,0.018697933655708827,0.00015731955523723765,0.00016845230742358955,0.0,5.73008008914342e-06,1.580339240865827e-05,0.01867274970332085,0.00012206459671538356,0.00012879687051623942,1.0,6.1315898023596366e-06,1.2932526905458845e-05,1.0638754392538579
3.081264019012451,0.01867442697602152,0.00011199718104585449,0.00010061551156781076,0.018666811661089053,0.00011113262843625432,9.937449531030942e-05,0.9945775269921612,0.018667428576216633,0.00011149119104023053,0.00010016362523456238,1.0,-1.1356871299661184e-05,1.1636733074165346e-05,0.01867448353005579,0.0001605600561788642,0.00014661430289268293,1.1275702593849246e-17,5.73008008914342e-06,1.580339240865827e-05,0.018627827895483038,0.00013034512538512635,0.00012753097651649684,7.22078646875346e-17,6.1315898023596366e-06,1.2932526905458845e-05,1.0045256533998674
3.0941851139068604,0.018655808154129462,0.00010266687207546865,0.00010415748383816106,0.018650627719305778,0.00010549008098600238,0.00010286765682877147,1.0017138261568226,0.0186499807556521,0.00010430643266799017,0.00010369482714706058,1.0,-1.1356871299661184e-05,1.1636733074165346e-05,0.018649751450911068,0.00014537134223148104,0.0001530172594517848,0.0,5.73008008914342e-06,1.580339240865827e-05,0.0186948853879048,0.00011831906781379145,0.00012101092913291076,5.551115123125783e-17,6.1315898023596366e-06,1.2932526905458845e-05,0.9943418424365915
3.107055902481079,0.018786390981161225,0.00011962870682697899,0.00011154808540433242,0.01877992516490142,0.00011860757489806292,0.00011170375111265937,0.9969721323410332,0.018779576607982455,0.00011829564926201658,0.00011271514686717748,1.0,-1.1356871299661184e-05,1.1636733074165346e-05,0.018822898617226066,0.00017080588487927012,0.000149351209754435,0.0,5.73008008914342e-06,1.580339240865827e-05,0.01878356217098439,0.00012898280581163934,0.00012352324772002196,0.0,6.1315898023596366e-06,1.2932526905458845e-05,1.0007185642614924
3.1198747158050537,0.01885119116246143,0.00012726055965049318,0.00013609399591821975,0.018864841842723655,0.00012905663736721001,0.00013462654839339894,1.1102095766576618,0.018795485578478297,0.00011866946852617452,0.00011883810779508147,1.4429851402661422e-15,-1.1356871299661184e-05,1.1636733074165346e-05,0.018891906246699827,0.00015865704210901374,0.00014963647035048933,0.0,5.73008008914342e-06,1.580339240865827e-05,0.018864007034738877,0.00012794303564648765,0.00013680146441268776,0.9999999999999987,6.1315898023596366e-06,1.2932526905458845e-05,1.1088259147257515
3.132643461227417,0.018467913123170667,0.00012712954165050236,0.0001422750379193316,0.018480339736720787,0.00012406784192050754,0.00014116038401761413,1.0784058449974734,0.018578880319608984,0.00012481674579648688,0.0001211279763769571,2.346177312486509e-17,-1.1356871299661184e-05,1.1636733074165346e-05,0.01844092376440129,0.0001493686912025921,0.00016028135186132997,1.6653345369377348e-16,5.73008008914342e-06,1.580339240865827e-05,0.018479819795092958,0.00012676130053258447,0.00014200474477749775,0.9999999999999998,6.1315898023596366e-06,1.2932526905458845e-05,1.0953867079930495
3.145362377166748,0.01857740592777588,0.00011977553163291729,0.00011766122604376164,0.018572017640219398,0.00012122974769663078,0.0001193479017516097,1.0112219126799675,0.01857114775025016,0.00011930908758893757,0.00011859878053731288,0.9999999999999998,-1.1356871299661184e-05,1.1636733074165346e-05,0.01855106654435703,0.0001584576453099347,0.00014627962068385417,1.3530843112619093e-16,5.73008008914342e-06,1.580339240865827e-05,0.018601506217762256,0.0001307019707349026,0.0001266544607681809,0.0,6.1315898023596366e-06,1.2932526905458845e-05,0.9980197777682513
3.158031225204468,0.01860347104549358,0.00018100891750952655,0.00014606203134591433,0.018605726717616806,0.00016877834443564457,0.00014173994058629125,1.3975110380549578,0.018676287049598814,0.00010673304183355867,0.00011546075597294175,0.44544706224643854,-1.1356871299661184e-05,1.1636733074165346e-05,0.018524983489493746,0.000157662997704925,0.00015264219859811162,0.5545529377535615,5.73008008914342e-06,1.580339240865827e-05,0.018675586970952347,0.00012934450314783588,0.00012202979018502425,0.0,6.1315898023596366e-06,1.2932526905458845e-05,1.472007554145475
3.17065167427063,0.018888524939072702,0.0001312382138130598,0.00011452146193475371,0.01888645295581278,0.00012638954925912882,0.00011400081931658979,1.0991546038943676,0.018903200493326923,0.00011579617170226139,0.00010290861079512506,0.673805802025086,-1.1356871299661184e-05,1.1636733074165346e-05,0.01876493686716226,0.00017359329176737728,0.00015312703601057936,0.0,5.73008008914342e-06,1.580339240865827e-05,0.018847625935784457,0.00013341353508999898,0.0001331053462307573,0.326194197974914,6.1315898023596366e-06,1.2932526905458845e-05,1.123705082904396
3.183222770690918,0.018864513522593603,0.0001271062709386206,0.0001501913924309914,0.01886922230153085,0.00012947518245643233,0.00015321360412582155,1.278721194124564,0.01882790649023397,0.00011410503845560652,0.00010696644130178332,0.5102406150410579,-1.1356871299661184e-05,1.1636733074165346e-05,0.018924542681468415,0.00014229010556519525,0.00016230339939578287,0.48975938495894206,5.73008008914342e-06,1.580339240865827e-05,0.018822231532906825,0.00012658864882302,0.00012198869315525537,0.0,6.1315898023596366e-06,1.2932526905458845e-05,1.2543348589059355
3.1957476139068604,0.018800041441193568,0.00011365021186152471,0.00011753392638109289,0.01879755279172373,0.00011570124456809425,0.00011453042833088276,0.9951644996528859,0.018795678581305576,0.00011513390521879219,0.0001162164624634171,1.0,-1.1356871299661184e-05,1.1636733074165346e-05,0.018686472763508537,0.00016652610812979696,0.00016633444883709658,0.0,5.73008008914342e-06,1.580339240865827e-05,0.01877805144602955,0.00013227919920382955,0.00013732958591664013,5.551115123125783e-17,6.1315898023596366e-06,1.2932526905458845e-05,0.9992814818439363
3.208223819732666,0.01868922138679773,0.0001148799990912941,0.00011372850206071983,0.01868354775694862,0.00011740571438937503,0.00011239338697839954,1.004040256216785,0.01868270588881126,0.00011645443762266575,0.00011241995256728102,1.0,-1.1356871299661184e-05,1.1636733074165346e-05,0.018671346415049583,0.00015628638595043334,0.00017024806821455338,0.0,5.73008008914342e-06,1.580339240865827e-05,0.0186821454034852,0.00012485227981164776,0.00013876215371371944,0.0,6.1315898023596366e-06,1.2932526905458845e-05,0.9988382752753063
3.220654010772705,0.018736344496083013,0.00011971837501964858,0.0001235618794866479,0.018730082789996338,0.00012024661598975667,0.0001265756473724823,1.0085594073809732,0.01872832158360134,0.00011832299588288714,0.00012640454476163174,0.9999999999999981,-1.1356871299661184e-05,1.1636733074165346e-05,0.018800337783612592,0.00015882850022488557,0.0001593839938461815,0.0,5.73008008914342e-06,1.580339240865827e-05,0.018750394674631774,0.00013114469400300754,0.00014612420250484717,1.952375076673062e-15,6.1315898023596366e-06,1.2932526905458845e-05,0.9940861329525447
3.233036756515503,0.01862815354232982,0.00015620769439174745,0.0001349104318240299,0.018627737994003593,0.00015296430782638093,0.00012965235030114666,1.2102775855491035,0.01865349663698304,0.000116097438256281,0.00011741647747843392,0.6295003875144637,-1.1356871299661184e-05,1.1636733074165346e-05,0.018554142702688375,0.0001603051217891477,0.0001655763588216605,0.3704996124855352,5.73008008914342e-06,1.580339240865827e-05,0.01866925061630343,0.0001309341785256518,0.00014222833097336102,1.1262150066693177e-15,6.1315898023596366e-06,1.2932526905458845e-05,1.2466842727544516
3.2453739643096924,0.018792744998686797,0.00012607485592356152,0.00012237021473441786,0.018786885576557603,0.0001263297311775713,0.00012567738097355938,1.0069078319718596,0.018786836175233614,0.00012596325138979417,0.00012431498078724346,0.9999999999999987,-1.1356871299661184e-05,1.1636733074165346e-05,0.018881141708525385,0.00017057533452762355,0.00017877367060754185,1.3600232051658162e-15,5.73008008914342e-06,1.580339240865827e-05,0.018831940399919478,0.00014852422068734397,0.0001396750968227188,0.0,6.1315898023596366e-06,1.2932526905458845e-05,0.9926755055638976
3.257664918899536,0.018756469658545705,0.00015042833533019523,0.00013627602962092145,0.01875434084378128,0.00014583833059397464,0.00013632178370587972,1.311572688491084,0.018796538842506108,0.00012192639042553008,0.00011554025690241679,0.617022790697739,-1.1356871299661184e-05,1.1636733074165346e-05,0.01867364545487959,0.00015884238238264223,0.00015362062513210942,0.3829772093022603,5.73008008914342e-06,1.580339240865827e-05,0.01878613648152247,0.00010746622640511044,0.00010766490340247126,6.112460797930152e-16,6.1315898023596366e-06,1.2932526905458845e-05,1.3326958548841896
3.269911050796509,0.01888337000854245,0.00013140757391494687,0.00012074827118094267,0.018885998343895514,0.00013428763753372402,0.0001211276168848717,1.0971039574277028,0.01890682088143059,0.00012508682138154953,0.00010772179505754223,0.4970304345716699,-1.1356871299661184e-05,1.1636733074165346e-05,0.018894348615091906,0.00016711487584067722,0.00015599388870697964,2.7782680669941056e-19,5.73008008914342e-06,1.580339240865827e-05,0.018867115586070394,0.0001368237687414571,0.00013304806151032827,0.5029695654283302,6.1315898023596366e-06,1.2932526905458845e-05,1.083103576460021
3.2821123600006104,0.018651625896616196,0.0001394895216987324,0.00013314796106836044,0.018663870473387335,0.00013989820795904176,0.00013574527363759484,1.0724943293571718,0.01875974920250774,0.00012686441122349013,0.00013014718692812982,2.3349206274090174e-17,-1.1356871299661184e-05,1.1636733074165346e-05,0.018542781322507515,0.0001597935894896499,0.00016359575619058833,0.0730876333573327,5.73008008914342e-06,1.580339240865827e-05,0.018673576137453553,0.00013437957543133497,0.00013162916806953168,0.9269123666426673,6.1315898023596366e-06,1.2932526905458845e-05,1.0607983636841738
3.2942686080932617,0.01865769189556011,0.0001231001665944545,0.00011708814526947484,0.0186514213219629,0.0001229021746655956,0.00011768508901757388,1.0016108814676206,0.018651585932248263,0.00012307567830408678,0.00011712465111989728,0.9999999999999988,-1.1356871299661184e-05,1.1636733074165346e-05,0.018733072795772632,0.0001449773472638402,0.00015629461925070753,0.0,5.73008008914342e-06,1.580339240865827e-05,0.01868863568445487,0.00013347918280310483,0.00012441271121927874,1.1379786002407847e-15,6.1315898023596366e-06,1.2932526905458845e-05,0.9999499685946163
3.306382179260254,0.018666624755068698,0.00012477644657111348,0.00012790824694018654,0.018660031494213584,0.00012573091167770306,0.00012683467859317746,1.0068805449857785,0.01866139392495958,0.000123448773407836,0.00012739090318403604,0.9999999999999991,-1.1356871299661184e-05,1.1636733074165346e-05,0.018782496875381863,0.0001858205963778288,0.00016480199722945787,4.265919062329737e-20,5.73008008914342e-06,1.580339240865827e-05,0.01871484511977458,0.00015504651818267282,0.0001419551164837489,9.851304884692095e-16,6.1315898023596366e-06,1.2932526905458845e-05,1.007355363172589
3.318450450897217,0.018831799950156863,0.00011298877242682873,0.00011882150274481959,0.018825452660017953,0.00011205925517368195,0.00011886783729857589,0.9970351696905535,0.018826139949669543,0.00011276952931088893,0.00011884425874026869,0.9999999999999996,-1.1356871299661184e-05,1.1636733074165346e-05,0.018812598970961866,0.00017768841568964813,0.0001614075045195118,0.0,5.73008008914342e-06,1.580339240865827e-05,0.01880363140508447,0.00013719659870270462,0.00014009481417903008,5.273559366969492e-16,6.1315898023596366e-06,1.2932526905458845e-05,1.0008483394798902
3.330476999282837,0.01881884960821975,0.0001282336883809479,0.0001263885023127624,0.018815294407589046,0.00012904291301506568,0.0001205255094724432,0.9926723357764036,0.01881451200764632,0.00012922261238694846,0.00012218806311285052,1.0,-1.1356871299661184e-05,1.1636733074165346e-05,0.018830497342907777,0.0001624713005739728,0.00017410598068066593,0.0,5.73008008914342e-06,1.580339240865827e-05,0.01883326106469721,0.0001433710021382928,0.00014594116996006698,0.0,6.1315898023596366e-06,1.2932526905458845e-05,1.0127739810074767
3.3424601554870605,0.018966142075056657,0.0001319127650611443,0.00012525318260217175,0.01895912234228999,0.00013286587495953822,0.00012454556226763197,1.001433370261282,0.01895868338319147,0.00013259657863201255,0.00012444642080389548,0.9999999999999943,-1.1356871299661184e-05,1.1636733074165346e-05,0.01895719228103964,0.000185675683071259,0.00018585973210148363,5.7610166637189724e-15,5.73008008914342e-06,1.580339240865827e-05,0.018955199268444734,0.00015568445386020952,0.00014070104666009248,0.0,6.1315898023596366e-06,1.2932526905458845e-05,1.0004783177432486
3.354401111602783,0.018836299493264708,0.00024074809923009186,0.00020623665839200264,0.01884210530510469,0.0002504723747062572,0.00020917324319914138,2.1432988473387895,0.018573436635972856,0.00010608706693009118,0.00010837001565366239,0.25080683352516264,-1.1356871299661184e-05,1.1636733074165346e-05,0.018918687512579743,0.00017621960740675166,0.00016699709258436238,0.7491931664748374,5.73008008914342e-06,1.580339240865827e-05,0.018665186566631145,0.00013292536308638636,0.0001361844768151023,6.61024512037256e-17,6.1315898023596366e-06,1.2932526905458845e-05,2.084262045519201
3.3663008213043213,0.01865875768308284,0.00013307315506470505,0.00013213119418455793,0.018651787345699847,0.00013177644753082501,0.00013085879045258292,0.9969992091463248,0.018652914012634428,0.00013255969948991128,0.0001308660239951534,1.0,-1.1356871299661184e-05,1.1636733074165346e-05,0.018539747411289338,0.00017764336112577328,0.0001704182429977108,0.0,5.73008008914342e-06,1.580339240865827e-05,0.018652318404868834,0.00014945766744044187,0.0001423571281395676,1.1102230246251565e-16,6.1315898023596366e-06,1.2932526905458845e-05,1.0067519061565722
3.378157615661621,0.018312255525585727,0.0001891872376291355,0.00021065650359755259,0.018319054268504536,0.00018541029758430486,0.00021078358618418017,1.6516708551801107,0.018555126494053525,0.00011774582029082381,0.0001221287785288551,0.1653121109547369,-1.1356871299661184e-05,1.1636733074165346e-05,0.018274978580680112,0.0001612471544133534,0.00016410164520226644,0.8346878890452631,5.73008008914342e-06,1.580339240865827e-05,0.01848684970108692,0.0001367066013316376,0.00012693714228002514,2.5870292033277658e-17,6.1315898023596366e-06,1.2932526905458845e-05,1.6668865448619796
3.3899741172790527,0.019158423290298404,0.00012427441313460005,0.00011326664123614133,0.019148401971690477,0.00012264170835462468,0.00011716363220920165,1.0095465163665658,0.019151851034303974,0.00012359597203245865,0.00011394171115117896,1.0,-1.1356871299661184e-05,1.1636733074165346e-05,0.019100083143228086,0.00015901690642907904,0.00015398112172389927,0.0,5.73008008914342e-06,1.580339240865827e-05,0.019145466801557653,0.00013619131506536347,0.00013678116408553237,5.551115123125783e-17,6.1315898023596366e-06,1.2932526905458845e-05,1.0000141922201926
3.401750087738037,0.018586463223490467,0.00015193483989712347,0.00015368728756060338,0.018588046619388687,0.00015786343175359235,0.00015859632329652193,1.2063187644121878,0.018566649304641178,0.00012642595992158612,0.00013590914120263295,0.48105206200147843,-1.1356871299661184e-05,1.1636733074165346e-05,0.01861382716289557,0.00018549994723299906,0.00017870198389191572,0.5143999475344971,5.73008008914342e-06,1.580339240865827e-05,0.018525723676209273,0.00014806039831023743,0.00014591713581767196,0.004547990464024427,6.1315898023596366e-06,1.2932526905458845e-05,1.16500661233668
3.413484811782837,0.01881760537526949,0.0001295260037430801,0.00011651035314873617,0.01881229355402751,0.00013013464617777845,0.00011424674618417535,0.9971730780521604,0.018810540381355267,0.000128413864621979,0.00011666033336912504,0.9877779562290379,-1.1356871299661184e-05,1.1636733074165346e-05,0.018903388778065112,0.00017161311303952667,0.00017512092226649317,9.161725409695246e-16,5.73008008914342e-06,1.580339240865827e-05,0.018862303656226688,0.00014008454824855632,0.0001436835887668117,0.012222043770961278,6.1315898023596366e-06,1.2932526905458845e-05,1.0039259902045956
3.425176858901977,0.01856928851670758,0.00011632763936967119,0.0001252996689402354,0.018564355812695416,0.00011926155834954613,0.00012496314926331922,1.0012298272114075,0.018564391664887766,0.00011924360757354854,0.00012468111477823354,1.0,-1.1356871299661184e-05,1.1636733074165346e-05,0.018504529071477257,0.0001812147750398091,0.0001594248227953579,0.0,5.73008008914342e-06,1.580339240865827e-05,0.018601015408546,0.00016828571332121525,0.00013756917017825054,0.0,6.1315898023596366e-06,1.2932526905458845e-05,0.9905814629213261
3.4368252754211426,0.018946110733313364,0.00012644380641982367,0.00012305194815315917,0.01894562852582512,0.00012978162556652115,0.00011997516976067213,1.007468802761487,0.01894457378092706,0.00012898574818477615,0.00011891949180142108,0.9999999999999993,-1.1356871299661184e-05,1.1636733074165346e-05,0.018826384758918867,0.00016735059974474706,0.00017804802046111207,1.8388068845354155e-16,5.73008008914342e-06,1.580339240865827e-05,0.018929960413994446,0.00014148127714750172,0.00013464365917069746,5.551115123125783e-16,6.1315898023596366e-06,1.2932526905458845e-05,1.0064158167325312
3.4484331607818604,0.018776324759172385,0.000126758977324639,0.0001357022282150594,0.018770377837777658,0.00013277333565924615,0.0001397547803403884,1.01452474120755,0.018769906656367727,0.0001322668432553048,0.00013635954398810018,0.9999999999999964,-1.1356871299661184e-05,1.1636733074165346e-05,0.018806948361237356,0.00018708985057114963,0.00017719151661656565,3.129176739414687e-21,5.73008008914342e-06,1.580339240865827e-05,0.01878040123344532,0.00014477067323318688,0.0001412126159259508,3.635952309801555e-15,6.1315898023596366e-06,1.2932526905458845e-05,0.9770492327020717
3.460002899169922,0.018502629493412692,0.000147895092307615,0.000142422984137143,0.018496393217192528,0.00014579207700267036,0.0001438280390271586,1.0496740252818568,0.018498291593595367,0.00014733446889112975,0.00014132911446913463,0.9999999999999993,-1.1356871299661184e-05,1.1636733074165346e-05,0.018539398639552125,0.00017260995968272283,0.00016501451743864207,0.0,5.73008008914342e-06,1.580339240865827e-05,0.018506240812624912,0.0001424846880511317,0.00013342965207180368,6.383782391594646e-16,6.1315898023596366e-06,1.2932526905458845e-05,1.0522036524647647
3.471534252166748,0.018597606726364,0.00013902367781094133,0.0001418157581233176,0.018604033866388828,0.0001407970680903682,0.00014377183234842716,1.1587027411613475,0.01853234886443864,0.00011953048951534456,0.0001260621809167431,0.2595334995230958,-1.1356871299661184e-05,1.1636733074165346e-05,0.018739289223822675,0.00015870498246623246,0.00016843778142074106,0.03489151527392709,5.73008008914342e-06,1.580339240865827e-05,0.018630841999461342,0.00014690108249042905,0.0001365679769386799,0.7055749852029771,6.1315898023596366e-06,1.2932526905458845e-05,1.1435171719097286
3.4830265045166016,0.018710035234511813,0.00013927685882638222,0.00014337037912268494,0.01870516208529498,0.00014127704392158033,0.00014534226739460268,1.0094608076010536,0.01870511071667379,0.00014034866853671057,0.0001435844065841782,1.0,-1.1356871299661184e-05,1.1636733074165346e-05,0.01860922021447603,0.00017784919749801523,0.00016682137021576185,0.0,5.73008008914342e-06,1.580339240865827e-05,0.018664681081083524,0.00014512016563773475,0.00016317490728039521,0.0,6.1315898023596366e-06,1.2932526905458845e-05,0.9954713371407182
3.494481325149536,0.018381720921528052,0.00011971276154418634,0.00012631256967020332,0.01837466866599782,0.00012004977468991693,0.00012818049582295418,1.0065930843354576,0.01837585830790749,0.000120098274685395,0.00012650611230654446,0.9999999999999919,-1.1356871299661184e-05,1.1636733074165346e-05,0.01840152818628378,0.0001681959079950779,0.00017433888084526783,4.260480856999038e-15,5.73008008914342e-06,1.580339240865827e-05,0.018394951515079295,0.00012933869778152668,0.00014485491464755543,3.941291737419306e-15,6.1315898023596366e-06,1.2932526905458845e-05,0.9976518837129661
3.505899429321289,0.018673056556228158,0.0001744673745203741,0.00017523000351595333,0.01867956991366253,0.00017270173008058012,0.0001775269281093922,1.3148034908990838,0.01859832071784564,0.00013379949310511272,0.0001325738931949802,0.2756839878521213,-1.1356871299661184e-05,1.1636733074165346e-05,0.018716872952205765,0.00019015144038465187,0.00017722517839420526,0.7243160121478787,5.73008008914342e-06,1.580339240865827e-05,0.018565741779632418,0.00016569747833037815,0.00014751603416102502,0.0,6.1315898023596366e-06,1.2932526905458845e-05,1.3128089967755365
3.5172793865203857,0.018567871414629827,0.00014189290850097694,0.00013000497050699722,0.018560860481305105,0.0001457790684938516,0.00013123082599156288,1.0138379428241273,0.018561566179579075,0.00014268600825697447,0.0001305429593961606,0.9999999999999978,-1.1356871299661184e-05,1.1636733074165346e-05,0.018513014136007956,0.00017738778457293894,0.00017444559180112423,1.7208456881689922e-15,5.73008008914342e-06,1.580339240865827e-05,0.01854778004129802,0.00014601400409140416,0.00014852042598606507,3.885780586188047e-16,6.1315898023596366e-06,1.2932526905458845e-05,0.9951283033545304
3.5286223888397217,0.01880869347233487,0.00012974782453712558,0.00012467870593153504,0.018802046478442636,0.00012842416374807958,0.00012196079400272897,0.9869740897069524,0.018804353405969344,0.00013012114058149477,0.00012356835376495928,0.9999999999999989,-1.1356871299661184e-05,1.1636733074165346e-05,0.018847492376532528,0.00016990599707876822,0.0001599596727377417,1.1657341758564138e-15,5.73008008914342e-06,1.580339240865827e-05,0.01886435117407391,0.00014609629644246266,0.00012848061492581192,0.0,6.1315898023596366e-06,1.2932526905458845e-05,1.0029052686005202
3.5399296283721924,0.018501598715494658,0.00017543710925201073,0.0001772604998919354,0.018509744371159112,0.00017539968215403434,0.00018110750585010466,1.3283457941428491,0.018453105421604298,0.00012855919451760026,0.0001398251294860639,0.30650052021995566,-1.1356871299661184e-05,1.1636733074165346e-05,0.018536809198868145,0.0001977212746173268,0.00018714866147972672,0.6934994797800443,5.73008008914342e-06,1.580339240865827e-05,0.01841018558439955,0.0001656457402101942,0.00014447887339967547,0.0,6.1315898023596366e-06,1.2932526905458845e-05,1.3141513031853935
3.5512008666992188,0.01868712968660107,0.00014828014109415089,0.00014650863233455977,0.01869894451785398,0.00015144855108245245,0.00014758348880274802,1.1071335076867295,0.018585119915604735,0.00012935310076521433,0.0001407426354843415,0.0,-1.1356871299661184e-05,1.1636733074165346e-05,0.018798968203633866,0.00018863876358357276,0.00017479935406080824,7.771561172376094e-16,5.73008008914342e-06,1.580339240865827e-05,0.01869859713994073,0.00014846071632199087,0.00014541738214542133,0.9999999999999992,6.1315898023596366e-06,1.2932526905458845e-05,1.0914232765094063
3.5624349117279053,0.01845540370188271,0.00016010404608831144,0.00012685398851627894,0.01845066286197123,0.00015617616384054275,0.00013156010271722987,0.9950405265803474,0.018449899973618254,0.00015837775376409402,0.00013079264570358892,0.9999999999999973,-1.1356871299661184e-05,1.1636733074165346e-05,0.018472009783515243,0.00017991468776539996,0.00018963883383444832,2.6437185773886516e-15,5.73008008914342e-06,1.580339240865827e-05,0.01847085200375661,0.00014930366618319535,0.00014484892792799436,3.022230040837414e-17,6.1315898023596366e-06,1.2932526905458845e-05,0.9923492692641944
3.573633909225464,0.018695211081475004,0.00012791214090009453,0.00011760189834823451,0.018687977086268313,0.00012851361073079257,0.0001181255546632079,1.009977923685675,0.018686097700601936,0.00012585452492373458,0.0001183480062503621,0.9999999999999997,-1.1356871299661184e-05,1.1636733074165346e-05,0.018681032690185284,0.0001666488493212298,0.00017485692366656438,0.0,5.73008008914342e-06,1.580339240865827e-05,0.01872355895834394,0.00013875072762229573,0.0001396737085896417,3.330669073875469e-16,6.1315898023596366e-06,1.2932526905458845e-05,1.005370575267696
3.5847980976104736,0.018759224429671942,0.00015932777545281732,0.0001521541216077324,0.018760042463950414,0.00015605410471690104,0.0001480795207427256,1.0283261898091693,0.018768851899881422,0.00014908781636021468,0.0001466681689230795,0.64735598171274,-1.1356871299661184e-05,1.1636733074165346e-05,0.018622792484728985,0.00017912937464127643,0.0001847570773190442,1.588949105754342e-17,5.73008008914342e-06,1.580339240865827e-05,0.01873353203977693,0.0001492453082871971,0.00015741004035292605,0.3526440182872601,6.1315898023596366e-06,1.2932526905458845e-05,1.0531719138741766
3.5959274768829346,0.018782686273643222,0.00017779430919385303,0.00020569374559988723,0.018785784053411376,0.00018509523981037612,0.00021100034326789613,1.3303463598956076,0.018713186718415323,0.0001507846211912453,0.00015352412505316784,0.5496072236946972,-1.1356871299661184e-05,1.1636733074165346e-05,0.01889670697811688,0.00019762364420225845,0.00019419959462531333,0.45039277630530283,5.73008008914342e-06,1.580339240865827e-05,0.018736822109114905,0.0001502164712958963,0.00014752221918268998,0.0,6.1315898023596366e-06,1.2932526905458845e-05,1.2880020872575215
3.607021331787109,0.01884081291920319,0.00012692718216624627,0.00014909871178975936,0.018836056305285353,0.0001226440401743134,0.00014962329556841847,0.9958830684871215,0.018834213744335283,0.00012179615019442674,0.00015159672529279494,0.9999999999999993,-1.1356871299661184e-05,1.1636733074165346e-05,0.01880554573002307,0.00019825788919055135,0.00020313792275165193,0.0,5.73008008914342e-06,1.580339240865827e-05,0.018866483056449522,0.0001605955587380553,0.00016113770986795825,6.106226635438358e-16,6.1315898023596366e-06,1.2932526905458845e-05,1.0096308964309753
3.6180808544158936,0.018453504074983862,0.00014060368913652865,0.00014102589135386173,0.018445682630599414,0.00013921750390115048,0.0001430585131635652,1.0026398288751945,0.018447497067081403,0.00014027031108318141,0.00014126250751767683,0.9999999999999992,-1.1356871299661184e-05,1.1636733074165346e-05,0.01846432319607442,0.00021219375826180345,0.00019305963620843206,7.976474704046563e-16,5.73008008914342e-06,1.580339240865827e-05,0.01848510670196938,0.00014619995548989517,0.00014776232108034554,1.0700714218283897e-18,6.1315898023596366e-06,1.2932526905458845e-05,1.0003436966603503
3.629106521606445,0.018764467864364108,0.000142349688103411,0.00013972675599339957,0.018759115708808824,0.00014220005092098129,0.00014046063672604192,1.0071925315338892,0.01875956477809455,0.00014067076765208672,0.00013997139240895864,0.9999999999999991,-1.1356871299661184e-05,1.1636733074165346e-05,0.018672791691332968,0.00018922000750570128,0.00018823382689093712,8.2572837456496e-16,5.73008008914342e-06,1.580339240865827e-05,0.018732256053777423,0.0001582331551970989,0.00017134448302607436,0.0,6.1315898023596366e-06,1.2932526905458845e-05,1.0051107219081168
3.640098571777344,0.018749021815344047,0.0001354197524464605,0.00014048129953115468,0.018740982103192458,0.00013337691835523316,0.0001428473818336322,1.0100920190460374,0.018743466047923617,0.00013382771685383626,0.00013963677448007236,1.0,-1.1356871299661184e-05,1.1636733074165346e-05,0.01860709430759878,0.00020641972938236983,0.00022160391838990656,4.163336342344337e-17,5.73008008914342e-06,1.580339240865827e-05,0.018739379270661143,0.0001614679994335344,0.00018234930770626503,0.0,6.1315898023596366e-06,1.2932526905458845e-05,1.008909970840534
3.651057481765747,0.01852724368671573,0.00013915603893489836,0.00014792872924948575,0.018540033621267084,0.00014148806609706743,0.00014691527181098438,1.0742576257883825,0.018430707583596245,0.00013687727228459817,0.00013159030102808528,0.0,-1.1356871299661184e-05,1.1636733074165346e-05,0.018613288845602725,0.00019224997864350502,0.00016836892360074657,3.1918911957973246e-16,5.73008008914342e-06,1.580339240865827e-05,0.018540276466146803,0.0001412173836005462,0.0001477870052794955,0.9999999999999997,6.1315898023596366e-06,1.2932526905458845e-05,1.0693461584279202
3.661986112594605,0.018502827958756747,0.000173495656687183,0.0001539538075213294,0.018514642790009656,0.0001764524237590423,0.00015549420125107044,1.1467307214402351,0.018596110092504444,0.0001382181953451002,0.00015125397000615576,3.05311331771918e-16,-1.1356871299661184e-05,1.1636733074165346e-05,0.018380515505233994,0.0001937112525655614,0.00019572069397430503,0.0,5.73008008914342e-06,1.580339240865827e-05,0.0185155506833158,0.0001731184179147409,0.00015506963820414998,0.9999999999999998,6.1315898023596366e-06,1.2932526905458845e-05,1.1311949935192334
3.672884464263916,0.018808321405372443,0.000213711567167936,0.00021349032384667538,0.018818063657063306,0.00020931805292842207,0.00021098482744776395,1.6513693812641559,0.019043874573641345,0.00012509810097583937,0.00012941968598617626,0.10781847439926714,-1.1356871299661184e-05,1.1636733074165346e-05,0.018790176022326358,0.0002039603908193799,0.0001909196394427222,0.8921815256007329,5.73008008914342e-06,1.580339240865827e-05,0.01907562583320982,0.00016578787645256388,0.000170807438692272,0.0,6.1315898023596366e-06,1.2932526905458845e-05,1.6784755836273526
3.683750629425049,0.018997425422389084,0.00015764640713823025,0.00015763433643044625,0.018987256096941747,0.0001525237674622204,0.00016072300470330522,0.9896371887373531,0.01898918434427133,0.0001549470737857682,0.00016157980670180455,0.9999999999999898,-1.1356871299661184e-05,1.1636733074165346e-05,0.019098678508458887,0.0002129121489426733,0.00018624635372744766,1.0311196341206135e-14,5.73008008914342e-06,1.580339240865827e-05,0.019034309050501498,0.00015905489420484087,0.00016095417948397417,0.0,6.1315898023596366e-06,1.2932526905458845e-05,0.9960630929133831
3.694584369659424,0.018706611958515865,0.0001355211192759359,0.00013827133945372785,0.01870202392710023,0.00013740135040880147,0.00013749860420946697,1.0045106484742474,0.018701650681910653,0.00013624290505197256,0.00013742264049083908,0.999999999999994,-1.1356871299661184e-05,1.1636733074165346e-05,0.018780284120310617,0.0001713403356554434,0.00018609468617725514,3.80251385934116e-15,5.73008008914342e-06,1.580339240865827e-05,0.018748296031991664,0.00014231654838217991,0.00015813650679738847,2.137179322403426e-15,6.1315898023596366e-06,1.2932526905458845e-05,1.000463752887125
3.70538592338562,0.018856761705294326,0.00015432152461426069,0.00013400436956498285,0.018847313652648766,0.00015529699571779215,0.00013777879236143153,1.0180426540203833,0.018850527336282428,0.0001559260699878079,0.00013195556927536947,0.9999999999999998,-1.1356871299661184e-05,1.1636733074165346e-05,0.018992594098058733,0.0001850241408716674,0.0002117258972911401,2.4286128663675294e-16,5.73008008914342e-06,1.580339240865827e-05,0.018899431534330283,0.00016429411592910892,0.00016701781696815132,0.0,6.1315898023596366e-06,1.2932526905458845e-05,1.0015431860024253
3.716155529022217,0.018518648041015284,0.00015338807470036478,0.00016191622324446264,0.01851484494821421,0.00015874986639518446,0.00016759595749918713,1.089962618551133,0.018495704923387313,0.00014987760756185464,0.0001495324991151771,0.6376632464966875,-1.1356871299661184e-05,1.1636733074165346e-05,0.018657356170553068,0.00020515519658876116,0.00021769478535634337,1.066990462997297e-16,5.73008008914342e-06,1.580339240865827e-05,0.018567796807232393,0.00016727348525059568,0.0001742205709193874,0.3623367535033124,6.1315898023596366e-06,1.2932526905458845e-05,1.0530850192206118
3.726892709732056,0.018861354803369066,0.00016623890179887774,0.00015570956027988886,0.018872548338847793,0.00016283209284153125,0.00015628334820640827,1.0613815052675681,0.01875144255950896,0.00015199519906983552,0.00014866525097964253,0.0,-1.1356871299661184e-05,1.1636733074165346e-05,0.019010826305015556,0.00020083004671824292,0.00021056299213413274,5.551115123125783e-17,5.73008008914342e-06,1.580339240865827e-05,0.018873262961736734,0.00016406920257471327,0.00015533789354140598,1.0,6.1315898023596366e-06,1.2932526905458845e-05,1.0708041647173259
3.737598419189453,0.01863160991286525,0.00016229592897203104,0.00015578948221999303,0.01862744238956886,0.0001559870286415646,0.00015551799091468102,0.9831540788028671,0.018625327832575124,0.00016051145882115675,0.00015633106492196625,0.9999999999999996,-1.1356871299661184e-05,1.1636733074165346e-05,0.018489815363053844,0.00021762031566007964,0.00020387907658261234,1.3183898417423734e-16,5.73008008914342e-06,1.580339240865827e-05,0.01859382024662339,0.00018576961308015838,0.0001778289375483251,4.163336342344337e-16,6.1315898023596366e-06,1.2932526905458845e-05,1.003922729292198
3.748273134231568,0.018733223939846465,0.00016498943491208978,0.00016685642004379136,0.018742580442300472,0.00016912988687274588,0.00016616513843331973,1.0602007925026617,0.01882875923869151,0.0001570477997522579,0.00015920835443772666,6.964987133591125e-16,-1.1356871299661184e-05,1.1636733074165346e-05,0.0185721617528758,0.00018550315047933044,0.00019087993323627442,2.220446049250313e-16,5.73008008914342e-06,1.580339240865827e-05,0.018742491519906826,0.00016876000692544676,0.000166885763525651,0.9999999999999991,6.1315898023596366e-06,1.2932526905458845e-05,1.049294537226717
3.7589168548583984,0.018466180021576663,0.00015354673047702008,0.00015849292811512955,0.018460386173363527,0.00015698390370395138,0.00015896678672689193,1.0006444448799614,0.018461569754230415,0.00015771326755695259,0.00015803394120184402,0.9999999999999996,-1.1356871299661184e-05,1.1636733074165346e-05,0.01844979751313125,0.00019555346742740343,0.00019414218948842973,9.71445146547012e-17,5.73008008914342e-06,1.580339240865827e-05,0.018504499395144883,0.00017353818862620926,0.00017000205341332827,3.0531133177191805e-16,6.1315898023596366e-06,1.2932526905458845e-05,0.9882578529158773
3.769530057907105,0.01862292157011265,0.0001505744330503947,0.00014922132527220647,0.018617247940263537,0.00014866661252686472,0.00014947369702720745,0.9997472089949316,0.018618975874002124,0.00015058963324230193,0.00014762606255723856,0.9999999999999958,-1.1356871299661184e-05,1.1636733074165346e-05,0.01859394738063127,0.00021050424344366825,0.0001897094908204465,4.151526610524351e-15,5.73008008914342e-06,1.580339240865827e-05,0.018636884556952813,0.00017811803176054353,0.00016375797282403015,0.0,6.1315898023596366e-06,1.2932526905458845e-05,1.0052983881979263
3.7801127433776855,0.018524800985725266,0.0001900983225669936,0.0001767438859038399,0.018528591493000776,0.00018616693409153479,0.00017793582494380483,1.1951420129008579,0.018538338287663072,0.00016144216366680356,0.00014321013296829388,0.2565877835947259,-1.1356871299661184e-05,1.1636733074165346e-05,0.018482405906657097,0.0001906402624704505,0.00020809375100733912,0.5098023428685311,5.73008008914342e-06,1.580339240865827e-05,0.01860662454376001,0.00016624810115905414,0.00015039879595488484,0.23360987353674306,6.1315898023596366e-06,1.2932526905458845e-05,1.2041340653677235
3.7906651496887207,0.018563344851096335,0.0001612598453727722,0.00015202761887480806,0.01855808679012617,0.00015935020507408526,0.00015233567405329926,0.9986858013774722,0.01855832594700693,0.00015992678435518617,0.0001521692509518953,1.0,-1.1356871299661184e-05,1.1636733074165346e-05,0.018739552107848386,0.00021813846821432115,0.00022240083726528942,0.0,5.73008008914342e-06,1.580339240865827e-05,0.018619831612766646,0.00018316925368727643,0.0001836133278797468,0.0,6.1315898023596366e-06,1.2932526905458845e-05,1.0038175074519178
3.801187515258789,0.01850885963851462,0.00015038052232576107,0.00015556903208997427,0.01850457880114648,0.00015177331480673364,0.0001530458752662181,1.05033712146556,0.018516960293492056,0.00014451314874363436,0.00014569766437856624,0.9090417505926066,-1.1356871299661184e-05,1.1636733074165346e-05,0.01838870911274463,0.00020493428241460596,0.00020505436996446497,0.09095824940739335,5.73008008914342e-06,1.580339240865827e-05,0.018528753249006172,0.0001723993988514312,0.00017252830377277942,0.0,6.1315898023596366e-06,1.2932526905458845e-05,1.0542320981227793
3.811679601669312,0.018675277797796912,0.0001846643012362592,0.00019713649912937378,0.01868532150998555,0.0001874874890555843,0.0002001949294356993,1.3474055279788792,0.018602555660421016,0.00014238176759127918,0.00014534335334748585,0.0,-1.1356871299661184e-05,1.1636733074165346e-05,0.01867184174150146,0.00020563063400686268,0.00021560317902603182,0.5589952555703477,5.73008008914342e-06,1.580339240865827e-05,0.01870370880049815,0.00016256820794957605,0.00017242054950052793,0.44100474442965243,6.1315898023596366e-06,1.2932526905458845e-05,1.3269637323287096
3.8221421241760254,0.01858163159527087,0.00016352670391735213,0.00019177897199812097,0.0185738701454348,0.0001681012768550462,0.0001900237566020875,1.0223386679560298,0.01857396774741521,0.0001631513127981661,0.0001919117438280056,1.0,-1.1356871299661184e-05,1.1636733074165346e-05,0.01852916765565645,0.00021612542906425738,0.00023030383225291357,0.0,5.73008008914342e-06,1.580339240865827e-05,0.018584534303904044,0.00017295443470714128,0.00017734536777723117,0.0,6.1315898023596366e-06,1.2932526905458845e-05,1.0142902547920334
3.8325753211975098,0.019021384850107625,0.00016711925104786335,0.00016566715874285,0.01903485033370651,0.00016625130660137197,0.00016405082271209181,1.0129310973434649,0.018952856569984862,0.00017201986925923993,0.00015406561689053008,0.0,-1.1356871299661184e-05,1.1636733074165346e-05,0.01907777456560817,0.00018426552499235457,0.00020836498417678428,2.1510571102112403e-16,5.73008008914342e-06,1.580339240865827e-05,0.019035153517013164,0.00016642715689641624,0.0001631676408103723,0.9999999999999998,6.1315898023596366e-06,1.2932526905458845e-05,1.0205495918265606
3.842979431152344,0.018418178604848647,0.00014172474172042746,0.00014402612271740764,0.01841058933457599,0.00014038371804452054,0.00014375752664633895,0.9970810589256354,0.018411815243537185,0.00014137113307638102,0.00014360193119687323,0.9999999999999979,-1.1356871299661184e-05,1.1636733074165346e-05,0.018368498104663913,0.0002340193965082206,0.00020663840113445062,0.0,5.73008008914342e-06,1.580339240865827e-05,0.01839150383387969,0.00017365380142039463,0.00017613398981525946,2.165295867608259e-15,6.1315898023596366e-06,1.2932526905458845e-05,1.002729381341933
3.8533549308776855,0.018594734753771203,0.00014822466223356895,0.00015338866421690106,0.018590444896299716,0.00014871397478887632,0.0001539942746314575,1.0111879200174918,0.018588080020499338,0.0001464922125600683,0.00015286683181528135,0.9291831453223401,-1.1356871299661184e-05,1.1636733074165346e-05,0.018645857858216777,0.00018758525813372326,0.0002069025639646442,0.0,5.73008008914342e-06,1.580339240865827e-05,0.018628569808758353,0.00015885857780721657,0.00016762194245882947,0.07081685467765975,6.1315898023596366e-06,1.2932526905458845e-05,1.0075303623440681
3.863701343536377,0.019155705459150626,0.0001943173071022493,0.00019563147446619022,0.019165452679804348,0.00019225325255712092,0.00018857931913262432,1.2651593999712714,0.019071925769172694,0.00015072486448887076,0.00015029062154268621,0.0,-1.1356871299661184e-05,1.1636733074165346e-05,0.019178237532341824,0.00023269259123421399,0.00024645513476960826,0.0,5.73008008914342e-06,1.580339240865827e-05,0.019166688822451608,0.00019197234476555497,0.00019059025367917579,1.0,6.1315898023596366e-06,1.2932526905458845e-05,1.2954442534147868
3.8740196228027344,0.01840907623699465,0.00018048031602138984,0.00015660517499973062,0.01840172699751284,0.00017880470638869175,0.00015603727819266458,0.9993918798414042,0.018402618777030116,0.00017977109758686785,0.00015527463505856168,0.9999999999999993,-1.1356871299661184e-05,1.1636733074165346e-05,0.01839103886962347,0.0002488542084074265,0.00024461253540091626,0.0,5.73008008914342e-06,1.580339240865827e-05,0.01840954505252523,0.0002134291925777916,0.00019618028928865966,6.938893903907223e-16,6.1315898023596366e-06,1.2932526905458845e-05,1.0060879998667214
3.8843095302581783,0.018895150495772922,0.0001642750965760581,0.0001400203385734447,0.018888279814191077,0.0001630411614590814,0.0001433907041235201,1.0093689750432437,0.018889242071218795,0.0001630207597293383,0.00014056680156802892,0.9999999999999996,-1.1356871299661184e-05,1.1636733074165346e-05,0.018870256991639474,0.00021622187666914608,0.0002259339770237928,5.412337245047638e-16,5.73008008914342e-06,1.580339240865827e-05,0.01891108305310709,0.00017778375316984674,0.00017534641941381948,0.0,6.1315898023596366e-06,1.2932526905458845e-05,1.0023316958346729
3.89457368850708,0.01867483859068705,0.0001804899060022236,0.00017965038687374826,0.0186860586415653,0.00017916682569314377,0.00018071555923251242,1.0630060077191412,0.018606305399420868,0.0001742070131989966,0.00016434458699171595,3.3306690738754696e-16,-1.1356871299661184e-05,1.1636733074165346e-05,0.01868656104633251,0.0002162950134444383,0.00021902005609727299,3.7470027081099033e-16,5.73008008914342e-06,1.580339240865827e-05,0.018683653103874473,0.00017684433509205025,0.00018145088320977235,0.9999999999999993,6.1315898023596366e-06,1.2932526905458845e-05,1.0637678057734714
3.9048123359680176,0.018437479034625552,0.00017251574044510262,0.0001833093007211975,0.018433922560420084,0.00017507018413372155,0.00018022824433810286,0.9963839158042925,0.018432051611469408,0.0001733441210832569,0.0001832437591867929,0.9999999999999964,-1.1356871299661184e-05,1.1636733074165346e-05,0.018364685470916586,0.00023716133804020656,0.00021985101397673304,3.6283327145732056e-15,5.73008008914342e-06,1.580339240865827e-05,0.018399850460682446,0.00018669889903720135,0.00018726796414954283,7.582932791269146e-19,6.1315898023596366e-06,1.2932526905458845e-05,0.9978607262165726
3.9150240421295166,0.018659400040689698,0.0001482844826851959,0.00015522038453448517,0.018653726410840586,0.00014863069667239714,0.00015547172413523866,0.9989373698529822,0.018653288243111188,0.0001496235379957779,0.00015480237496450291,0.9999999999999998,-1.1356871299661184e-05,1.1636733074165346e-05,0.01853523712406196,0.00022523772853999188,0.00022365430883741766,0.0,5.73008008914342e-06,1.580339240865827e-05,0.018647780902911082,0.00017690267711430174,0.00018331812906698455,1.6653345369377346e-16,6.1315898023596366e-06,1.2932526905458845e-05,0.996974483112678
3.9252078533172607,0.018585233491675596,0.0001639659232188541,0.0001667527581639787,0.018594754792451186,0.00016960230398366943,0.00017192696352183803,1.0317636442023375,0.01853764503914069,0.00016274828623993182,0.00016988232096008804,0.25821482409979996,-1.1356871299661184e-05,1.1636733074165346e-05,0.0187769616481639,0.0002218091602894448,0.00021741124403909864,0.0,5.73008008914342e-06,1.580339240865827e-05,0.018614262113823818,0.00016260389761276264,0.0001684111264430091,0.7417851759002001,6.1315898023596366e-06,1.2932526905458845e-05,0.9991047455510991
3.9353644847869873,0.01879507570021932,0.000175416633183198,0.00019176765858775618,0.01879150739051232,0.0001775219533253075,0.00019103975854686817,1.005076131752492,0.018790785915612312,0.00017615368553927646,0.00019054660733260412,1.0,-1.1356871299661184e-05,1.1636733074165346e-05,0.018650232760748946,0.00023303670054383371,0.0002510392582328255,0.0,5.73008008914342e-06,1.580339240865827e-05,0.018832466467177917,0.0002009522975871987,0.0001989000813268152,5.551115123125783e-17,6.1315898023596366e-06,1.2932526905458845e-05,1.0013198759545106
3.9454941749572754,0.01856502067483014,0.00022577659948240167,0.0002474232917950743,0.01856879288938529,0.00023089011956278424,0.00025263502802526025,1.457125096433019,0.018418454610716777,0.00016124261623284147,0.00017059241205106754,0.38101747153916304,-1.1356871299661184e-05,1.1636733074165346e-05,0.018675939524334346,0.00021784042549564953,0.00022683242061686051,0.618982528460837,5.73008008914342e-06,1.580339240865827e-05,0.0184520951884245,0.00017992674144855572,0.0001764974066115789,0.0,6.1315898023596366e-06,1.2932526905458845e-05,1.4260094653799449
3.955596923828125,0.018801155071996208,0.0001558636828069039,0.00016481153177782745,0.018793808912542693,0.00015419115320250074,0.00016654944508972397,1.0121685125882967,0.018794034885600157,0.00015342498970382507,0.00016345959453603967,0.9999999999999998,-1.1356871299661184e-05,1.1636733074165346e-05,0.018790048300180315,0.00023075016112192662,0.00020988966781767746,3.05311331771918e-16,5.73008008914342e-06,1.580339240865827e-05,0.01879092395506155,0.0001689670914928193,0.00016451940381907726,0.0,6.1315898023596366e-06,1.2932526905458845e-05,1.0119621797127163
3.965672731399536,0.018605108346307065,0.0001826035826567908,0.00019361406348515978,0.018596826024202397,0.0001784834458443893,0.0001935145924215273,0.9919709955367884,0.018599453404619853,0.00018242383685538113,0.00019360233352589545,0.9999999999999987,-1.1356871299661184e-05,1.1636733074165346e-05,0.01878795743216679,0.00022842146467575222,0.00021892670397087935,9.783840404509192e-16,5.73008008914342e-06,1.580339240865827e-05,0.018631844186303523,0.0001872988044411758,0.0001877101826558876,3.885780586188048e-16,6.1315898023596366e-06,1.2932526905458845e-05,1.0032230135449376
3.975722312927246,0.018310462467852066,0.00019635833519067447,0.00018343062336828933,0.018322185547252432,0.00019598459181805958,0.0001833569239645047,1.1658954289669863,0.018449178201263256,0.00016551292296796555,0.00015985203374918253,0.0,-1.1356871299661184e-05,1.1636733074165346e-05,0.018197421381000986,0.00023095284199239202,0.00023968373283302438,6.938893903907228e-17,5.73008008914342e-06,1.580339240865827e-05,0.018321917120010744,0.00019607869149853435,0.00017906878679750313,1.0,6.1315898023596366e-06,1.2932526905458845e-05,1.1672706316959898
3.9857451915740967,0.018450832760600045,0.0002626648137443212,0.00025821709553462344,0.018463010221990716,0.00026371847172709795,0.0002670974498163066,1.518879449787317,0.01850403789981028,0.00018445335199975682,0.00016502528609606618,0.0,-1.1356871299661184e-05,1.1636733074165346e-05,0.01841999237074763,0.00026260040304846785,0.0002602201864848955,0.7739570000962376,5.73008008914342e-06,1.580339240865827e-05,0.018580017784306506,0.00018827903395893936,0.0002151231545457384,0.22604299990376234,6.1315898023596366e-06,1.2932526905458845e-05,1.4904542152190854
3.9957423210144034,0.018750949029884858,0.00017970775119626956,0.00018611739593854537,0.018754238036410957,0.0001784205046806986,0.00019118120397536645,1.1086972192533653,0.01870004409048525,0.00015739493219746326,0.00017597084363172796,0.25746443414975956,-1.1356871299661184e-05,1.1636733074165346e-05,0.018926282936261127,0.00021564896809948483,0.00022154203782394702,0.0,5.73008008914342e-06,1.580339240865827e-05,0.018775487942921554,0.00018159449349132786,0.00018596640402823716,0.7425355658502405,6.1315898023596366e-06,1.2932526905458845e-05,1.097368637272037
4.005712985992432,0.018736303338557695,0.00018615640039766623,0.00017645331039153542,0.018731166772814462,0.00018302974936254546,0.00017510349814442439,0.9911541090551925,0.018730215533189737,0.0001858104145412258,0.0001755191145754488,0.9999999999999961,-1.1356871299661184e-05,1.1636733074165346e-05,0.018876165107173055,0.0002585551858852106,0.00024630899426558023,3.873790047502527e-15,5.73008008914342e-06,1.580339240865827e-05,0.018767531256843717,0.00021042950752819464,0.00021121401707392684,0.0,6.1315898023596366e-06,1.2932526905458845e-05,1.0035429755095209
4.015658378601074,0.018493791370467198,0.0001697765701384503,0.00016845936966824668,0.018485867491414235,0.0001686654306679823,0.00017007765551703413,1.0074175460921806,0.018485348031596932,0.00016703795703593843,0.00016921098710744736,1.0,-1.1356871299661184e-05,1.1636733074165346e-05,0.018498340968542467,0.00022048882088940638,0.00022182085589879733,0.0,5.73008008914342e-06,1.580339240865827e-05,0.01849780322267633,0.000164405103914321,0.00018654874028350976,0.0,6.1315898023596366e-06,1.2932526905458845e-05,1.005909299338837
4.025578022003174,0.01865260122310904,0.00024836149716621694,0.0002976706898501838,0.01864870638106829,0.0002478226799177939,0.0003131488136116217,1.4589416732407237,0.018537771831379078,0.00019358977450101636,0.00019091599692118086,0.5621145412657004,-1.1356871299661184e-05,1.1636733074165346e-05,0.018860776876381914,0.00026686905982237566,0.0002495705003674985,0.4378854587342996,5.73008008914342e-06,1.580339240865827e-05,0.018609330964010483,0.00019840130268245285,0.00019698862617861107,0.0,6.1315898023596366e-06,1.2932526905458845e-05,1.42008840334634
4.0354719161987305,0.01904502179630458,0.00018667460784665968,0.00019094561828364442,0.019059354397608873,0.0001913722607416249,0.00019130088446023263,1.1101751750795383,0.018925281779750072,0.00016917251271571926,0.00017552367018572324,1.8370866365682875e-16,-1.1356871299661184e-05,1.1636733074165346e-05,0.019187345668164237,0.00024452813670501616,0.0002502243219055511,0.0,5.73008008914342e-06,1.580339240865827e-05,0.019058628693598874,0.00018796915949576692,0.00019105779278225446,0.9999999999999998,6.1315898023596366e-06,1.2932526905458845e-05,1.0955161236533781
4.0453410148620605,0.01902508328088078,0.00024570226623081906,0.0003068130897796277,0.019026190059125477,0.0002482145755009421,0.0003206299057416234,1.5979509114653774,0.018895073311704258,0.0001741515998214191,0.00018183210228174193,0.557907953158164,-1.1356871299661184e-05,1.1636733074165346e-05,0.019257179349438356,0.0002598048983894277,0.0002410245052233001,0.4420920468418361,5.73008008914342e-06,1.580339240865827e-05,0.019000541561674765,0.00020277778956175052,0.00018427245983557855,0.0,6.1315898023596366e-06,1.2932526905458845e-05,1.552080482185481
4.055184841156006,0.018640164416524902,0.00026812783930673864,0.0002092958982003422,0.018641929811712827,0.00025811430904294774,0.00020066766917422804,1.3774332311595072,0.018738648989745997,0.00016439112128800726,0.00016867909063869244,0.5331932004889248,-1.1356871299661184e-05,1.1636733074165346e-05,0.01848348938911632,0.00023924723959425215,0.00022316696921003548,0.4668067995110752,5.73008008914342e-06,1.580339240865827e-05,0.01867895415382093,0.00017939560202029706,0.00018921384626621393,0.0,6.1315898023596366e-06,1.2932526905458845e-05,1.433402689316899
4.065003871917725,0.01848181829404752,0.00020239074237140067,0.00019995109434419248,0.01849382678018486,0.00019970836819397167,0.00019672441067329974,1.0428973707475853,0.01852275566673271,0.00020389130793947025,0.00017623504963595882,0.02291517441204828,-1.1356871299661184e-05,1.1636733074165346e-05,0.018380297577890888,0.00024534187200141513,0.00026042858229260654,0.0,5.73008008914342e-06,1.580339240865827e-05,0.018485821517833678,0.00019488923261565955,0.00020360090190171126,0.9770848255879517,6.1315898023596366e-06,1.2932526905458845e-05,1.058442353963197
4.074798107147217,0.018607781903353486,0.00016723522980456249,0.00015576060949671483,0.01859991401601442,0.00016884464464138327,0.0001579548669866683,1.0073821782156758,0.018599313802362495,0.0001673306507087649,0.0001570740476222049,1.0,-1.1356871299661184e-05,1.1636733074165346e-05,0.018403547044864417,0.00022807195544021983,0.000240281766265317,0.0,5.73008008914342e-06,1.580339240865827e-05,0.01857542979259935,0.0001831244033814322,0.00020171575694903632,0.0,6.1315898023596366e-06,1.2932526905458845e-05,0.9956570942500497
4.084568023681641,0.019163937564162428,0.00016686705739788615,0.00020649559212285173,0.019157470518601293,0.00016818191605756996,0.0002064750595850498,1.0074449560324856,0.019157267698427842,0.0001691658936637322,0.00020272239005758586,0.9999999999999993,-1.1356871299661184e-05,1.1636733074165346e-05,0.01900067844535525,0.00024252945936580408,0.00026585576709966044,0.0,5.73008008914342e-06,1.580339240865827e-05,0.0191394572416603,0.00019849104635651788,0.00021363940735466547,6.661338147750936e-16,6.1315898023596366e-06,1.2932526905458845e-05,1.0039645395242531
4.094313144683838,0.018470751357949663,0.00029209430798957797,0.0003371537105152436,0.01847665162017731,0.00028923471297136183,0.00032453100521944236,1.8684287312479069,0.018859633600289548,0.00015831001055022914,0.0001701829674938815,0.16998615915026605,-1.1356871299661184e-05,1.1636733074165346e-05,0.01838028489016094,0.0002264677658189336,0.00025865626237368475,0.782397630470401,5.73008008914342e-06,1.580339240865827e-05,0.018795460381092526,0.00019503381435883801,0.00018458657474286835,0.04761621037933295,6.1315898023596366e-06,1.2932526905458845e-05,1.9155600288671162
4.104034423828125,0.018726485621768214,0.00025509289668621676,0.0002232441844950729,0.018741584336882673,0.0002587782902609831,0.00022536120409275343,1.2367827841698924,0.018664751283005078,0.00020011134986364434,0.000191339356396536,2.1138035877543936e-16,-1.1356871299661184e-05,1.1636733074165346e-05,0.018673977052610077,0.0002939761015088513,0.00026247320246943276,0.4690634156639959,5.73008008914342e-06,1.580339240865827e-05,0.018775137161196755,0.00021419629258265238,0.00020462819139945715,0.5309365843360039,6.1315898023596366e-06,1.2932526905458845e-05,1.221959939097312
4.113731384277344,0.018828030953147185,0.00020864160019747405,0.0002192036658461155,0.018822357323298074,0.0002118696569505217,0.00021346751802732433,1.0002810424660458,0.018822064514414014,0.00020788514198119556,0.0002173325287738552,0.9999999999999983,-1.1356871299661184e-05,1.1636733074165346e-05,0.018726312474943045,0.0002609207221540462,0.00028354966672694895,1.609823385706476e-15,5.73008008914342e-06,1.580339240865827e-05,0.018799094695096698,0.00020470465694393328,0.0002482709338588879,0.0,6.1315898023596366e-06,1.2932526905458845e-05,1.0061794122616612
4.123404502868652,0.018785783734398112,0.00016855954840865744,0.00016945381014767114,0.018778311216318753,0.0001664436965403103,0.0001703731523831839,1.0001780040166557,0.018779815881686212,0.00016773980027869756,0.00016901710456309824,0.9999999999999918,-1.1356871299661184e-05,1.1636733074165346e-05,0.018712559531924907,0.0002410211871392738,0.0002320871765396082,8.213836738792321e-15,5.73008008914342e-06,1.580339240865827e-05,0.018763732135655957,0.00019728509075726125,0.00017804470757984067,0.0,6.1315898023596366e-06,1.2932526905458845e-05,1.0037310406897908
4.13305139541626,0.01846420985690681,0.00019554218725430228,0.00019820980228667934,0.0184585362270577,0.0001983504548833774,0.00019737061685700177,1.0095896617320268,0.01845978481605135,0.00019570598847377246,0.00019625629753209847,0.9999999999999953,-1.1356871299661184e-05,1.1636733074165346e-05,0.01855130460102728,0.0002614993491279298,0.0002541986129002728,4.762145253113126e-15,5.73008008914342e-06,1.580339240865827e-05,0.018503541816229853,0.00021673464472150503,0.00019066483053876981,0.0,6.1315898023596366e-06,1.2932526905458845e-05,1.004566009534611
4.142673492431641,0.01870638185482625,0.0002091418507385416,0.00018320480066323294,0.018699760164718082,0.0002023062032609109,0.00018298817281967722,0.9998785504221083,0.01870123222946617,0.00020074916569276166,0.00018459200991094785,0.9999999999999994,-1.1356871299661184e-05,1.1636733074165346e-05,0.01888760713816804,0.00026072955871879813,0.00025319955994406243,3.469446951953614e-16,5.73008008914342e-06,1.580339240865827e-05,0.01870967626371981,0.00022105006980683087,0.00019855996952447205,2.7755575615628914e-16,6.1315898023596366e-06,1.2932526905458845e-05,1.01817993051765
4.1522722244262695,0.01880383619154392,0.0001982863736728832,0.00017235923665123373,0.01881719089373554,0.00020347749864493142,0.0001727600787523112,1.078563464592404,0.018717986873536208,0.00017009333661596043,0.00017873878105587743,1.895889725385488e-17,-1.1356871299661184e-05,1.1636733074165346e-05,0.018912913245847776,0.00022525798522924148,0.00021839424514760036,0.015903958185287663,5.73008008914342e-06,1.580339240865827e-05,0.018815060463531586,0.00020169150979823525,0.00017415787362244292,0.9840960418147123,6.1315898023596366e-06,1.2932526905458845e-05,1.0625329250009026
4.1618475914001465,0.018800801748255325,0.00020863543118856617,0.00018653467433210613,0.018795081137344998,0.0002088136438278057,0.00018590074113934013,1.0000958702998008,0.01879565192276025,0.00020857115955678907,0.00018610538765145151,1.0,-1.1356871299661184e-05,1.1636733074165346e-05,0.01892424860651755,0.00029065518796621975,0.000267544790043657,0.0,5.73008008914342e-06,1.580339240865827e-05,0.018825690954063834,0.00022675792000690156,0.00021095607124794677,0.0,6.1315898023596366e-06,1.2932526905458845e-05,1.0012505387409587
4.17140007019043,0.019094964898031804,0.00019712322124712175,0.00019700258330716466,0.019087420496758257,0.00019542832431035384,0.0002001400950179498,1.001259634049674,0.019086050199857887,0.00019540729461358514,0.00019966348011483948,0.9999999999999998,-1.1356871299661184e-05,1.1636733074165346e-05,0.018967384505380817,0.00027192038689531975,0.00029020636433027894,4.1633363423443376e-17,5.73008008914342e-06,1.580339240865827e-05,0.019111513208466886,0.0002387363420978672,0.00021276510474508778,2.0816681711721688e-16,6.1315898023596366e-06,1.2932526905458845e-05,0.9976080990177323
4.180929660797119,0.01879595215933708,0.00020073949574160935,0.00019683443775184856,0.01879225512730266,0.0002016277432331237,0.0001995987133736818,1.0527144190871953,0.018790813174949572,0.00020169750651452892,0.0002006542500264108,0.9999999999999958,-1.1356871299661184e-05,1.1636733074165346e-05,0.01883678546677819,0.00023851117730173607,0.000222085545994153,3.802513859341161e-15,5.73008008914342e-06,1.580339240865827e-05,0.01880864491323865,0.00019525322183367236,0.00018588191731898351,4.996003610813204e-16,6.1315898023596366e-06,1.2932526905458845e-05,1.0431311433979793
4.190435886383057,0.018930429435262772,0.00021578020468128803,0.00019110363027361257,0.018926569018803404,0.00021522914313945596,0.00019271836481992224,1.0039443253811746,0.01892439943743095,0.00021547699618211513,0.00019086775585828303,0.9999999999999833,-1.1356871299661184e-05,1.1636733074165346e-05,0.018936496922100712,0.00028142661906961977,0.0002595033164547768,1.3492679976809807e-14,5.73008008914342e-06,1.580339240865827e-05,0.018930736760055644,0.0002278412825905858,0.00021040035698910442,3.219129690948707e-15,6.1315898023596366e-06,1.2932526905458845e-05,1.0013266639025002
4.199919700622559,0.018914598410871633,0.0002610346766898225,0.00025586384505140586,0.018918830965750474,0.0002600411700234839,0.000264562944653577,1.2589155856489793,0.0188836141188152,0.00020267998691155323,0.00021403112593611565,2.350496382607514e-17,-1.1356871299661184e-05,1.1636733074165346e-05,0.018855597865188128,0.000281345841660445,0.0003189377634153501,0.37712549292035036,5.73008008914342e-06,1.580339240865827e-05,0.01895023774629974,0.00023424576189223084,0.00023467126488471712,0.6228745070796496,6.1315898023596366e-06,1.2932526905458845e-05,1.2404241351014402
4.209381103515625,0.018802700184863238,0.00021238917027242496,0.0001916649505636428,0.01879332088026129,0.0002113670247883559,0.0001980177928378006,1.0219774937941368,0.018788749142594506,0.00020698837920218177,0.0001935926708817072,0.9298944194166987,-1.1356871299661184e-05,1.1636733074165346e-05,0.01887499707652615,0.00026276507552834213,0.0002490467117675192,0.07010558058330119,5.73008008914342e-06,1.580339240865827e-05,0.018749808648447677,0.00019869625236713928,0.0002173738235744481,0.0,6.1315898023596366e-06,1.2932526905458845e-05,1.008670082500037
4.218820095062256,0.018921780806319472,0.00020233745086362803,0.000222809088160629,0.01893197244609261,0.00020288255121780896,0.00022441024290274086,1.0608613053585771,0.01903487528261745,0.0002104546157649656,0.0001923245147040474,0.0,-1.1356871299661184e-05,1.1636733074165346e-05,0.018777243684981897,0.0002717119755906265,0.00027731767618894773,0.0,5.73008008914342e-06,1.580339240865827e-05,0.018931357391017103,0.00020236266517520765,0.0002263769375204401,1.0,6.1315898023596366e-06,1.2932526905458845e-05,1.0555326899117103
4.228237152099609,0.018874522955506623,0.0002376920125824189,0.00023869824817093765,0.01887350235539699,0.00023329612659569662,0.00023451160660183795,1.1228351686512112,0.018854536748698768,0.00019914001662118402,0.00021749079995671272,0.6625636510730948,-1.1356871299661184e-05,1.1636733074165346e-05,0.0189009082807883,0.00028164821204919657,0.0002974756795029142,0.33743634892690477,5.73008008914342e-06,1.580339240865827e-05,0.018809528795780902,0.00022633414359035306,0.00021242119802869497,3.712816458358719e-16,6.1315898023596366e-06,1.2932526905458845e-05,1.1434350071996815
4.2376322746276855,0.019180369055328467,0.00020143660561057486,0.00020154070679631597,0.019173888028634446,0.00020180440326862323,0.00020611679248865034,1.0068154779104828,0.01917359367018147,0.0001998400403906593,0.00020531979744165332,0.9999999999999989,-1.1356871299661184e-05,1.1636733074165346e-05,0.019174230294753083,0.0003071008239990125,0.00030188481864372105,1.0547118733938985e-15,5.73008008914342e-06,1.580339240865827e-05,0.01915862867885349,0.00024796086222017913,0.00023345089534595673,0.0,6.1315898023596366e-06,1.2932526905458845e-05,0.9946131743040012
4.247005462646484,0.019084704354566183,0.0002029320072848527,0.0002062580561867991,0.01907983313508903,0.00020968078567973683,0.00019951673553992785,1.001532289601616,0.019078698798282803,0.00020559514901224984,0.0002029763223902678,1.0,-1.1356871299661184e-05,1.1636733074165346e-05,0.019092557662919,0.0003049338140394438,0.0002844260111257192,0.0,5.73008008914342e-06,1.580339240865827e-05,0.019098529689861872,0.00024645264307475434,0.00020972568447272244,0.0,6.1315898023596366e-06,1.2932526905458845e-05,1.0015140363741273
4.256356716156006,0.0191872862248761,0.00018743808003489001,0.0001818836856418149,0.019177756557573526,0.00018358204258142607,0.00018407177107683179,1.0075696802955203,0.019178592112698283,0.00018455344126024412,0.00018033825888542215,0.9999999999999991,-1.1356871299661184e-05,1.1636733074165346e-05,0.018989529035316043,0.0002467382498362036,0.000261664147504323,0.0,5.73008008914342e-06,1.580339240865827e-05,0.019161577055157558,0.00019761790459374082,0.0002078829208505724,8.32667268468867e-16,6.1315898023596366e-06,1.2932526905458845e-05,1.0121407681492074
4.26568603515625,0.0196201279364824,0.00029444897034028306,0.0003158495377507675,0.019622984889803102,0.0002977340060248482,0.0003181601422287267,1.4260300932239975,0.01943105905283815,0.0002212231991945389,0.00021067101620813114,0.36600220465319233,-1.1356871299661184e-05,1.1636733074165346e-05,0.01975659301847909,0.0002813672825315895,0.00027252678000016725,0.6339977953468077,5.73008008914342e-06,1.580339240865827e-05,0.019442675734035665,0.00022928139558285252,0.0002261227873987734,0.0,6.1315898023596366e-06,1.2932526905458845e-05,1.413074049908374
4.274993896484375,0.019603776082097582,0.00018196794499489993,0.0002026941430768002,0.01959977803656201,0.0001857900179040306,0.00020155854983625737,1.0111682675178018,0.019598399874490954,0.00018267585521948224,0.00020039448053298797,0.9999999999999825,-1.1356871299661184e-05,1.1636733074165346e-05,0.019568694644160917,0.00028043390014799094,0.00028192731801886944,1.2628786905111152e-14,5.73008008914342e-06,1.580339240865827e-05,0.019599446465348846,0.000210005389463995,0.0002441290933900206,4.82947015711943e-15,6.1315898023596366e-06,1.2932526905458845e-05,1.0041552481898741
4.284280300140381,0.019149405437990426,0.00021423454092435457,0.00020996100228406686,0.01914607861031624,0.00021370331525004393,0.00020845079573767258,0.9959665967067914,0.019146234862366288,0.00021483627453591086,0.00020902744979338708,1.0,-1.1356871299661184e-05,1.1636733074165346e-05,0.01927974088047448,0.0002509036332370637,0.00028297295201129904,0.0,5.73008008914342e-06,1.580339240865827e-05,0.01914686634893296,0.0002137071097512988,0.00021870306910342502,0.0,6.1315898023596366e-06,1.2932526905458845e-05,1.0007828433057075
4.293545722961426,0.019641869803170037,0.00020383122695591047,0.00019418207844738508,0.01963641735894223,0.00019881344157278089,0.00019569697629686494,1.0036403408318557,0.01963639969247167,0.0001976046375780742,0.0001954748370299915,1.0,-1.1356871299661184e-05,1.1636733074165346e-05,0.019444894177744892,0.00030343493659086215,0.0003115612500690021,2.7755575615628914e-17,5.73008008914342e-06,1.580339240865827e-05,0.01964545530963291,0.00023510694187465,0.0002367320152666455,5.551115123125783e-17,6.1315898023596366e-06,1.2932526905458845e-05,1.0125517385514706
4.30279016494751,0.019777393512038482,0.0002188770604565557,0.00022749679769272849,0.019766937171670898,0.00021428713119108628,0.00023041475127059605,1.0061474077034243,0.019765656619240842,0.00021381025928287473,0.00022817456228192354,0.9275714801734948,-1.1356871299661184e-05,1.1636733074165346e-05,0.01988678516082666,0.0003159297832897971,0.00031721157151820556,0.0,5.73008008914342e-06,1.580339240865827e-05,0.019813781638271424,0.0002268564537975977,0.00025005059160291415,0.07242851982650525,6.1315898023596366e-06,1.2932526905458845e-05,1.0099302880333016
4.312013626098633,0.019644564179524315,0.00024060504400864186,0.00022466067053829655,0.01965752402236092,0.0002368050261214033,0.0002267327077899936,1.1801511179411543,0.01953494847836798,0.00018805431590008734,0.0002047239705960241,0.0,-1.1356871299661184e-05,1.1636733074165346e-05,0.019734241395753027,0.00027994878133477674,0.0002472267103647112,1.804112415015879e-16,5.73008008914342e-06,1.580339240865827e-05,0.019655979445234457,0.000236991460733995,0.0002227518567166839,0.9999999999999998,6.1315898023596366e-06,1.2932526905458845e-05,1.1845504971709901
4.321216583251953,0.019434069623768264,0.00021672456862939157,0.00022479407423512884,0.019429126308833304,0.00022062261352362791,0.00022568297819319794,1.0095773228771254,0.01942957909199707,0.00021841450350412045,0.00022365722453839346,0.9999999999999967,-1.1356871299661184e-05,1.1636733074165346e-05,0.019367303911651396,0.0003054852370948137,0.0002866577225923983,2.710889377512334e-19,5.73008008914342e-06,1.580339240865827e-05,0.01941623191843829,0.0002491000780325131,0.0002232539192280024,3.3997582119420037e-15,6.1315898023596366e-06,1.2932526905458845e-05,0.9987488791005873
4.330398082733154,0.01949609565427879,0.0002304330006838197,0.0002309323319635015,0.019491057708858093,0.00022886409378347974,0.00023181495278163863,1.0364624969279055,0.019490547597562868,0.0002284837114635077,0.00022890419486687116,1.0,-1.1356871299661184e-05,1.1636733074165346e-05,0.01940077459351673,0.0003032780189836694,0.000280163619847857,0.0,5.73008008914342e-06,1.580339240865827e-05,0.019518823260368627,0.0002201947267857808,0.00022427774369007322,1.1102230246251565e-16,6.1315898023596366e-06,1.2932526905458845e-05,1.0380065432475079
4.3395586013793945,0.01903710707205394,0.00021060404616216055,0.00022331359727391711,0.01903412771518321,0.00021868977695907107,0.00022348768868785812,1.0139894509586524,0.019034039321965422,0.00021329533284596483,0.00022278165516301587,0.9999999999999998,-1.1356871299661184e-05,1.1636733074165346e-05,0.01916192969029284,0.000290282167788293,0.0003007491653736899,0.0,5.73008008914342e-06,1.580339240865827e-05,0.019093530010977557,0.0002688675612769094,0.00022786076575091047,3.05311331771918e-16,6.1315898023596366e-06,1.2932526905458845e-05,0.9950482492030546
4.348699569702148,0.019033412027223997,0.00021674724649487637,0.00021913820623661873,0.01902907983106099,0.0002178137957277379,0.0002244295884925654,1.0113446877667098,0.019027879334459055,0.00021664332318620944,0.00022063922703599234,0.9999999999999996,-1.1356871299661184e-05,1.1636733074165346e-05,0.019211393181623827,0.00028674771786299513,0.0002957056550575675,0.0,5.73008008914342e-06,1.580339240865827e-05,0.019078446031181445,0.0002504674481530224,0.00025161946051729944,4.0505793164058426e-16,6.1315898023596366e-06,1.2932526905458845e-05,0.9968050463253181
4.357819557189941,0.01921163006234698,0.0002217735130444036,0.00019725184481244468,0.0192110174498482,0.0002276076260772572,0.0001948062112782263,1.0073435002078106,0.019210260560057205,0.0002260776406037418,0.00019325681409650824,1.0,-1.1356871299661184e-05,1.1636733074165346e-05,0.019445509109586825,0.0002832756624472181,0.0002980064056803504,0.0,5.73008008914342e-06,1.580339240865827e-05,0.01923484593250105,0.0002408617054409333,0.00023574514800033322,0.0,6.1315898023596366e-06,1.2932526905458845e-05,0.9992628870822868
4.366916656494141,0.01971305268622841,0.00022693236823236734,0.00022527001661491394,0.019707632803190826,0.000230005951981041,0.00022450338377979356,1.0036446376175547,0.019708345458410617,0.00022669944875535614,0.00022615938068027558,1.0,-1.1356871299661184e-05,1.1636733074165346e-05,0.019881764492301918,0.0003089475059387496,0.00033576840745911524,0.0,5.73008008914342e-06,1.580339240865827e-05,0.019738819567743378,0.0002509786823932138,0.0002556871568638805,0.0,6.1315898023596366e-06,1.2932526905458845e-05,0.9985504432161154
4.375991821289063,0.01946108932015189,0.00023909760708625688,0.00023760489375986016,0.019447186932612943,0.00023721749909557874,0.00024600399905934725,0.9956912645851124,0.019447817549761184,0.0002377902874912824,0.0002475222941715448,0.9999999999999976,-1.1356871299661184e-05,1.1636733074165346e-05,0.019341125675129557,0.0003099403488515326,0.00033251836517768363,2.390773077458472e-15,5.73008008914342e-06,1.580339240865827e-05,0.019429798755040275,0.0002577139353285886,0.00025253007768522365,0.0,6.1315898023596366e-06,1.2932526905458845e-05,0.9822586902915037
4.385046005249023,0.01964225407002236,0.00021793842267620045,0.00024160316919646582,0.01963814775839232,0.00022819890716197291,0.00023964965351252684,1.0155474628251377,0.01964025301700394,0.00022191909161596232,0.00023876696964699254,0.9999999999999929,-1.1356871299661184e-05,1.1636733074165346e-05,0.019669869683558616,0.00032357183847658844,0.0003095133084412699,6.925016116099414e-15,5.73008008914342e-06,1.580339240865827e-05,0.019656161012502206,0.0002299280627328197,0.00024377609395566033,1.942890293094024e-16,6.1315898023596366e-06,1.2932526905458845e-05,0.9975157282007815
4.394080638885498,0.019223328036430613,0.0002764141667856469,0.00022691448745395734,0.019218959814370648,0.0002735060091596346,0.00022530037317869747,1.0046930631365019,0.01921745354866028,0.0002736486272580038,0.00022574286140088912,1.0,-1.1356871299661184e-05,1.1636733074165346e-05,0.018990036641908077,0.00030948981606301537,0.00031823296585749977,6.938893903907228e-17,5.73008008914342e-06,1.580339240865827e-05,0.019189358085542403,0.0002408108211892808,0.00025566556611763755,0.0,6.1315898023596366e-06,1.2932526905458845e-05,1.0138017982483625
4.403095722198486,0.019814596844200123,0.0002805963801627044,0.00029755563757815837,0.01982900688237978,0.00028319158708945205,0.0002845650642283107,1.2006575857877761,0.01967886750468818,0.00023823210359599084,0.00023463931123394663,0.0,-1.1356871299661184e-05,1.1636733074165346e-05,0.019917943302867842,0.00032934096202888105,0.0003229890071200156,0.32850513089799055,5.73008008914342e-06,1.580339240865827e-05,0.019798710733186765,0.00025976998634393705,0.00023940717528515149,0.6714948691020095,6.1315898023596366e-06,1.2932526905458845e-05,1.2226410808713997
4.4120917320251465,0.019352016871658433,0.0002623337649899603,0.00025866182977497473,0.019364777885401953,0.0002739140155025195,0.0002569761963889354,1.0006157040126378,0.019305761591385303,0.00028101319654181417,0.000258984464292171,1.3877787807814454e-16,-1.1356871299661184e-05,1.1636733074165346e-05,0.019609861646816468,0.0003565250944489208,0.00034948060086623794,0.0,5.73008008914342e-06,1.580339240865827e-05,0.019364052681029233,0.0002727438288848902,0.0002578197129049255,0.9999999999999998,6.1315898023596366e-06,1.2932526905458845e-05,0.9819664445985039
4.42106819152832,0.01884827108364565,0.00024292334462072337,0.00024741222940001875,0.018860423461163612,0.000241530564024324,0.0002487976212274569,0.9976509788864234,0.018770503824804496,0.0002479254390624526,0.00024679566658535393,6.383782391594651e-16,-1.1356871299661184e-05,1.1636733074165346e-05,0.01910633927702822,0.00030629577630572266,0.00031303386419083076,6.314393452555579e-16,5.73008008914342e-06,1.580339240865827e-05,0.018858457715833804,0.00024083458874391006,0.00025064809972003,0.9999999999999988,6.1315898023596366e-06,1.2932526905458845e-05,0.9976660125165688
4.43002462387085,0.019053253209098172,0.00022735806424804134,0.00022004154661274186,0.019053145228518416,0.00023005985908103668,0.00021972183314901417,1.006102818792019,0.019049515099818635,0.00022705799574435429,0.00021999541055668648,1.0,-1.1356871299661184e-05,1.1636733074165346e-05,0.019219689384625892,0.0003368174430043447,0.0003307275678759991,0.0,5.73008008914342e-06,1.580339240865827e-05,0.01904542528522466,0.00027476530349675177,0.000249648073110037,0.0,6.1315898023596366e-06,1.2932526905458845e-05,1.0007744143202195
4.438961982727051,0.01833731193148005,0.00022451886647522137,0.0002348192873727721,0.018337520424629633,0.00022982553152812654,0.00022893716437407882,0.9980651979437056,0.018332473549662696,0.00022794700950711996,0.00023170502209100136,0.9999999999999977,-1.1356871299661184e-05,1.1636733074165346e-05,0.01820409556056001,0.00030982760593625466,0.00031458826982664473,2.151057110211241e-15,5.73008008914342e-06,1.580339240865827e-05,0.018345225146572816,0.00023920464884834985,0.0002680737360944256,2.2204460492503136e-16,6.1315898023596366e-06,1.2932526905458845e-05,0.9993171405138
4.447880268096924,0.019212859994088335,0.0002517602565137167,0.00024616095024217535,0.019223348527583797,0.0002489977745265687,0.0002521362882670526,1.0211050297470712,0.01914148288523888,0.0002499018318219519,0.0002408743843306145,0.0,-1.1356871299661184e-05,1.1636733074165346e-05,0.019455183775058213,0.0003257604909294269,0.0003162336633224863,1.6653345369377346e-16,5.73008008914342e-06,1.580339240865827e-05,0.019226896660680025,0.00025223697690341523,0.0002485365481096069,0.9999999999999998,6.1315898023596366e-06,1.2932526905458845e-05,1.0145585510629238
4.456779956817627,0.018986669489907973,0.0002431216699342112,0.00023090490039607767,0.01898266022694964,0.00024145915162082643,0.00022743355312463895,1.033223040177784,0.01897177264578593,0.0002370420952169175,0.00021677347655428905,0.9383909600057037,-1.1356871299661184e-05,1.1636733074165346e-05,0.01929152166271944,0.0002927315909584359,0.0003135503173739805,0.06160903999429584,5.73008008914342e-06,1.580339240865827e-05,0.019028442228108858,0.00024265465129572061,0.00023607637901804437,5.427143380965643e-16,6.1315898023596366e-06,1.2932526905458845e-05,1.0445357096941394
4.465660572052002,0.018757278013842252,0.0002450816994286967,0.0002446123212286565,0.01875835710749316,0.0002456524517415945,0.00023696014649793665,0.9846450328095284,0.018756881391870515,0.0002442277818208889,0.0002459108794817255,1.0,-1.1356871299661184e-05,1.1636733074165346e-05,0.01874202141587241,0.00030978379006761994,0.0003351264430156292,0.0,5.73008008914342e-06,1.580339240865827e-05,0.01878684666766766,0.0002512987078007768,0.00027463689137128405,0.0,6.1315898023596366e-06,1.2932526905458845e-05,0.999092826825618
4.474521636962891,0.018825064555601647,0.0002486004225815616,0.0002516012320536616,0.018829198696422838,0.0002538251459837,0.0002552143805720358,1.0159417372054946,0.01884504503886065,0.000246042795893079,0.0002550090931216671,0.5962065617383288,-1.1356871299661184e-05,1.1636733074165346e-05,0.018637922908543735,0.0003206556916537512,0.0003527375401954913,0.0,5.73008008914342e-06,1.580339240865827e-05,0.018794814698932103,0.00026517023563954814,0.00027167087791527683,0.40379343826167113,6.1315898023596366e-06,1.2932526905458845e-05,0.9983031011394952
4.483364582061768,0.01860551234576003,0.00023330668695945717,0.0002272104696252955,0.018600760445538173,0.00023266672102454852,0.00022815481152290568,0.9942723553978223,0.018601868880585362,0.00023533685163390147,0.00022813930763542975,0.9999999999999984,-1.1356871299661184e-05,1.1636733074165346e-05,0.018675960187371523,0.0003372052782211546,0.00032038882549023304,1.872715068700785e-19,5.73008008914342e-06,1.580339240865827e-05,0.018614033851310413,0.0002447687714149452,0.00029035286251516065,1.4986410701855527e-15,6.1315898023596366e-06,1.2932526905458845e-05,0.993615631299691
4.492188930511475,0.01895804271097273,0.0003192924535344137,0.0003406788028721061,0.018961243301286963,0.000311542518448258,0.00034730837997873007,1.3937427730519025,0.018912364191225224,0.0002359894945958771,0.00023673108998106818,0.19502586620479329,-1.1356871299661184e-05,1.1636733074165346e-05,0.01898274900135804,0.000342443752550662,0.0003600906200467435,0.8049741337952068,5.73008008914342e-06,1.580339240865827e-05,0.019016292439445394,0.0002664368346219255,0.0002981572796535749,1.9380113833178392e-17,6.1315898023596366e-06,1.2932526905458845e-05,1.3961127946166167
4.500995635986328,0.018814056082794257,0.00024488730709376627,0.00025513128612601743,0.018808382452945145,0.00024034552442708107,0.00025229687789903726,1.001791860864889,0.018808148618000276,0.00024008542601361427,0.00025167580860132807,0.9999999999999984,-1.1356871299661184e-05,1.1636733074165346e-05,0.018888628494913712,0.0003507400537744766,0.00035055230036742935,1.5421691701433791e-15,5.73008008914342e-06,1.580339240865827e-05,0.018807796779916647,0.0002575596587641345,0.00027485360618020524,0.0,6.1315898023596366e-06,1.2932526905458845e-05,1.0167913979866816
4.509782314300537,0.019262333770377393,0.00023840293894110756,0.00026816420213718675,0.019256469393979413,0.00023887137629106936,0.0002616504607074882,1.002668653147417,0.019256564767253848,0.0002382563320407205,0.00026093334086607634,0.9999999999999996,-1.1356871299661184e-05,1.1636733074165346e-05,0.019528196392978096,0.00031697401903348077,0.0003536506403020931,4.85722573273506e-17,5.73008008914342e-06,1.580339240865827e-05,0.019308373513686396,0.00026146964359258923,0.0002635297991166151,4.996003610813204e-16,6.1315898023596366e-06,1.2932526905458845e-05,1.0147788878093937
4.518551349639893,0.01912119517742899,0.0002781346177362469,0.0002814179640426018,0.019113698675677762,0.00027944228207800806,0.0002841879284468038,0.9951147544701063,0.019116194067821037,0.0002814945740779451,0.00028490262583589013,0.9999999999999991,-1.1356871299661184e-05,1.1636733074165346e-05,0.019165015692091482,0.00038037549039078924,0.0003934607528243532,5.059610138265681e-20,5.73008008914342e-06,1.580339240865827e-05,0.019139240794852904,0.0002812409735901862,0.0003166758067966284,8.047544835382274e-16,6.1315898023596366e-06,1.2932526905458845e-05,0.9879155155851268
4.527302265167236,0.01884778174869512,0.00026968526654297387,0.0002513523473977909,0.01884163442843506,0.0002713386869747994,0.0002534275012319315,1.0049953890661938,0.0188405264607125,0.00027129788540767794,0.0002508599214000977,0.9999999999999993,-1.1356871299661184e-05,1.1636733074165346e-05,0.018688551374411277,0.00035594349950284973,0.00037211401515899536,7.355227538141657e-16,5.73008008914342e-06,1.580339240865827e-05,0.018850936901371428,0.00030394570921125214,0.0002493617022881582,0.0,6.1315898023596366e-06,1.2932526905458845e-05,0.9978546852074104
4.536036014556885,0.018814357992140214,0.0003011550985475668,0.00027111746497903225,0.018827970890548367,0.00029846746652804554,0.00027191852164404687,1.1407194974683286,0.018922404174087346,0.0002585569143458248,0.00024146608818721368,0.0,-1.1356871299661184e-05,1.1636733074165346e-05,0.018518668058965217,0.00037257781814601515,0.0003627622326854152,0.08666061394557709,5.73008008914342e-06,1.580339240865827e-05,0.01884854318090813,0.0002830651657335405,0.0002616079684957355,0.9133393860544229,6.1315898023596366e-06,1.2932526905458845e-05,1.1444924746012795
4.544750213623047,0.018648669698442238,0.0002458795668868162,0.000251253660235224,0.018641684147157857,0.0002423195573295102,0.00025736067524764414,1.0115827091066076,0.018641660439292614,0.00024128138007866243,0.0002526774708179226,0.9999999999999992,-1.1356871299661184e-05,1.1636733074165346e-05,0.018546671735317544,0.0003521145178192117,0.0003736191059204898,0.0,5.73008008914342e-06,1.580339240865827e-05,0.018664236358232777,0.0002623384096651603,0.0002715085527523198,7.771561172376091e-16,6.1315898023596366e-06,1.2932526905458845e-05,1.0064263981092623
4.553447246551514,0.01926175097066939,0.00028267028028042956,0.0002591660046728228,0.019258127826294758,0.0002815558738444267,0.00025734510002437677,1.0108374488775336,0.01925560766349159,0.0002823917835606607,0.0002644721380083391,1.0,-1.1356871299661184e-05,1.1636733074165346e-05,0.01929945089567721,0.00036251360649815906,0.000352766571436805,0.0,5.73008008914342e-06,1.580339240865827e-05,0.01926142846411829,0.000255581758123867,0.0002775415194784976,0.0,6.1315898023596366e-06,1.2932526905458845e-05,1.0163433256752041
4.562126636505127,0.019008495130406998,0.0003211264210604241,0.0002917890781658772,0.019021958520059494,0.00032291500860400293,0.000295319385605234,1.2439181159424775,0.01913632716552139,0.0002339332610626528,0.00026307243914038686,1.1656083392951935e-15,-1.1356871299661184e-05,1.1636733074165346e-05,0.018755044385994953,0.000353731449486739,0.0003210962394245842,0.1554196344196334,5.73008008914342e-06,1.580339240865827e-05,0.01905538865342294,0.00028350777488600834,0.000270411705571013,0.8445803655803654,6.1315898023596366e-06,1.2932526905458845e-05,1.2332162367069621
4.570788383483887,0.01903580919472533,0.00026861572066539177,0.0002931533904155202,0.019031884630859506,0.00027036478664867886,0.00029297249642524364,1.017617882602006,0.01903186461813223,0.00026675576427953596,0.0002868285355889892,1.0,-1.1356871299661184e-05,1.1636733074165346e-05,0.01906158017196847,0.0003893860676658749,0.0004106632921008109,0.0,5.73008008914342e-06,1.580339240865827e-05,0.019067064030652187,0.00032399204718918523,0.0003058967730796419,0.0,6.1315898023596366e-06,1.2932526905458845e-05,1.014785121641511
4.579432010650635,0.0191516019507305,0.00026198780319674694,0.00026609934857416487,0.01914578143790767,0.00026896528108362114,0.0002662462315478828,1.0077085124822347,0.019146301739870284,0.000264992429201083,0.000266124958418424,0.9999999999999996,-1.1356871299661184e-05,1.1636733074165346e-05,0.01949450579138126,0.0003675782157161675,0.000392596711217625,0.0,5.73008008914342e-06,1.580339240865827e-05,0.01920619925785186,0.0002859123633791108,0.0002941017261204222,5.542441505745899e-16,6.1315898023596366e-06,1.2932526905458845e-05,0.9942946024377457
4.588058471679688,0.01886753413094571,0.0002662768805822696,0.0002898084799320272,0.018863814762177106,0.00026806818740468877,0.0002941295856856811,1.0738663346229214,0.01886176611122015,0.0002656550902683137,0.0002915118468353184,0.9999999999999953,-1.1356871299661184e-05,1.1636733074165346e-05,0.018952572591126968,0.0003914627920629937,0.0003474175602992645,4.701100619897141e-15,5.73008008914342e-06,1.580339240865827e-05,0.01887375253274711,0.0002619342873893954,0.00026159248215756187,0.0,6.1315898023596366e-06,1.2932526905458845e-05,1.0621908808894618
4.596668720245361,0.01895163824036503,0.0002689773816557696,0.0002365234214650458,0.018961516630680457,0.0002630004477455969,0.00023838513493804406,0.9922892403581729,0.01887563635901838,0.0002571214583638147,0.000311040611946041,3.8857805861880464e-16,-1.1356871299661184e-05,1.1636733074165346e-05,0.018927805483261798,0.00036129247416274296,0.00034631760836210945,0.0,5.73008008914342e-06,1.580339240865827e-05,0.01896130679647537,0.0002666747627963484,0.00023860692553745108,0.9999999999999996,6.1315898023596366e-06,1.2932526905458845e-05,1.0004336487786416
4.605262756347656,0.018213394733635386,0.0004601004158560733,0.00039249925947941466,0.018228539430595304,0.0004470769654468104,0.00038958316358204265,1.4618077873768518,0.018504570285114933,0.0002717313190820393,0.0003006148787243097,9.450345281971028e-16,-1.1356871299661184e-05,1.1636733074165346e-05,0.01801133637470579,0.0004278962124159881,0.00040221783442504627,0.4979735482771437,5.73008008914342e-06,1.580339240865827e-05,0.018411566024928112,0.0003133316686423984,0.00032738769093357614,0.5020264517228554,6.1315898023596366e-06,1.2932526905458845e-05,1.489657271426413
4.613840103149414,0.019207065028472452,0.00031705868688988725,0.000373375998979783,0.01921752707656375,0.00031365903396062683,0.0003747287821413946,1.1324017831309217,0.019063623388672415,0.0003246153375617983,0.000310346099914708,6.826543328227555e-22,-1.1356871299661184e-05,1.1636733074165346e-05,0.019512336834723826,0.0003984971270695366,0.0004156182115250019,0.21487714041935044,5.73008008914342e-06,1.580339240865827e-05,0.019151591128922618,0.0002942301652799281,0.00031367051657764725,0.7851228595806496,6.1315898023596366e-06,1.2932526905458845e-05,1.135768895273968
4.622400283813477,0.0192974095071278,0.00033773393634010593,0.0003589323633335362,0.019316283181279568,0.0003451942889521817,0.00035585984065079554,1.3284110710176182,0.019208655990846826,0.0002664873602843919,0.00026125148870452877,0.0,-1.1356871299661184e-05,1.1636733074165346e-05,0.019312483455890234,0.00034426540032738914,0.00036345387826265327,0.9330964741948374,5.73008008914342e-06,1.580339240865827e-05,0.0193280897929369,0.0002935035522607689,0.0002858267075152923,0.06690352580516268,6.1315898023596366e-06,1.2932526905458845e-05,1.3200966747253202
4.63094425201416,0.019114099261896965,0.0002751026617624497,0.00027059211045662307,0.0191082932910457,0.00027192938747558695,0.0002763593074340681,1.0200846304662472,0.01910835946154678,0.0002724442489849925,0.00026504909081667694,0.999999999999996,-1.1356871299661184e-05,1.1636733074165346e-05,0.019196767211746773,0.0003403803386443187,0.00038315006020016654,2.6298407895808336e-15,5.73008008914342e-06,1.580339240865827e-05,0.019155247193667745,0.00028020993223369303,0.00027231266652095326,1.3624711857695713e-15,6.1315898023596366e-06,1.2932526905458845e-05,1.0152586679872715
4.639470100402832,0.019908254878324014,0.00036270287572514465,0.00044578123162108615,0.019922451446134217,0.00035767840596842224,0.0004466060406234547,1.4498660006354138,0.019605013046731613,0.0002735106387061967,0.0002812195544560636,0.0,-1.1356871299661184e-05,1.1636733074165346e-05,0.02018239084756581,0.0003650094082201967,0.00036033490997728485,0.5117222502450373,5.73008008914342e-06,1.580339240865827e-05,0.019731478875201776,0.0002769130569836749,0.0002807838686350317,0.48827774975496263,6.1315898023596366e-06,1.2932526905458845e-05,1.4574366373271244
4.647979259490967,0.01856396610665947,0.0002881492257734222,0.00032465842817875484,0.018569947891737694,0.0002907679554822497,0.0003201368253031578,0.9971378973096526,0.018538207752127833,0.00032005029154976924,0.0003235833348451192,1.3600232051658168e-15,-1.1356871299661184e-05,1.1636733074165346e-05,0.0185399426749297,0.00039959243654558163,0.0004134934473659542,2.581268532253489e-15,5.73008008914342e-06,1.580339240865827e-05,0.018571374543300975,0.0002873484925614393,0.00032530977911158707,0.999999999999996,6.1315898023596366e-06,1.2932526905458845e-05,1.0002438264299325
4.656472682952881,0.019034107684337505,0.0002848502778397301,0.00025580966743217817,0.019028353917761677,0.0002784382862215419,0.00025636613228997504,0.9962994992201143,0.019027791381949342,0.0002796377243366663,0.00025715308899823194,0.9999999999999998,-1.1356871299661184e-05,1.1636733074165346e-05,0.01898021384689088,0.0003813782097287638,0.00038944088335295113,1.52655665885959e-16,5.73008008914342e-06,1.580339240865827e-05,0.019002777391985103,0.00032018555555972383,0.0003088857324923394,0.0,6.1315898023596366e-06,1.2932526905458845e-05,1.0072078952189447
4.664948463439941,0.018586291359946893,0.00030062204212801327,0.00030971677479006005,0.01859928605905929,0.0003071872145063159,0.00030055165796389824,1.089476151966374,0.018538516150603174,0.0002732606288554512,0.00028456605819347433,5.551115123125784e-16,-1.1356871299661184e-05,1.1636733074165346e-05,0.018772817505649915,0.0003740906637495836,0.0003903035648805779,4.579669976578772e-16,5.73008008914342e-06,1.580339240865827e-05,0.018597843122961245,0.0003019956042877442,0.0003023788814251402,0.999999999999999,6.1315898023596366e-06,1.2932526905458845e-05,1.0941369982618672
4.673407554626465,0.01947980367328491,0.00026802312493067956,0.0002483385980889298,0.019470559109785245,0.00025849569469437936,0.00025443414816565466,1.0027178939196701,0.019473830295962922,0.00026074341940568804,0.000250796113268819,0.9999999999999998,-1.1356871299661184e-05,1.1636733074165346e-05,0.019698874994844413,0.0003653317768923664,0.0003621457005468301,1.4571677198205177e-16,5.73008008914342e-06,1.580339240865827e-05,0.019478901402717963,0.0002866933149958638,0.0002973717064945723,0.0,6.1315898023596366e-06,1.2932526905458845e-05,1.009426818529333
4.681850910186768,0.018933882427977635,0.00029418493805959817,0.00032021649068722166,0.01892370691985211,0.0002999627551243285,0.0003234437755844956,0.9919691095411473,0.018922225136565284,0.0003038370489224368,0.00032593271775259447,0.9999999999999934,-1.1356871299661184e-05,1.1636733074165346e-05,0.01896727998956827,0.0004126572919671591,0.0004290122697095042,6.640274614386957e-15,5.73008008914342e-06,1.580339240865827e-05,0.019001045249329468,0.00031925842745211125,0.00030919514505600015,4.746412563800915e-19,6.1315898023596366e-06,1.2932526905458845e-05,0.9776401243051089
4.690277576446533,0.01841299760715706,0.0003078347061166095,0.00031548068003335594,0.018405443893852676,0.0002980376066415019,0.0003173154361796257,1.09833900929353,0.01840706400463048,0.0003030809214148028,0.0003157025777712624,0.9999999999999973,-1.1356871299661184e-05,1.1636733074165346e-05,0.018230899274002257,0.0003673561288501173,0.0003650379388097612,2.560451850541766e-15,5.73008008914342e-06,1.580339240865827e-05,0.018399331443605615,0.00026521016641599046,0.00029504767530168924,0.0,6.1315898023596366e-06,1.2932526905458845e-05,1.1125509359029395
4.698687553405762,0.019606230835803574,0.0002928407532605641,0.000257888119255683,0.01959881029180679,0.000285472742467853,0.0002572840354401057,0.9945885627973035,0.01959872117899577,0.00028828219853664627,0.0002574276539690397,1.0,-1.1356871299661184e-05,1.1636733074165346e-05,0.019696564728065115,0.0003900841305386482,0.0003849408724174268,0.0,5.73008008914342e-06,1.580339240865827e-05,0.019628836098446997,0.0003213698525832906,0.0002816690405413082,0.0,6.1315898023596366e-06,1.2932526905458845e-05,1.00919723180279
4.707081317901611,0.018773892813098478,0.00033443965541916573,0.00032816431556546843,0.018770180370059182,0.0003231340581247473,0.0003247021999001898,0.9903263264621663,0.018769120638717253,0.00032830815037990235,0.00032585628079225687,1.0,-1.1356871299661184e-05,1.1636733074165346e-05,0.018986603921447853,0.0004557974260511813,0.0004251772049477,0.0,5.73008008914342e-06,1.580339240865827e-05,0.01880691706098031,0.00035718026312507936,0.0003280039770055601,0.0,6.1315898023596366e-06,1.2932526905458845e-05,1.0129012514443083
4.715459823608398,0.01940488487251038,0.00025129090984215077,0.00028359350459078794,0.01940055957707157,0.0002495226628583709,0.0002866447514218162,1.0079621903650036,0.019397925862502732,0.0002480504212263798,0.00028388164865218377,0.9999999999999984,-1.1356871299661184e-05,1.1636733074165346e-05,0.019510208254815545,0.00038433332754334373,0.00038041425000707313,8.317924761628317e-16,5.73008008914342e-06,1.580339240865827e-05,0.01943624794220609,0.00029270909631842756,0.00030227076664146244,7.205043494313424e-16,6.1315898023596366e-06,1.2932526905458845e-05,1.0055502285377325
4.723820686340332,0.018696852458218362,0.00032422881003406345,0.00031886278291649167,0.018710748889064783,0.00032637958019021696,0.0003191900723045066,1.2514009556801236,0.018627964457063266,0.0002554472655450432,0.0002604302791895004,0.0,-1.1356871299661184e-05,1.1636733074165346e-05,0.018821263083789938,0.000411086421161555,0.000378409370526786,1.734723475976807e-18,5.73008008914342e-06,1.580339240865827e-05,0.01870882107407081,0.00032439366192362276,0.0003196335673564671,1.0,6.1315898023596366e-06,1.2932526905458845e-05,1.2465973747344874
4.732166767120361,0.018542063779630004,0.0004739099224558771,0.00047232904037351406,0.01854994280847566,0.0004862417471244926,0.0004717294131016195,1.4792369520892779,0.01886621716601979,0.00036269960218919886,0.0003428755812469146,0.0,-1.1356871299661184e-05,1.1636733074165346e-05,0.018359953872550405,0.0004234394169831193,0.0004156500862072983,0.6490487716510954,5.73008008914342e-06,1.580339240865827e-05,0.01885823273599989,0.00029574481363262364,0.0003518668883824398,0.3509512283489045,6.1315898023596366e-06,1.2932526905458845e-05,1.4611208535687974
4.74049711227417,0.01857019770889942,0.00030516697635090545,0.00030393298855051556,0.01857402092980905,0.00030769464281634254,0.00030937422508183973,1.1051218450717921,0.018615274283824257,0.00028313792182908804,0.0002752338727833835,4.3667277669960097e-16,-1.1356871299661184e-05,1.1636733074165346e-05,0.01827841111667397,0.0003930006470399157,0.00038419630799672866,3.2612801348363973e-16,5.73008008914342e-06,1.580339240865827e-05,0.01858021035846042,0.0003057079132301986,0.00030255381501937545,0.9999999999999992,6.1315898023596366e-06,1.2932526905458845e-05,1.0908501661051067
4.748810291290283,0.019026164846956052,0.0003288280323080206,0.0002964036386065745,0.019015666386707604,0.00032463803504075017,0.0003012284690059111,1.0065587614289537,0.019015603963249684,0.0003220519771301236,0.00029973636551780536,0.9999999999999998,-1.1356871299661184e-05,1.1636733074165346e-05,0.019337750369261122,0.0004652527881110237,0.0004553318679084879,2.7755575615628907e-17,5.73008008914342e-06,1.580339240865827e-05,0.019042167026546583,0.00033080794936190747,0.0003307970587997158,1.6653345369377346e-16,6.1315898023596366e-06,1.2932526905458845e-05,1.0055377819596978
4.75710916519165,0.018805860923064008,0.00029388601833445216,0.00031521879840405373,0.018816108778116132,0.00028916895498787287,0.00031899378088827077,1.0523830666250158,0.018886395180783312,0.00031023641680351724,0.0002676546146690023,0.0,-1.1356871299661184e-05,1.1636733074165346e-05,0.01875845740304462,0.0003539574921363718,0.0003808742826093871,6.938893903907228e-17,5.73008008914342e-06,1.580339240865827e-05,0.018818656232249677,0.00029187904300006715,0.0003145916014766423,1.0,6.1315898023596366e-06,1.2932526905458845e-05,1.0540132716482045
4.765391826629639,0.01909079719963178,0.0003940075088759362,0.0004279651002455677,0.019086312713315894,0.00040469179570492425,0.0004427416586484864,1.430583396514247,0.01886664134111412,0.00029155668463628007,0.0003008124540090189,0.49211220819751633,-1.1356871299661184e-05,1.1636733074165346e-05,0.01935298032269067,0.00037834043278857366,0.0003589610736118576,0.5078877918024837,5.73008008914342e-06,1.580339240865827e-05,0.01897447685377878,0.00030164724054512065,0.000292770115982343,6.442320838579395e-18,6.1315898023596366e-06,1.2932526905458845e-05,1.3876020128281663
4.773658275604248,0.019061587172780805,0.0003252215132753776,0.0003134085100205443,0.019057685717302666,0.00033185960530039,0.0003122192283206808,1.003614516824858,0.019056441722892385,0.00032797223593901415,0.00031378694831307036,0.9999999999999998,-1.1356871299661184e-05,1.1636733074165346e-05,0.019204149567050684,0.00047024365314491876,0.0005073977152879709,2.1137693139413927e-17,5.73008008914342e-06,1.580339240865827e-05,0.019084379239019542,0.00034984637019112516,0.00039743129933830085,1.8975092790550096e-16,6.1315898023596366e-06,1.2932526905458845e-05,0.9951240885476234
4.781910419464111,0.01902754797153686,0.00029312118779938404,0.0002953622198354558,0.019026236417147034,0.0002940956977496578,0.0002908683587239391,0.9963101975666462,0.019021809593738087,0.000294407758210824,0.0002927226936326813,1.0,-1.1356871299661184e-05,1.1636733074165346e-05,0.019073551974159823,0.00042558911041894534,0.0004164980545115528,0.0,5.73008008914342e-06,1.580339240865827e-05,0.019030019764074008,0.0002910794832970097,0.00032180548265472314,0.0,6.1315898023596366e-06,1.2932526905458845e-05,1.0023043529544184
4.790146350860596,0.018471913288986362,0.00029749913038882095,0.0003143708463337197,0.018466754738107435,0.00028543239515338437,0.0003263307090018222,0.9814765299129925,0.018466300775679175,0.00029760967690795406,0.00032569927191575254,0.9999999999999999,-1.1356871299661184e-05,1.1636733074165346e-05,0.018303292403909363,0.0004631838693207428,0.0004177617735647045,0.0,5.73008008914342e-06,1.580339240865827e-05,0.01850149318346583,0.0003650839246847337,0.00034970333952189306,1.1102230246251565e-16,6.1315898023596366e-06,1.2932526905458845e-05,0.9816479899370075
4.798366546630859,0.018644050878784436,0.0003332633355025358,0.0003039996630398237,0.01863455372358474,0.0003250519880441047,0.0003007464680193986,1.0549899563908742,0.018634940411383367,0.0003254760938461859,0.0003010086575078279,1.0,-1.1356871299661184e-05,1.1636733074165346e-05,0.018576090021959167,0.0003969729749878047,0.0003917552594585455,0.0,5.73008008914342e-06,1.580339240865827e-05,0.01865565727981959,0.00029840754561518204,0.00029477199346248165,5.551115123125783e-17,6.1315898023596366e-06,1.2932526905458845e-05,1.0743172286981464
4.806572437286377,0.01897420944069552,0.00028453551244860334,0.0003117720518098707,0.018967025473285493,0.00028420621609732966,0.00031985074216618267,1.000734301123862,0.01896990468117065,0.00028703694456054876,0.00031657677946703155,0.9999999999999997,-1.1356871299661184e-05,1.1636733074165346e-05,0.019183667242831035,0.0004127112597988765,0.0003927111408735702,9.8879238130678e-17,5.73008008914342e-06,1.580339240865827e-05,0.019001798045134605,0.00029852984044326583,0.00034410642558828017,2.706168622523819e-16,6.1315898023596366e-06,1.2932526905458845e-05,0.9878959681029843
4.814762592315674,0.01895338240060327,0.0003320023278185688,0.00034050019545850754,0.01896125816056266,0.00033591492087664196,0.00034517939494022043,1.0059756997259726,0.019019845490005988,0.0003395992578270196,0.0003782714611843471,1.1102230246251565e-16,-1.1356871299661184e-05,1.1636733074165346e-05,0.0187564399556867,0.0004341129026951586,0.00043779884067200736,0.0,5.73008008914342e-06,1.580339240865827e-05,0.018964441522903663,0.00033505244481668237,0.00034199603259921565,0.9999999999999999,6.1315898023596366e-06,1.2932526905458845e-05,0.993285629773259
4.822937488555908,0.018867031963838207,0.00048667938453033494,0.0004322673663867925,0.01888575814438866,0.000479993066436233,0.00042040811871141975,1.5001232066580277,0.019143673611085713,0.00032140463077270573,0.00027881352541032217,0.3818097192631707,-1.1356871299661184e-05,1.1636733074165346e-05,0.018694560661665513,0.00043152399934420077,0.0004098139674709213,0.6181902807368294,5.73008008914342e-06,1.580339240865827e-05,0.01912699740166649,0.00032583972444238246,0.00031700035109957433,0.0,6.1315898023596366e-06,1.2932526905458845e-05,1.5310212486089938
4.8310980796813965,0.018462529149235667,0.0003686975449278679,0.00040359074061358663,0.01845807367433521,0.0003687123705669107,0.00040840643766480375,1.1074007767087035,0.018405034247095525,0.00035021490435312164,0.00035153537844998667,0.7698979896731736,-1.1356871299661184e-05,1.1636733074165346e-05,0.01872288855553713,0.00045322276717925034,0.0004456474465104193,0.23010201032682576,5.73008008914342e-06,1.580339240865827e-05,0.01842149947198471,0.00035597209614045625,0.0003782083413629393,6.75766591088625e-16,6.1315898023596366e-06,1.2932526905458845e-05,1.100517241627015
4.839242458343506,0.018506190269890022,0.00030060234265998423,0.0003123952829474502,0.01850051664004091,0.00029825416601659757,0.00031993100166813684,0.9995763848890452,0.018500725586130973,0.0003010051908091914,0.00031744196043413664,1.0,-1.1356871299661184e-05,1.1636733074165346e-05,0.018354342899128212,0.0003627644865434876,0.00038310640108361535,0.0,5.73008008914342e-06,1.580339240865827e-05,0.01855203563300946,0.00034909462745564765,0.0003387308729084562,1.1102230246251565e-16,6.1315898023596366e-06,1.2932526905458845e-05,0.9911883729677826
4.847372531890869,0.019447401216338037,0.00036826385491889324,0.0003830219101548099,0.019457290243479513,0.00037171388409053957,0.0003843384646854131,1.0621325064044973,0.019389030845174966,0.00034405274308776934,0.0003677721414883754,2.458850907391786e-17,-1.1356871299661184e-05,1.1636733074165346e-05,0.019513340696315343,0.0004873252892737892,0.0004992934458169507,0.15457950902200712,5.73008008914342e-06,1.580339240865827e-05,0.019453073897594906,0.0003596745340352925,0.0003565936994654184,0.8454204909779928,6.1315898023596366e-06,1.2932526905458845e-05,1.0554362194306472
4.855487823486328,0.018555439579282205,0.00031990057808167077,0.00033614128961871256,0.01856043980303116,0.00031977202757688464,0.00034106581119944246,1.1393552784823764,0.018483575155554478,0.00030896088908641955,0.000299216383855664,0.20030231894939837,-1.1356871299661184e-05,1.1636733074165346e-05,0.018904216668477237,0.0003843358305675622,0.00040695445750803597,0.15767340127837048,5.73008008914342e-06,1.580339240865827e-05,0.01853701546095799,0.00030003150677604395,0.0002799788299966653,0.6420242797722312,6.1315898023596366e-06,1.2932526905458845e-05,1.131086510200367
4.863587379455566,0.01863816593211204,0.0004951901180892879,0.0005004384746970271,0.01864876475837908,0.0004933998595226322,0.0004984111176151336,1.502172945931246,0.018208418451293673,0.0003021400216739814,0.0003581108368068374,0.1745347926125216,-1.1356871299661184e-05,1.1636733074165346e-05,0.018736820937723546,0.0004551898904924974,0.0004730942219176547,0.8254652073874784,5.73008008914342e-06,1.580339240865827e-05,0.018260548981777085,0.0003802021760038951,0.0003643255420830403,0.0,6.1315898023596366e-06,1.2932526905458845e-05,1.5079550143670724
4.871673583984375,0.018918477345661346,0.00029673731887491436,0.0003227427991533069,0.018933008328015272,0.0002994534699759313,0.00032002664805228995,0.9968711560312008,0.01888673420382423,0.00030961678288126543,0.0003285329628053106,2.4841240175987878e-15,-1.1356871299661184e-05,1.1636733074165346e-05,0.01913143259401319,0.00037258898321796546,0.0004369716988501457,1.8388068845354155e-15,5.73008008914342e-06,1.580339240865827e-05,0.018932773229278582,0.0003010298920864511,0.000320394566109862,0.9999999999999957,6.1315898023596366e-06,1.2932526905458845e-05,0.9968711560312008
4.879744529724121,0.01916825180899447,0.0004845991154878576,0.0004803527071156402,0.019173220058131452,0.0004854685951557504,0.00048679129878994795,1.4785586097095758,0.018771686588232084,0.0003586543413273968,0.0002989184377027651,0.27082825474216277,-1.1356871299661184e-05,1.1636733074165346e-05,0.0193434984508322,0.00043800587424695087,0.00042552975949997074,0.7291717452578373,5.73008008914342e-06,1.580339240865827e-05,0.018802730718007046,0.00034626617042110217,0.0003619323391128304,0.0,6.1315898023596366e-06,1.2932526905458845e-05,1.467444902489245
4.887800693511963,0.019083590074457854,0.0003574624095907773,0.0002995325353371339,0.019082189454268414,0.00036897607427988435,0.00029516347819098093,1.0635110778501755,0.019079555239247432,0.00035955703224327396,0.00029326427452578546,0.9999999999999984,-1.1356871299661184e-05,1.1636733074165346e-05,0.019111073376588433,0.00041582956796550746,0.0003993217116199377,0.0,5.73008008914342e-06,1.580339240865827e-05,0.019039958297477358,0.0003123846062962933,0.0003120936584843463,1.6098233857064762e-15,6.1315898023596366e-06,1.2932526905458845e-05,1.052070155169762
4.895843505859375,0.01892416932323087,0.0003432701259849305,0.000369129810484075,0.01891921067833051,0.0003453007940912717,0.00036221054283862644,1.024300572328088,0.018914068324041796,0.00033888863023367327,0.00035183766246166953,0.8897869607468315,-1.1356871299661184e-05,1.1636733074165346e-05,0.01902786149531855,0.0004740435458513298,0.0004930802385787574,0.11021303925316726,5.73008008914342e-06,1.580339240865827e-05,0.01897500566696346,0.0003699312694732046,0.00038010229098845924,1.2011240594256463e-15,6.1315898023596366e-06,1.2932526905458845e-05,1.0313780494573155
4.903870105743408,0.01794397123511518,0.00046829249026066055,0.0006251911980197054,0.017947974333826354,0.0004691739399621045,0.0006051988411923045,1.7546830318807451,0.018704740050368637,0.0003141603945267836,0.00029812841298670206,0.15995841887852677,-1.1356871299661184e-05,1.1636733074165346e-05,0.017852697460092805,0.0004167966433398611,0.00044004258806745397,0.8400415811214733,5.73008008914342e-06,1.580339240865827e-05,0.018594324572709237,0.0003216219113829702,0.000333450709702799,0.0,6.1315898023596366e-06,1.2932526905458845e-05,1.7858952750108568
4.91188383102417,0.018416587857848925,0.00036808522245454847,0.00037693286918487334,0.018406501513677103,0.00035904320895438144,0.0003737211482804821,0.9913539889438465,0.018407080047267856,0.00036165177236597776,0.0003775033280392012,0.9999999999999926,-1.1356871299661184e-05,1.1636733074165346e-05,0.01824131685909702,0.000525285584991559,0.0005086704921886294,7.365653721297986e-15,5.73008008914342e-06,1.580339240865827e-05,0.01839109766206428,0.0004182898089015348,0.00040075933729056754,0.0,6.1315898023596366e-06,1.2932526905458845e-05,1.0079320175576532
4.919882774353027,0.01920734241077055,0.00030017395128402805,0.0003085339218753362,0.01920072895150192,0.0003125746582373669,0.0003037916747222688,1.0150063634353435,0.019204839937377295,0.00030675210228697444,0.0003005015614964829,0.999999999999996,-1.1356871299661184e-05,1.1636733074165346e-05,0.01913299739304978,0.0004280772973335005,0.0004139129593858891,0.0,5.73008008914342e-06,1.580339240865827e-05,0.019224332814770193,0.00033470427024803046,0.0003183335870172062,4.073700219049884e-15,6.1315898023596366e-06,1.2932526905458845e-05,1.0023947313332728
4.927867412567139,0.0189785034170496,0.00037531231715916616,0.00035140109128372135,0.018972110596882273,0.0003745931268409504,0.00035104119885375276,1.0035061687263294,0.01897365064182304,0.0003776920380554258,0.00035285670213615686,0.9999999999999832,-1.1356871299661184e-05,1.1636733074165346e-05,0.01892839156600263,0.0004589503914599474,0.00045982036753698316,4.636591455035926e-20,5.73008008914342e-06,1.580339240865827e-05,0.01897672147820706,0.0003590863401775578,0.00036401267835233647,1.6874331637888624e-14,6.1315898023596366e-06,1.2932526905458845e-05,1.004998471606754
4.93583869934082,0.01889676252243476,0.0004097934651135192,0.00040799041182103257,0.01890362308573726,0.0004095189549076332,0.0004072519741891642,1.3061061577222577,0.0193008324766107,0.00030842394698697706,0.00031692409556507636,0.0,-1.1356871299661184e-05,1.1636733074165346e-05,0.018812225175021978,0.0003638040901227449,0.00044317983992484336,0.8123996781504966,5.73008008914342e-06,1.580339240865827e-05,0.019163513215654987,0.0003172664024969282,0.0003389508031565146,0.18760032184950323,6.1315898023596366e-06,1.2932526905458845e-05,1.307725972239659
4.94379472732544,0.019297894554507037,0.000521483839227236,0.0005336889934954257,0.019311088696995694,0.0005267244959043238,0.0005203643607992678,1.4303163485579415,0.018852524349584232,0.0003852500368129175,0.0003927621022334904,0.2292577836322525,-1.1356871299661184e-05,1.1636733074165346e-05,0.019441697226118923,0.0004461069079638516,0.00045957648361660483,0.7707422163677475,5.73008008914342e-06,1.580339240865827e-05,0.018898714559504124,0.0003631934652784906,0.0003688745543307913,0.0,6.1315898023596366e-06,1.2932526905458845e-05,1.4413590055276924
4.951737403869629,0.018577643025697425,0.0004079747167629773,0.0003722269016327266,0.018572380900530733,0.0004116712200426774,0.0003726729770996487,1.0415045211744103,0.018564178795608073,0.0004038308367601863,0.00034925681787418075,0.8922379945726768,-1.1356871299661184e-05,1.1636733074165346e-05,0.01871156128817883,0.0005445174431720073,0.0005389229500071258,0.10776200542732152,5.73008008914342e-06,1.580339240865827e-05,0.0185978232329125,0.0004201168572814558,0.00038478060236053074,1.7003271620547047e-15,6.1315898023596366e-06,1.2932526905458845e-05,1.0360037289078932
4.959666252136231,0.018611235738868782,0.00033343342539029694,0.0003480908967666528,0.01860556210901967,0.0003376088354306514,0.00035581921766144123,1.0123613907381612,0.018608698818486473,0.0003324514282118454,0.0003559660946960419,0.9999999999999954,-1.1356871299661184e-05,1.1636733074165346e-05,0.01853165828835612,0.0004388518095718996,0.00042115887968233526,3.997441886574742e-16,5.73008008914342e-06,1.580339240865827e-05,0.01861993634647096,0.0003243598701981841,0.000360601112545815,4.225786387479484e-15,6.1315898023596366e-06,1.2932526905458845e-05,0.9949826914618087
4.967580795288086,0.018128667637135287,0.00039239916470295427,0.0003582171714111154,0.01812663522668686,0.00039604038410363807,0.0003663383698163554,1.0278054104951346,0.018124014246453914,0.0003929696563904385,0.0003572727388749669,0.9999999999999997,-1.1356871299661184e-05,1.1636733074165346e-05,0.018201243742253393,0.0004994714189974769,0.0005013258949902732,1.52655665885959e-16,5.73008008914342e-06,1.580339240865827e-05,0.01812018115323289,0.00036470930340509744,0.0003770446766140634,1.6653345369377346e-16,6.1315898023596366e-06,1.2932526905458845e-05,1.011947837603352
4.97548246383667,0.019137335280941196,0.0002820403903781056,0.00031080592970261084,0.01913715402926572,0.00028303825607947294,0.0003153476868808479,1.0053026283657904,0.019132838802213427,0.00028313985606988334,0.00031208980520440466,0.9999999999999998,-1.1356871299661184e-05,1.1636733074165346e-05,0.018975155162736096,0.00045256238091187506,0.0004937649627544255,2.538765043857765e-16,5.73008008914342e-06,1.580339240865827e-05,0.019153575876579412,0.0003237289438176652,0.00036856370693339954,0.0,6.1315898023596366e-06,1.2932526905458845e-05,0.9959959300608958
4.98336935043335,0.01828739621728343,0.00038483687432368935,0.00042834338377629316,0.018281694595153577,0.00039027699043985356,0.0004283713760570365,1.0251062438464147,0.018279832759874756,0.0003886773227388986,0.0004250439196645389,0.9999999999999853,-1.1356871299661184e-05,1.1636733074165346e-05,0.01818778555256932,0.0005163784150781885,0.0005390451250038494,1.4742526307125826e-14,5.73008008914342e-06,1.580339240865827e-05,0.01831251356686446,0.00039281397537966126,0.000405784581024745,0.0,6.1315898023596366e-06,1.2932526905458845e-05,1.0182591135165941
4.991243362426758,0.019758179646096618,0.00037406992620402785,0.0004027152625008003,0.019766949152902266,0.0003778976686203729,0.00039811131264562774,1.0086105493066337,0.019776917730982363,0.0003923873947177907,0.0003825225836257308,0.0,-1.1356871299661184e-05,1.1636733074165346e-05,0.019493631306499257,0.0004994796119595878,0.0005523565744676544,0.0,5.73008008914342e-06,1.580339240865827e-05,0.019771137313259877,0.00037529193955101667,0.0003940922214608483,1.0,6.1315898023596366e-06,1.2932526905458845e-05,1.0096194177993338
