wavelength,depth,depth_err_lo,depth_err_hi,absolute_depth,absolute_depth_err_lo,absolute_depth_err_hi,absolute_disagreement,fixed_power2_linear_depth,fixed_power2_linear_depth_err_lo,fixed_power2_linear_depth_err_hi,fixed_power2_linear_weight,fixed_power2_linear_achromatic_offset,fixed_power2_linear_achromatic_offset_err,uniform_quadratic_linear_depth,uniform_quadratic_linear_depth_err_lo,uniform_quadratic_linear_depth_err_hi,uniform_quadratic_linear_weight,uniform_quadratic_linear_achromatic_offset,uniform_quadratic_linear_achromatic_offset_err,sing_quadratic_linear_depth,sing_quadratic_linear_depth_err_lo,sing_quadratic_linear_depth_err_hi,sing_quadratic_linear_weight,sing_quadratic_linear_achromatic_offset,sing_quadratic_linear_achromatic_offset_err,disagreement
2.9083497524261475,0.019046267619178544,0.00017361459337216292,0.00016271231313081877,0.0190379035510593,0.00017430261517718815,0.00016008440430076779,1.249035395095977,0.01891973925623972,0.00013620379278045033,0.00013151241509551728,0.27692818324686297,-1.1011528093293697e-05,1.1636733074165346e-05,0.019079466214634355,0.00014976385400587017,0.00014304676808770192,0.7230718167531361,-1.4515634526686959e-05,1.4687708373702337e-05,0.019015600243249137,0.00014218140430570514,0.00014607090003176254,9.420192219593976e-16,2.699049659503082e-05,1.2963964968440375e-05,1.2562814525551673
2.9219865798950195,0.01888688457723317,0.00011920923919947826,0.00011427723687185143,0.01887948825730747,0.00011893801939017942,0.00011425757392427918,0.9994329085539034,0.018879655092529896,0.0001191350573733832,0.00011419285420386643,0.9999999999999996,-1.1011528093293697e-05,1.1636733074165346e-05,0.01895111018279704,0.00015534330413148958,0.00012476461781058337,1.942890293094024e-16,-1.4515634526686959e-05,1.4687708373702337e-05,0.018924741712072868,0.00014146829825669935,0.00012064897054910387,2.498001805406602e-16,2.699049659503082e-05,1.2963964968440375e-05,1.0006795779082245
2.935563564300537,0.018960430475321217,0.00010458351724892262,0.00011872521328734967,0.018966784877677022,0.0001079652111707595,0.0001296676873557695,1.1931371782998597,0.018935293712393476,9.857428150209305e-05,0.00010059217047716715,0.5739289194798207,-1.1011528093293697e-05,1.1636733074165346e-05,0.019038081554136395,0.0001279788664215499,0.00014808501983493497,1.2375405469269504e-16,-1.4515634526686959e-05,1.4687708373702337e-05,0.019022218807126505,0.00011615913371301051,0.00012211938873400718,0.4260710805201793,2.699049659503082e-05,1.2963964968440375e-05,1.1212165920369266
2.9490816593170166,0.018790107918895023,0.00011457428620015309,0.00011457261733873597,0.01878414778322959,0.00011345358123162133,0.00011172725179748808,0.9849449246317977,0.01878291586564766,0.00011517231002069334,0.00011345045598146544,1.0,-1.1011528093293697e-05,1.1636733074165346e-05,0.018765775596021522,0.00017065317897076854,0.00015882674030203228,0.0,-1.4515634526686959e-05,1.4687708373702337e-05,0.01878276203597607,0.00013665717591693563,0.00013653765124826966,0.0,2.699049659503082e-05,1.2963964968440375e-05,1.0022925868053112
2.962549924850464,0.01886283262989369,0.00012005531986682486,0.00011478823580747186,0.01885486354710601,0.00011968341938371069,0.00011380390019776615,0.9992144570442915,0.01885545935757342,0.00011992582299333657,0.00011374505510038102,0.9999999999999996,-1.1011528093293697e-05,1.1636733074165346e-05,0.01882192541266594,0.00014242079030588745,0.00014532327020033015,3.122502256758253e-16,-1.4515634526686959e-05,1.4687708373702337e-05,0.01887513008643691,0.00012911885774070236,0.00012726072069731142,1.8041124150158794e-16,2.699049659503082e-05,1.2963964968440375e-05,1.0050185011934127
2.9759624004364014,0.018843077462665097,0.0001103053505459757,0.00010751861367112175,0.018836517813128856,0.00010974503090005125,0.0001104905245864693,1.0001143900842955,0.01883642513851085,0.00010985702974916634,0.00011035333585506998,0.9999999999999994,-1.1011528093293697e-05,1.1636733074165346e-05,0.018892165939407967,0.0001532241716243575,0.0001325701583581966,5.967448757360216e-16,-1.4515634526686959e-05,1.4687708373702337e-05,0.018905152022687107,0.00012673349247612625,0.00013981885258105078,0.0,2.699049659503082e-05,1.2963964968440375e-05,0.9891630833063157
2.989316940307617,0.01874432082894235,0.00013455917558762368,0.00012672434597364376,0.01875026972954927,0.00012947635243901884,0.0001316498608916125,1.096506643803779,0.018734800231792578,0.00012026875989928215,0.00011787499855965902,0.46616571453578287,-1.1011528093293697e-05,1.1636733074165346e-05,0.018720240625956057,0.0001514171059573341,0.00015242281944573277,0.12410463875637882,-1.4515634526686959e-05,1.4687708373702337e-05,0.0187797759119545,0.00013228088024353976,0.00012726570127886971,0.40972964670783835,2.699049659503082e-05,1.2963964968440375e-05,1.0971672037598912
3.002616167068481,0.018716968389205845,0.00010512084290583562,0.00011666673547253148,0.01870777344135774,0.00010514950114916266,0.00011763715108200137,1.0162759043603253,0.018708685104399,0.00010610941230500617,0.00011769162986539905,1.0,-1.1011528093293697e-05,1.1636733074165346e-05,0.01877437782724884,0.0001468455048133921,0.00015740178781863817,8.326672684688674e-17,-1.4515634526686959e-05,1.4687708373702337e-05,0.018772237249429873,0.00010228772583318127,0.00011693094428907522,0.0,2.699049659503082e-05,1.2963964968440375e-05,1.011718473863006
3.015860080718994,0.018810319545861324,0.00010442323873560352,0.00011454085201583267,0.018802631616935003,0.00010475704264693506,0.00011521221407533033,1.0083606142415595,0.018802690752698574,0.00010412575967486126,0.00011401966728404045,0.9999999999999993,-1.1011528093293697e-05,1.1636733074165346e-05,0.018758627260653957,0.0001455855205960907,0.0001453464616783702,6.99093560818653e-16,-1.4515634526686959e-05,1.4687708373702337e-05,0.0188035773290961,0.00012467729113562961,0.00013100569709463203,0.0,2.699049659503082e-05,1.2963964968440375e-05,1.003752834996118
3.029047966003418,0.018864113022334025,0.00011003207894524566,0.00010795709724739297,0.018857312154161067,0.00011259677562083792,0.00010605653582131114,0.9979046716697082,0.018856828054272974,0.0001111121016745785,0.00010800032223691122,1.0,-1.1011528093293697e-05,1.1636733074165346e-05,0.018944626383061942,0.00014392949917951814,0.00014326439330197144,5.551115123125783e-17,-1.4515634526686959e-05,1.4687708373702337e-05,0.018910202375477643,0.0001395239513885295,0.00013569337632206996,0.0,2.699049659503082e-05,1.2963964968440375e-05,0.9948736466020529
3.042182207107544,0.018812296274943793,0.00012330070794635412,0.00011448160858851947,0.01880254797477919,0.00012218657767571958,0.0001161642087097528,1.076957615338835,0.018818583250582298,0.00011166292959477117,0.0001096557026250139,0.8045890776650785,-1.1011528093293697e-05,1.1636733074165346e-05,0.018720875893841388,0.0001367520779876931,0.00013345443050416864,0.19541092233492,-1.4515634526686959e-05,1.4687708373702337e-05,0.0187984218980849,0.00012093848740489868,0.00012155785669289154,1.570033165976259e-15,2.699049659503082e-05,1.2963964968440375e-05,1.0743890568541872
3.055262327194214,0.018778173749265267,0.00012605205176266163,0.0001227360711490988,0.018766775777578532,0.00012345832958556707,0.0001266989123772308,1.005147083329475,0.018769860709235038,0.00012524287232417233,0.00012363338281469807,0.9999999999999998,-1.1011528093293697e-05,1.1636733074165346e-05,0.018811345137004526,0.00016277738217303217,0.0001587413731260999,0.0,-1.4515634526686959e-05,1.4687708373702337e-05,0.018827961382160842,0.00013056506542991758,0.00013128409389728465,3.0531133177191805e-16,2.699049659503082e-05,1.2963964968440375e-05,0.9996458793264114
3.068288803100586,0.01866313640177583,0.00013809223037205415,0.00013357180852124548,0.018691815606968698,0.00013455283492702988,0.0001354983092228812,1.131885316307805,0.018556125332656687,0.00012483658492186064,0.00011374866771735048,0.0,-1.1011528093293697e-05,1.1636733074165346e-05,0.01874126597129693,0.00015256084490472555,0.00015113719532361403,0.0,-1.4515634526686959e-05,1.4687708373702337e-05,0.018693249849551785,0.00013616118338301286,0.00013369672577512315,1.0,2.699049659503082e-05,1.2963964968440375e-05,1.1386455612330335
3.081264019012451,0.018667725878168718,0.00012126786797088743,0.00010482463916739598,0.01866472024926829,0.00011675414923631097,0.00010287195218290635,1.037661723388686,0.018667428576216633,0.00011149119104023053,0.00010016362523456238,0.835993240971764,-1.1011528093293697e-05,1.1636733074165346e-05,0.018614801610415906,0.0001452611866173334,0.0001540805571771317,6.715616019010995e-17,-1.4515634526686959e-05,1.4687708373702337e-05,0.018646972354547993,0.0001373367428730357,0.00012192442082705965,0.164006759028236,2.699049659503082e-05,1.2963964968440375e-05,1.0682133821360622
3.0941851139068604,0.01865744839165161,0.00010266687207546865,0.00010415748383816106,0.018650627719305778,0.00010549008098600238,0.00010286765682877147,1.0017138261568226,0.0186499807556521,0.00010430643266799017,0.00010369482714706058,1.0,-1.1011528093293697e-05,1.1636733074165346e-05,0.018690022617389182,0.00014572027962313217,0.000148285238544342,0.0,-1.4515634526686959e-05,1.4687708373702337e-05,0.018700571767572963,0.00012535199495272709,0.00013264525324212934,0.0,2.699049659503082e-05,1.2963964968440375e-05,0.9943418424365915
3.107055902481079,0.018788031218683374,0.00011962870682697899,0.00011154808540433242,0.01877992516490142,0.00011860757489806292,0.00011170375111265937,0.9969721323410332,0.018779576607982455,0.00011829564926201658,0.00011271514686717748,1.0,-1.1011528093293697e-05,1.1636733074165346e-05,0.01877482483306224,0.00013193632901063734,0.00014981111021058688,0.0,-1.4515634526686959e-05,1.4687708373702337e-05,0.01880261704498185,0.0001295801519947369,0.00012945926659107057,0.0,2.699049659503082e-05,1.2963964968440375e-05,1.0007185642614924
3.1198747158050537,0.01885098926525917,0.0001324099922566553,0.00012172621446896945,0.01888223100426223,0.00013084188667245727,0.00012012818294502084,1.056682374115142,0.018795485578478297,0.00011866946852617452,0.00011883810779508147,0.0,-1.1011528093293697e-05,1.1636733074165346e-05,0.01889757750231863,0.0001477128783311174,0.00015840136309812,0.0,-1.4515634526686959e-05,1.4687708373702337e-05,0.018882536336447844,0.00013068205561600835,0.00012352843678576156,1.0,2.699049659503082e-05,1.2963964968440375e-05,1.070013052475752
3.132643461227417,0.018468991267265204,0.00012681657452229267,0.0001285295873096337,0.018501900890384955,0.0001245157411565445,0.00012630812150694545,1.0198383622422487,0.018578880319608984,0.00012481674579648688,0.0001211279763769571,0.0,-1.1011528093293697e-05,1.1636733074165346e-05,0.018400079245539755,0.00015495340604632785,0.000180019333996001,0.0,-1.4515634526686959e-05,1.4687708373702337e-05,0.018499634675163114,0.0001264312394810771,0.00012877098478543403,1.0,2.699049659503082e-05,1.2963964968440375e-05,1.0382258239794728
3.145362377166748,0.018579046165298027,0.00011977553163291729,0.00011766122604376164,0.018572017640219398,0.00012122974769663078,0.0001193479017516097,1.0112219126799675,0.01857114775025016,0.00011930908758893757,0.00011859878053731288,0.9999999999999996,-1.1011528093293697e-05,1.1636733074165346e-05,0.018569210055145238,0.0001487294521416785,0.00014806586818068984,2.0816681711721685e-16,-1.4515634526686959e-05,1.4687708373702337e-05,0.018611142276306888,0.00012859019150033082,0.000124224609275643,3.0531133177191805e-16,2.699049659503082e-05,1.2963964968440375e-05,0.9980197777682513
3.158031225204468,0.0186210807015831,0.0001446141233437427,0.00014241231317265596,0.018612544089080415,0.0001462535066873022,0.0001427472996713315,1.3006699971450724,0.018676287049598814,0.00010673304183355867,0.00011546075597294175,0.2940557289070068,-1.1011528093293697e-05,1.1636733074165346e-05,0.018580864398000274,0.00013943075040035932,0.0001435155976851829,0.7059442710929933,-1.4515634526686959e-05,1.4687708373702337e-05,0.0186975322399413,0.00014305120348296133,0.00013363980700087721,0.0,2.699049659503082e-05,1.2963964968440375e-05,1.2917841962733738
3.17065167427063,0.0188681352208091,0.0001461722260640945,0.0001272325824991892,0.018860433251505482,0.00014432738400257591,0.00012532827615059292,1.23296645402069,0.018903200493326923,0.00011579617170226139,0.00010290861079512506,0.593221125312359,-1.1011528093293697e-05,1.1636733074165346e-05,0.018781855682080423,0.00014581644147552628,0.00014634376790305034,0.4067788746876409,-1.4515634526686959e-05,1.4687708373702337e-05,0.018873205612996186,0.00013699836415238809,0.00013258692249191323,9.150666335777657e-17,2.699049659503082e-05,1.2963964968440375e-05,1.2501089616846899
3.183222770690918,0.018808849712219734,0.00012501156384186335,0.00012809272481396558,0.018828299151653027,0.00011854202134422773,0.00013013443832403035,1.1248690239969568,0.01882790649023397,0.00011410503845560652,0.00010696644130178332,0.30327821328089055,-1.1011528093293697e-05,1.1636733074165346e-05,0.01882545949088686,0.00013421813499545424,0.00015458495253111576,2.2822411327764586e-15,-1.4515634526686959e-05,1.4687708373702337e-05,0.018828378732153272,0.0001272570314045686,0.00013897265479618018,0.6967217867191071,2.699049659503082e-05,1.2963964968440375e-05,1.1448979711611502
3.1957476139068604,0.018801681678715716,0.00011365021186152471,0.00011753392638109289,0.01879755279172373,0.00011570124456809425,0.00011453042833088276,0.9951644996528859,0.018795678581305576,0.00011513390521879219,0.0001162164624634171,1.0,-1.1011528093293697e-05,1.1636733074165346e-05,0.018728602000170402,0.0001603506531519805,0.00015397729385617856,5.551115123125783e-17,-1.4515634526686959e-05,1.4687708373702337e-05,0.018797294771329808,0.00013111475116242902,0.0001377097955856041,5.551115123125783e-17,2.699049659503082e-05,1.2963964968440375e-05,0.9992814818439363
3.208223819732666,0.01869086162431988,0.0001148799990912941,0.00011372850206071983,0.01868354775694862,0.00011740571438937503,0.00011239338697839954,1.004040256216785,0.01868270588881126,0.00011645443762266575,0.00011241995256728102,0.9999999999999992,-1.1011528093293697e-05,1.1636733074165346e-05,0.018685008054904365,0.00015100288947771795,0.0001350612158263001,7.216449660063515e-16,-1.4515634526686959e-05,1.4687708373702337e-05,0.018711874424310142,0.0001288746349254917,0.00013733503995048274,0.0,2.699049659503082e-05,1.2963964968440375e-05,0.9988382752753063
3.220654010772705,0.018737984733605162,0.00011971837501964858,0.0001235618794866479,0.018730082789996338,0.00012024661598975667,0.0001265756473724823,1.0085594073809732,0.01872832158360134,0.00011832299588288714,0.00012640454476163174,0.9999999999999994,-1.1011528093293697e-05,1.1636733074165346e-05,0.01877668318294378,0.00014374377664200244,0.00014232421890704103,6.418476861114185e-16,-1.4515634526686959e-05,1.4687708373702337e-05,0.018772671739341867,0.00012939902798730224,0.00013652880497993375,0.0,2.699049659503082e-05,1.2963964968440375e-05,0.9940861329525447
3.233036756515503,0.018659053009102013,0.00011348540372232985,0.00012289812159417546,0.01865389429095785,0.00011548214725324094,0.00011779860022013283,0.9990014802303857,0.01865349663698304,0.000116097438256281,0.00011741647747843392,1.0,-1.1011528093293697e-05,1.1636733074165346e-05,0.01862218944071354,0.00013977008691280074,0.00014543557923321973,0.0,-1.4515634526686959e-05,1.4687708373702337e-05,0.018694244052226944,0.0001402721158389568,0.00013421720842428722,0.0,2.699049659503082e-05,1.2963964968440375e-05,1.0122888161622472
3.2453739643096924,0.018794385236208945,0.00012607485592356152,0.00012237021473441786,0.018786885576557603,0.0001263297311775713,0.00012567738097355938,1.0069078319718596,0.018786836175233614,0.00012596325138979417,0.00012431498078724346,0.9999999999999991,-1.1011528093293697e-05,1.1636733074165346e-05,0.01886619630872364,0.00016520482115671073,0.00015419953189605567,0.0,-1.4515634526686959e-05,1.4687708373702337e-05,0.018853587695274347,0.00014401895370413226,0.0001341166843700954,7.771561172376093e-16,2.699049659503082e-05,1.2963964968440375e-05,0.9926755055638976
3.257664918899536,0.018764959405584664,0.00014232898952278375,0.00013198844121893247,0.018755588333153248,0.00014297643270876417,0.00013491859472997136,1.170248666773638,0.018796538842506108,0.00012192639042553008,0.00011554025690241679,0.4748013475448807,-1.1011528093293697e-05,1.1636733074165346e-05,0.018710096215337254,0.00014238713375970546,0.00014650094356389795,0.5251986524551194,-1.4515634526686959e-05,1.4687708373702337e-05,0.018807458573167617,0.0001351225150135714,0.00012905756112314287,0.0,2.699049659503082e-05,1.2963964968440375e-05,1.1551829860253073
3.269911050796509,0.01888626636437008,0.0001310562316250742,0.00012332287199463138,0.018893585867983072,0.00013191968058980097,0.00012095550091061752,1.0861933951081943,0.01890682088143059,0.00012508682138154953,0.00010772179505754223,0.5662842406952205,-1.1011528093293697e-05,1.1636733074165346e-05,0.018835073416153113,0.00013699963994726408,0.00016306090390439884,1.5444798760234912e-17,-1.4515634526686959e-05,1.4687708373702337e-05,0.018882857759480343,0.0001423898361277605,0.00013375179335191334,0.4337157593047794,2.699049659503082e-05,1.2963964968440375e-05,1.0926533025733487
3.2821123600006104,0.018602111461433264,0.000163206336650467,0.00016442584227219573,0.018594502837177774,0.00016138682086592332,0.00016801813151967257,1.2816734916035526,0.01875974920250774,0.00012686441122349013,0.00013014718692812982,0.1609325294413663,-1.1011528093293697e-05,1.1636733074165346e-05,0.018549213731390308,0.00014181238796978635,0.00015431351866641158,0.7335567759421039,-1.4515634526686959e-05,1.4687708373702337e-05,0.018692207870768383,0.00013206448179116717,0.00013469047043002808,0.10551069461652991,2.699049659503082e-05,1.2963964968440375e-05,1.2747758516694694
3.2942686080932617,0.018659332133082258,0.0001231001665944545,0.00011708814526947484,0.0186514213219629,0.0001229021746655956,0.00011768508901757388,1.0016108814676206,0.018651585932248263,0.00012307567830408678,0.00011712465111989728,0.9999999999999983,-1.1011528093293697e-05,1.1636733074165346e-05,0.018711053057127936,0.00015313737100162636,0.00014277357532055737,0.0,-1.4515634526686959e-05,1.4687708373702337e-05,0.01870571099428879,0.00013661880220786765,0.0001356681006738393,1.692721854478086e-15,2.699049659503082e-05,1.2963964968440375e-05,0.9999499685946163
3.306382179260254,0.018668264992590847,0.00012477644657111348,0.00012790824694018654,0.018660031494213584,0.00012573091167770306,0.00012683467859317746,1.0068805449857785,0.01866139392495958,0.000123448773407836,0.00012739090318403604,1.0,-1.1011528093293697e-05,1.1636733074165346e-05,0.018758672019240093,0.00016167069540824752,0.00015168097798137076,0.0,-1.4515634526686959e-05,1.4687708373702337e-05,0.018737560038328663,0.00015885618448077676,0.00014823845527226973,0.0,2.699049659503082e-05,1.2963964968440375e-05,1.007355363172589
3.318450450897217,0.01883344018767901,0.00011298877242682873,0.00011882150274481959,0.018825452660017953,0.00011205925517368195,0.00011886783729857589,0.9970351696905535,0.018826139949669543,0.00011276952931088893,0.00011884425874026869,0.9999999999999996,-1.1011528093293697e-05,1.1636733074165346e-05,0.01879070999354441,0.00015052791270370527,0.0001576524538278723,5.134781488891348e-16,-1.4515634526686959e-05,1.4687708373702337e-05,0.018822654363880073,0.00013740099243485585,0.00014414014111946774,0.0,2.699049659503082e-05,1.2963964968440375e-05,1.0008483394798902
3.330476999282837,0.0188204898457419,0.0001282336883809479,0.0001263885023127624,0.018815294407589046,0.00012904291301506568,0.0001205255094724432,0.9926723357764036,0.01881451200764632,0.00012922261238694846,0.00012218806311285052,0.9999999999999989,-1.1011528093293697e-05,1.1636733074165346e-05,0.018829078268914896,0.00016006864085191252,0.00015362898524924617,5.967448757360216e-16,-1.4515634526686959e-05,1.4687708373702337e-05,0.018849618476140435,0.00013714827933923243,0.00013545833753550451,4.996003610813204e-16,2.699049659503082e-05,1.2963964968440375e-05,1.0127739810074767
3.3424601554870605,0.018967782312578806,0.0001319127650611443,0.00012525318260217175,0.01895912234228999,0.00013286587495953822,0.00012454556226763197,1.001433370261282,0.01895868338319147,0.00013259657863201255,0.00012444642080389548,0.9999999999999987,-1.1011528093293697e-05,1.1636733074165346e-05,0.01892467662178468,0.00017197401602823265,0.00016091473540626872,1.3426759704060489e-15,-1.4515634526686959e-05,1.4687708373702337e-05,0.018971964770395724,0.00015394331845270184,0.00014681594430082656,2.775557561562892e-17,2.699049659503082e-05,1.2963964968440375e-05,1.0004783177432486
3.354401111602783,0.018741460131132915,0.00015947153329086763,0.00014960951439843898,0.018731301171857128,0.00015619539914097855,0.00015068445007111395,1.4309615962076905,0.018573436635972856,0.00010608706693009118,0.00010837001565366239,0.08860407613994373,-1.1011528093293697e-05,1.1636733074165346e-05,0.01874515371510066,0.0001512801488081257,0.00014006011807144933,0.9113959238600557,-1.4515634526686959e-05,1.4687708373702337e-05,0.018687930885680083,0.00013760709806973775,0.00013986744468557494,5.024800613437483e-16,2.699049659503082e-05,1.2963964968440375e-05,1.4412256474140872
3.3663008213043213,0.018660397920604987,0.00013307315506470505,0.00013213119418455793,0.018651787345699847,0.00013177644753082501,0.00013085879045258292,0.9969992091463248,0.018652914012634428,0.00013255969948991128,0.0001308660239951534,0.9999999999999997,-1.1011528093293697e-05,1.1636733074165346e-05,0.01861161277744111,0.00017948255949292585,0.0001598405851128762,1.942890293094024e-16,-1.4515634526686959e-05,1.4687708373702337e-05,0.018665502347557025,0.00015310509649952772,0.00013927669648192142,1.5265566588595902e-16,2.699049659503082e-05,1.2963964968440375e-05,1.0067519061565722
3.378157615661621,0.018349505734634508,0.00014673257715733246,0.00016354401380340097,0.01833373911953085,0.00014414478508429848,0.00016438652648738047,1.2862191873997104,0.018555126494053525,0.00011774582029082381,0.0001221287785288551,0.0,-1.1011528093293697e-05,1.1636733074165346e-05,0.018337289082584342,0.00014541992748212315,0.00016312887114807578,0.9999999999999998,-1.4515634526686959e-05,1.4687708373702337e-05,0.018501736639922987,0.00013466230384816258,0.0001325088588820314,2.220446049250313e-16,2.699049659503082e-05,1.2963964968440375e-05,1.293494986494914
3.3899741172790527,0.019160063527820553,0.00012427441313460005,0.00011326664123614133,0.019148401971690477,0.00012264170835462468,0.00011716363220920165,1.0095465163665658,0.019151851034303974,0.00012359597203245865,0.00011394171115117896,0.9999999999999998,-1.1011528093293697e-05,1.1636733074165346e-05,0.01911089077773534,0.00016018298806534312,0.00014415190337104672,1.6653345369377346e-16,-1.4515634526686959e-05,1.4687708373702337e-05,0.019163938421126826,0.00013426085191801246,0.00013338222988253795,5.5511151231257815e-17,2.699049659503082e-05,1.2963964968440375e-05,1.0000141922201926
3.401750087738037,0.018522048380364774,0.0001586064073745841,0.00015320227434811526,0.01855229945832634,0.00015947455210986103,0.00014984100654883564,1.179085670705697,0.018566649304641178,0.00012642595992158612,0.00013590914120263295,0.0700544449017422,-1.1011528093293697e-05,1.1636733074165346e-05,0.018507440029895662,0.00014329908510081132,0.00015344276442131807,0.0,-1.4515634526686959e-05,1.4687708373702337e-05,0.018550019149343254,0.00015734328038431722,0.00015125757030455891,0.9299455550982578,2.699049659503082e-05,1.2963964968440375e-05,1.1885892523968948
3.413484811782837,0.018821983433776154,0.00013121623017372033,0.000118483105125234,0.01881879188340727,0.00013336193602869056,0.00011575873587195071,1.016511219633509,0.018810540381355267,0.000128413864621979,0.00011666033336912504,0.8944798024473543,-1.1011528093293697e-05,1.1636733074165346e-05,0.018889465064318933,0.00015310152187896636,0.00015889149945530825,0.0,-1.4515634526686959e-05,1.4687708373702337e-05,0.018879577915046297,0.00014135748317302063,0.00014967298532805526,0.10552019755264576,2.699049659503082e-05,1.2963964968440375e-05,1.018872395975435
3.425176858901977,0.018570928754229728,0.00011632763936967119,0.0001252996689402354,0.018564355812695416,0.00011926155834954613,0.00012496314926331922,1.0012298272114075,0.018564391664887766,0.00011924360757354854,0.00012468111477823354,1.0,-1.1011528093293697e-05,1.1636733074165346e-05,0.01855040923273727,0.00018741192887043734,0.0001920753422555363,0.0,-1.4515634526686959e-05,1.4687708373702337e-05,0.018616404283378747,0.00015679852342780423,0.00014563633162906903,2.7755575615628914e-17,2.699049659503082e-05,1.2963964968440375e-05,0.9905814629213261
3.4368252754211426,0.018947750970835512,0.00012644380641982367,0.00012305194815315917,0.01894562852582512,0.00012978162556652115,0.00011997516976067213,1.007468802761487,0.01894457378092706,0.00012898574818477615,0.00011891949180142108,0.9999999999999998,-1.1011528093293697e-05,1.1636733074165346e-05,0.018859504694665956,0.0001657752323993636,0.0001606778171744823,0.0,-1.4515634526686959e-05,1.4687708373702337e-05,0.018946052567517014,0.00013963385355536886,0.00014442680602740413,3.3306690738754696e-16,2.699049659503082e-05,1.2963964968440375e-05,1.0064158167325312
3.4484331607818604,0.018777964996694534,0.000126758977324639,0.0001357022282150594,0.018770377837777658,0.00013277333565924615,0.0001397547803403884,1.01452474120755,0.018769906656367727,0.0001322668432553048,0.00013635954398810018,0.9999999999999987,-1.1011528093293697e-05,1.1636733074165346e-05,0.018765050784388535,0.00016619281169802033,0.00016287805102527947,1.2906342661267439e-15,-1.4515634526686959e-05,1.4687708373702337e-05,0.018799915353974028,0.00015319405272959385,0.0001532372061027118,0.0,2.699049659503082e-05,1.2963964968440375e-05,0.9770492327020717
3.460002899169922,0.01850426973093484,0.000147895092307615,0.000142422984137143,0.018496393217192528,0.00014579207700267036,0.0001438280390271586,1.003313658960475,0.018498291593595367,0.00014733446889112975,0.00014132911446913463,1.0,-1.1011528093293697e-05,1.1636733074165346e-05,0.018480207999506212,0.00016283748117906088,0.0001666503303649064,0.0,-1.4515634526686959e-05,1.4687708373702337e-05,0.018522533323042902,0.00014039334481501242,0.00014833180674039478,0.0,2.699049659503082e-05,1.2963964968440375e-05,1.0057315615126579
3.471534252166748,0.01865138731666307,0.00016038139594322376,0.0001567443147291632,0.01864252180976054,0.00016535111355735904,0.00015985407375384772,1.324164873239301,0.01853234886443864,0.00011953048951534456,0.0001260621809167431,0.3529279419632231,-1.1011528093293697e-05,1.1636733074165346e-05,0.018699951727131067,0.0001318791829258946,0.00013542487862022723,0.6470720580367768,-1.4515634526686959e-05,1.4687708373702337e-05,0.01864528934466309,0.00014230398244939949,0.00013172128673401284,0.0,2.699049659503082e-05,1.2963964968440375e-05,1.2912669995991592
3.4830265045166016,0.01871167547203396,0.00013927685882638222,0.00014337037912268494,0.01870516208529498,0.00014127704392158033,0.00014534226739460268,1.0094608076010536,0.01870511071667379,0.00014034866853671057,0.0001435844065841782,0.9999999999999998,-1.1011528093293697e-05,1.1636733074165346e-05,0.018611095804250168,0.0001721117579012929,0.0001952337588945162,5.551115123125783e-17,-1.4515634526686959e-05,1.4687708373702337e-05,0.01869314731162717,0.00014381404418246577,0.00015354163594650388,1.6653345369377348e-16,2.699049659503082e-05,1.2963964968440375e-05,0.9954713371407182
3.494481325149536,0.0183833611590502,0.00011971276154418634,0.00012631256967020332,0.01837466866599782,0.00012004977468991693,0.00012818049582295418,1.0065930843354576,0.01837585830790749,0.000120098274685395,0.00012650611230654446,0.9999999999999962,-1.1011528093293697e-05,1.1636733074165346e-05,0.01839304111623029,0.0001832633640813583,0.00016126209460002802,1.9914625504213745e-15,-1.4515634526686959e-05,1.4687708373702337e-05,0.01841292240024163,0.0001421017363378782,0.00014220707154050105,1.7208456881689926e-15,2.699049659503082e-05,1.2963964968440375e-05,0.9976518837129661
3.505899429321289,0.01855549986603365,0.0001606223135980668,0.00015490968247273973,0.018583514305908152,0.00016020755978341308,0.00015351404268847124,1.1777513017702508,0.01859832071784564,0.00013379949310511272,0.0001325738931949802,0.0,-1.1011528093293697e-05,1.1636733074165346e-05,0.018570755751103233,0.0001622356084389244,0.0001742943928857328,1.1796119636642288e-15,-1.4515634526686959e-05,1.4687708373702337e-05,0.018585811047769678,0.0001612843191215428,0.00015284807419660776,0.9999999999999989,2.699049659503082e-05,1.2963964968440375e-05,1.1845477525120778
3.5172793865203857,0.018569511652151975,0.00014189290850097694,0.00013000497050699722,0.018560860481305105,0.0001457790684938516,0.00013123082599156288,1.0138379428241273,0.018561566179579075,0.00014268600825697447,0.0001305429593961606,1.0,-1.1011528093293697e-05,1.1636733074165346e-05,0.01849515059175418,0.00016691522406318132,0.0001792523959478036,0.0,-1.4515634526686959e-05,1.4687708373702337e-05,0.018565902142276373,0.00014293116580642307,0.0001489977479850503,0.0,2.699049659503082e-05,1.2963964968440375e-05,0.9951283033545304
3.5286223888397217,0.01881033370985702,0.00012974782453712558,0.00012467870593153504,0.018802046478442636,0.00012842416374807958,0.00012196079400272897,0.9869740897069524,0.018804353405969344,0.00013012114058149477,0.00012356835376495928,0.9999999999999987,-1.1011528093293697e-05,1.1636733074165346e-05,0.018865570922363253,0.00017082395552046534,0.00016623648852667067,1.2351231148954859e-15,-1.4515634526686959e-05,1.4687708373702337e-05,0.01887289008820997,0.00014245777886718117,0.0001372022767823014,0.0,2.699049659503082e-05,1.2963964968440375e-05,1.0029052686005202
3.5399296283721924,0.018378500807584405,0.00015338563755788043,0.00014762672605285118,0.018413135575928108,0.00015342531556638075,0.00015017527894908497,1.1312158250767312,0.018453105421604298,0.00012855919451760026,0.0001398251294860639,8.012344526598184e-17,-1.1011528093293697e-05,1.1636733074165346e-05,0.018367465755545327,0.00017368312642823333,0.00017078035085293583,4.85722573273506e-16,-1.4515634526686959e-05,1.4687708373702337e-05,0.018411366901937468,0.00015168115512927474,0.00014575236006138942,0.9999999999999994,2.699049659503082e-05,1.2963964968440375e-05,1.12157207664119
3.5512008666992188,0.018690377053788218,0.00014703927944900372,0.00014643406792205424,0.01871900556455552,0.00014832396060064645,0.00015144730787014157,1.109870420885924,0.018585119915604735,0.00012935310076521433,0.0001407426354843415,0.0,-1.1011528093293697e-05,1.1636733074165346e-05,0.018779178279589543,0.00018313367444451611,0.0001670792304325,0.0,-1.4515634526686959e-05,1.4687708373702337e-05,0.018720762095661505,0.00014627349262070696,0.00014868573982668165,1.0,2.699049659503082e-05,1.2963964968440375e-05,1.0865530550245426
3.5624349117279053,0.01845704393940486,0.00016010404608831144,0.00012685398851627894,0.01845066286197123,0.00015617616384054275,0.00013156010271722987,0.9950405265803474,0.018449899973618254,0.00015837775376409402,0.00013079264570358892,0.9999999999999991,-1.1011528093293697e-05,1.1636733074165346e-05,0.018461565148070437,0.0001758519541644847,0.0001685215791477658,7.840950111415163e-16,-1.4515634526686959e-05,1.4687708373702337e-05,0.01848908594756709,0.0001399868510275626,0.00015665295028028867,0.0,2.699049659503082e-05,1.2963964968440375e-05,0.9923492692641944
3.573633909225464,0.018696851318997152,0.00012791214090009453,0.00011760189834823451,0.018687977086268313,0.00012851361073079257,0.0001181255546632079,1.009977923685675,0.018686097700601936,0.00012585452492373458,0.0001183480062503621,0.9999999999999994,-1.1011528093293697e-05,1.1636733074165346e-05,0.01871646053363074,0.00017052067104162544,0.00015730809935997694,0.0,-1.4515634526686959e-05,1.4687708373702337e-05,0.018739658412628434,0.0001313746007580198,0.00014041868004127656,6.383782391594649e-16,2.699049659503082e-05,1.2963964968440375e-05,1.005370575267696
3.5847980976104736,0.018752033032737543,0.00016799895090189448,0.0001587414882648179,0.018744719165366283,0.00016968932946027568,0.00015832558008175082,1.1090727689849882,0.018768851899881422,0.00014908781636021468,0.0001466681689230795,0.7210621766562618,-1.1011528093293697e-05,1.1636733074165346e-05,0.018642847246650156,0.0001633780605046209,0.00018376533710707035,0.27893782334373823,-1.4515634526686959e-05,1.4687708373702337e-05,0.018753133156610625,0.000149080025914846,0.00016062184372110308,0.0,2.699049659503082e-05,1.2963964968440375e-05,1.104763573436187
3.5959274768829346,0.018721350565718324,0.0001464069638372617,0.0001547179044783381,0.018713520131376365,0.00014695454289514326,0.0001524383680157268,0.9838458953473693,0.018713186718415323,0.0001507846211912453,0.00015352412505316784,0.9999999999999989,-1.1011528093293697e-05,1.1636733074165346e-05,0.01878181303761181,0.000165673224989938,0.00016584651018601917,0.0,-1.4515634526686959e-05,1.4687708373702337e-05,0.018749359307317512,0.0001590584983750913,0.00014990611624740233,1.1102230246251565e-15,2.699049659503082e-05,1.2963964968440375e-05,0.9895373433458395
3.607021331787109,0.01884245315672534,0.00012692718216624627,0.00014909871178975936,0.018836056305285353,0.0001226440401743134,0.00014962329556841847,0.9958830684871215,0.018834213744335283,0.00012179615019442674,0.00015159672529279494,0.9999999999999998,-1.1011528093293697e-05,1.1636733074165346e-05,0.01884483291833257,0.00019674390568143185,0.00018640012474046425,1.1796119636642286e-16,-1.4515634526686959e-05,1.4687708373702337e-05,0.018880053225724044,0.00015432091403314724,0.00016648866402339813,0.0,2.699049659503082e-05,1.2963964968440375e-05,1.0096308964309753
3.6180808544158936,0.01845514431250601,0.00014060368913652865,0.00014102589135386173,0.018445682630599414,0.00013921750390115048,0.0001430585131635652,1.0026398288751945,0.018447497067081403,0.00014027031108318141,0.00014126250751767683,0.9999999999999989,-1.1011528093293697e-05,1.1636733074165346e-05,0.018478479758507877,0.0001934964793837493,0.00016839585486362607,1.2073675392798575e-15,-1.4515634526686959e-05,1.4687708373702337e-05,0.018502121444702084,0.00016277559011370485,0.00016414865831939143,0.0,2.699049659503082e-05,1.2963964968440375e-05,1.0003436966603503
3.629106521606445,0.018766108101886256,0.000142349688103411,0.00013972675599339957,0.018759115708808824,0.00014220005092098129,0.00014046063672604192,1.0071925315338892,0.01875956477809455,0.00014067076765208672,0.00013997139240895864,1.0,-1.1011528093293697e-05,1.1636733074165346e-05,0.01866437749773906,0.0001918688060573992,0.00019368026224256957,8.326672684688674e-17,-1.4515634526686959e-05,1.4687708373702337e-05,0.018757272992631392,0.0001684746822823817,0.00015203149961435028,0.0,2.699049659503082e-05,1.2963964968440375e-05,1.0051107219081168
3.640098571777344,0.018749704308329576,0.00013561062932319207,0.00014143904406777388,0.018740695651533613,0.00013391583989848937,0.00014226875894200047,1.009946839874212,0.018743466047923617,0.00013382771685383626,0.00013963677448007236,0.9920377556620021,-1.1011528093293697e-05,1.1636733074165346e-05,0.018662957469575872,0.00017686754739018942,0.0001735255381742143,0.007962244337997346,-1.4515634526686959e-05,1.4687708373702337e-05,0.018759532669051133,0.00015890627164464807,0.00017766384870160357,5.560872942678152e-16,2.699049659503082e-05,1.2963964968440375e-05,1.0131102288255762
3.651057481765747,0.018530517023762343,0.0001442964638344868,0.00014897674890261559,0.018562248192999287,0.00014486630964562208,0.0001496382515356505,1.0969837345617302,0.018430707583596245,0.00013687727228459817,0.00013159030102808528,0.0,-1.1011528093293697e-05,1.1636733074165346e-05,0.01861492849863231,0.0001795784958414752,0.00018246692789356325,0.0,-1.4515634526686959e-05,1.4687708373702337e-05,0.018562237626527388,0.00014573530134691023,0.00015003066669206852,1.0,2.699049659503082e-05,1.2963964968440375e-05,1.0923971529162215
3.661986112594605,0.018472032136166074,0.0002186057644221369,0.00018473883272100353,0.0184659834588426,0.00022109799370610347,0.00019416807993277718,1.43456305422313,0.018596110092504444,0.0001382181953451002,0.00015125397000615576,0.24191190196031898,-1.1011528093293697e-05,1.1636733074165346e-05,0.018378342293921792,0.000187610713930364,0.0001956680852038227,0.610663109145109,-1.4515634526686959e-05,1.4687708373702337e-05,0.018539454833877204,0.00017471254193214547,0.0001470771411937223,0.1474249888945721,2.699049659503082e-05,1.2963964968440375e-05,1.3933795556947852
3.672884464263916,0.01896527047723244,0.00017624318272858874,0.0001842801305382627,0.01896227158025508,0.00017939812958209927,0.0001772403129932168,1.401231901440904,0.019043874573641345,0.00012509810097583937,0.00012941968598617626,2.001596353209204e-16,-1.1011528093293697e-05,1.1636733074165346e-05,0.018957415338462347,0.00017809686387301737,0.00018498527240792123,0.9999999999999998,-1.4515634526686959e-05,1.4687708373702337e-05,0.019104085698593544,0.00017083454928561864,0.00016295239592847496,0.0,2.699049659503082e-05,1.2963964968440375e-05,1.4164955525118412
3.683750629425049,0.018999065659911232,0.00015764640713823025,0.00015763433643044625,0.018987256096941747,0.0001525237674622204,0.00016072300470330522,0.9896371887373531,0.01898918434427133,0.0001549470737857682,0.00016157980670180455,1.0,-1.1011528093293697e-05,1.1636733074165346e-05,0.019057954692341478,0.00018442447759350195,0.00016066699495895231,0.0,-1.4515634526686959e-05,1.4687708373702337e-05,0.019052941811222076,0.0001599003943337611,0.00015737044224520963,5.551115123125783e-17,2.699049659503082e-05,1.2963964968440375e-05,0.9960630929133831
3.694584369659424,0.018708252196038014,0.0001355211192759359,0.00013827133945372785,0.01870202392710023,0.00013740135040880147,0.00013749860420946697,1.0045106484742474,0.018701650681910653,0.00013624290505197256,0.00013742264049083908,1.0,-1.1011528093293697e-05,1.1636733074165346e-05,0.01876573736158972,0.00017215086679064906,0.00018306243302496084,0.0,-1.4515634526686959e-05,1.4687708373702337e-05,0.01876815085656154,0.00015878437102326282,0.00015904901150911796,0.0,2.699049659503082e-05,1.2963964968440375e-05,1.000463752887125
3.70538592338562,0.01886138076652101,0.00015505572935381462,0.00014004128193947224,0.018856894517784308,0.00015823558653616301,0.00014284078904893208,1.0458338932475484,0.018850527336282428,0.0001559260699878079,0.00013195556927536947,0.885981016171236,-1.1011528093293697e-05,1.1636733074165346e-05,0.018946328316840726,0.00017705212824535577,0.0001737615177647943,4.313769393776701e-17,-1.4515634526686959e-05,1.4687708373702337e-05,0.018921973631488516,0.00015946167115076307,0.0001614631615102502,0.11401898382876394,2.699049659503082e-05,1.2963964968440375e-05,1.0250636756431462
3.716155529022217,0.018528135001891932,0.00015472587471812918,0.00016676256550489724,0.01853939338357643,0.00016896728364299354,0.00016803307144010876,1.125547693841272,0.018495704923387313,0.00014987760756185464,0.0001495324991151771,0.49776247105205707,-1.1011528093293697e-05,1.1636733074165346e-05,0.018626764221197148,0.00017187116140318648,0.0001929310563550668,2.2604662384257106e-17,-1.4515634526686959e-05,1.4687708373702337e-05,0.018587871861401817,0.00016097499879280663,0.0001782997077217456,0.5022375289479429,2.699049659503082e-05,1.2963964968440375e-05,1.073739439830634
3.726892709732056,0.018923753004695724,0.00020373538861900506,0.000200570088555653,0.018918931625005096,0.00020039973658354457,0.0001945734944416265,1.3136853582177919,0.01875144255950896,0.00015199519906983552,0.00014866525097964253,0.2723037477053163,-1.1011528093293697e-05,1.1636733074165346e-05,0.01897691018052148,0.0001813475677200395,0.00016786658762511786,0.7276962522946837,-1.4515634526686959e-05,1.4687708373702337e-05,0.01889018680953142,0.0001709529118690649,0.00016768013422189046,0.0,2.699049659503082e-05,1.2963964968440375e-05,1.3447245126790828
3.737598419189453,0.018633250150387397,0.00016229592897203104,0.00015578948221999303,0.01862744238956886,0.0001559870286415646,0.00015551799091468102,0.9831540788028671,0.018625327832575124,0.00016051145882115675,0.00015633106492196625,0.9999999999999993,-1.1011528093293697e-05,1.1636733074165346e-05,0.018495353553003725,0.00020083553815505514,0.0002038045708535642,0.0,-1.4515634526686959e-05,1.4687708373702337e-05,0.01861405480492724,0.00018246398000438743,0.00018613247564718688,6.071532165918824e-16,2.699049659503082e-05,1.2963964968440375e-05,1.003922729292198
3.748273134231568,0.01865718066885268,0.00023506135915530094,0.00018204259992622013,0.018659948234898475,0.00024263041072829575,0.00019137488235392366,1.3723220475940505,0.01882875923869151,0.0001570477997522579,0.00015920835443772666,2.722117808309647e-17,-1.1011528093293697e-05,1.1636733074165346e-05,0.0185878612364904,0.0002213631492089703,0.00019911219537498484,0.6762673851900297,-1.4515634526686959e-05,1.4687708373702337e-05,0.018761033145976554,0.00017330412355068617,0.00016574079127021704,0.3237326148099703,2.699049659503082e-05,1.2963964968440375e-05,1.318880134205876
3.7589168548583984,0.01846782025909881,0.00015354673047702008,0.00015849292811512955,0.018460386173363527,0.00015698390370395138,0.00015896678672689193,1.0006444448799614,0.018461569754230415,0.00015771326755695259,0.00015803394120184402,0.9999999999999996,-1.1011528093293697e-05,1.1636733074165346e-05,0.018502521331993642,0.00021347801066185293,0.00019391934327508617,0.0,-1.4515634526686959e-05,1.4687708373702337e-05,0.018526913492085215,0.00018718915796599525,0.00017011034788666501,4.996003610813202e-16,2.699049659503082e-05,1.2963964968440375e-05,0.9882578529158773
3.769530057907105,0.018624561807634797,0.0001505744330503947,0.00014922132527220647,0.018617247940263537,0.00014866661252686472,0.00014947369702720745,0.9997472089949316,0.018618975874002124,0.00015058963324230193,0.00014762606255723856,0.9999999999999979,-1.1011528093293697e-05,1.1636733074165346e-05,0.01857730853614544,0.00017599213474447234,0.0001708614916425752,1.7208456881689926e-15,-1.4515634526686959e-05,1.4687708373702337e-05,0.01864812763654422,0.00016368108827002903,0.00015661563486146432,4.163336342344337e-16,2.699049659503082e-05,1.2963964968440375e-05,1.0052983881979263
3.7801127433776855,0.01859129818158311,0.00018284320109850788,0.00018613892329280568,0.018583175220477487,0.0001858722981362554,0.0001807022278375904,1.2032554161668336,0.018538338287663072,0.00016144216366680356,0.00014321013296829388,0.16557640995192235,-1.1011528093293697e-05,1.1636733074165346e-05,0.018594613133655083,0.00019207042759765772,0.00018943918698191217,0.8344235900480776,-1.4515634526686959e-05,1.4687708373702337e-05,0.018613989848462794,0.00015038524167173412,0.00017875657909941292,0.0,2.699049659503082e-05,1.2963964968440375e-05,1.2111581907201845
3.7906651496887207,0.018564985088618483,0.0001612598453727722,0.00015202761887480806,0.01855808679012617,0.00015935020507408526,0.00015233567405329926,0.9986858013774722,0.01855832594700693,0.00015992678435518617,0.0001521692509518953,0.9999999999999999,-1.1011528093293697e-05,1.1636733074165346e-05,0.018656384353214546,0.00018722656577992158,0.00020331736801552577,6.938893903907228e-18,-1.4515634526686959e-05,1.4687708373702337e-05,0.018634200891481156,0.00018470695003631674,0.00018372354148443043,1.3877787807814457e-16,2.699049659503082e-05,1.2963964968440375e-05,1.0038175074519178
3.801187515258789,0.0185210712354249,0.00014271206418329727,0.00014887135748952243,0.018514869552525764,0.00014727938998429502,0.0001477850257759171,1.0167244031529858,0.018516960293492056,0.00014451314874363436,0.00014569766437856624,1.0,-1.1011528093293697e-05,1.1636733074165346e-05,0.018456749900558983,0.00020007020745072338,0.00018516617550250886,0.0,-1.4515634526686959e-05,1.4687708373702337e-05,0.018551867439394663,0.00016814306227419876,0.00017332764409238102,0.0,2.699049659503082e-05,1.2963964968440375e-05,1.0047296947203725
3.811679601669312,0.01871349393725462,0.00016491400023051217,0.0001795881381436125,0.018746843539574214,0.00017161008012111026,0.0001780750280519494,1.2153443781069129,0.018602555660421016,0.00014238176759127918,0.00014534335334748585,0.0,-1.1011528093293697e-05,1.1636733074165346e-05,0.018778607952978404,0.00019630152321180663,0.0002064920926800294,2.2204460492503126e-16,-1.4515634526686959e-05,1.4687708373702337e-05,0.018746584212405715,0.00017026420813030102,0.00018025787967723694,0.9999999999999998,2.699049659503082e-05,1.2963964968440375e-05,1.197330762257089
3.8221421241760254,0.018583271832793017,0.00016352670391735213,0.00019177897199812097,0.0185738701454348,0.0001681012768550462,0.0001900237566020875,1.0086237550593324,0.01857396774741521,0.0001631513127981661,0.0001919117438280056,1.0,-1.1011528093293697e-05,1.1636733074165346e-05,0.01853889153557866,0.00019735219900076512,0.00019934948058010493,0.0,-1.4515634526686959e-05,1.4687708373702337e-05,0.018612824222156953,0.0001795041368808474,0.00019139366705886798,0.0,2.699049659503082e-05,1.2963964968440375e-05,1.0006833132447142
3.8325753211975098,0.01901956591980452,0.00015918616885300663,0.00016968798959071663,0.01904816739604235,0.00015731883812614145,0.00017205867090016452,1.0100955823437783,0.018952856569984862,0.00017201986925923993,0.00015406561689053008,0.010880577084040596,-1.1011528093293697e-05,1.1636733074165346e-05,0.01908464567853643,0.0001760905226038459,0.0001793164595188558,1.7607612687754043e-16,-1.4515634526686959e-05,1.4687708373702337e-05,0.01905120444954307,0.00015942004176634772,0.00016903912420035763,0.9891194229159592,2.699049659503082e-05,1.2963964968440375e-05,1.0085519669301455
3.842979431152344,0.018419818842370796,0.00014172474172042746,0.00014402612271740764,0.01841058933457599,0.00014038371804452054,0.00014375752664633895,0.9970810589256354,0.018411815243537185,0.00014137113307638102,0.00014360193119687323,1.0,-1.1011528093293697e-05,1.1636733074165346e-05,0.01832758921081997,0.00020862018743837002,0.0001883563841512982,0.0,-1.4515634526686959e-05,1.4687708373702337e-05,0.01841730645225309,0.00017900626500885058,0.00017518137170880257,2.7755575615628914e-17,2.699049659503082e-05,1.2963964968440375e-05,1.002729381341933
3.8533549308776855,0.018593396843692142,0.00014524651463235921,0.0001548300321332144,0.018586082976320882,0.00014690358826097843,0.00015504155626147945,1.0086387907621246,0.018588080020499338,0.0001464922125600683,0.00015286683181528135,0.9999999999999996,-1.1011528093293697e-05,1.1636733074165346e-05,0.018658321954745163,0.00021149501707012908,0.00019974318707301209,0.0,-1.4515634526686959e-05,1.4687708373702337e-05,0.018658566969902146,0.00014888427305449758,0.00017539011268633345,3.6082248300317573e-16,2.699049659503082e-05,1.2963964968440375e-05,1.0023967954324584
3.863701343536377,0.019161841427589914,0.00019809318444301977,0.00019987900674655473,0.019188770790233036,0.000194334389769079,0.00020215417293852067,1.317169983294593,0.019071925769172694,0.00015072486448887076,0.00015029062154268621,9.185433182841439e-17,-1.1011528093293697e-05,1.1636733074165346e-05,0.019231431580878755,0.00021107693216337528,0.00021211545516696198,4.3021142204224816e-16,-1.4515634526686959e-05,1.4687708373702337e-05,0.019188216568919565,0.00019163410654140026,0.00020146089256257993,0.9999999999999996,2.699049659503082e-05,1.2963964968440375e-05,1.322098727996516
3.8740196228027344,0.018410716474516798,0.00018048031602138984,0.00015660517499973062,0.01840172699751284,0.00017880470638869175,0.00015603727819266458,0.9993918798414042,0.018402618777030116,0.00017977109758686785,0.00015527463505856168,1.0,-1.1011528093293697e-05,1.1636733074165346e-05,0.018381841113622385,0.00024032390671024223,0.00022381135022961351,0.0,-1.4515634526686959e-05,1.4687708373702337e-05,0.018425114078605583,0.00020999504622261356,0.00018837506104421933,0.0,2.699049659503082e-05,1.2963964968440375e-05,1.0060879998667214
3.8843095302581783,0.01889679073329507,0.0001642750965760581,0.0001400203385734447,0.018888279814191077,0.0001630411614590814,0.0001433907041235201,1.0093689750432437,0.018889242071218795,0.0001630207597293383,0.00014056680156802892,0.9999999999999998,-1.1011528093293697e-05,1.1636733074165346e-05,0.018912608283990343,0.00020116860397900033,0.00018004111472205014,1.5959455978986623e-16,-1.4515634526686959e-05,1.4687708373702337e-05,0.018938100340853664,0.00018161964642146242,0.00017600266725719543,0.0,2.699049659503082e-05,1.2963964968440375e-05,1.0023316958346729
3.89457368850708,0.01864520760474839,0.00018300123024399956,0.00019083348668691436,0.01866348521485297,0.00018240785549529515,0.00019663566365901372,1.119603389677634,0.018606305399420868,0.0001742070131989966,0.00016434458699171595,0.3137681728592404,-1.1011528093293697e-05,1.1636733074165346e-05,0.018716200028053395,0.00020776199562794542,0.00020062302020748546,4.2720149046418e-16,-1.4515634526686959e-05,1.4687708373702337e-05,0.01869550317767674,0.00018891485988479714,0.00019342530200292668,0.6862318271407591,2.699049659503082e-05,1.2963964968440375e-05,1.1042178407082575
3.9048123359680176,0.01841662366738526,0.00018914574177207252,0.00018825477794253212,0.018429743499932708,0.00019031375421740826,0.00018057304182780495,1.0400992758484517,0.018432051611469408,0.0001733441210832569,0.0001832437591867929,0.42792288097710074,-1.1011528093293697e-05,1.1636733074165346e-05,0.01831893499462514,0.00021481628637920122,0.000218385035533019,0.0,-1.4515634526686959e-05,1.4687708373702337e-05,0.01842411322966383,0.0001950085010503054,0.00018212935942847272,0.5720771190228994,2.699049659503082e-05,1.2963964968440375e-05,1.0583660875652676
3.9150240421295166,0.018661040278211846,0.0001482844826851959,0.00015522038453448517,0.018653726410840586,0.00014863069667239714,0.00015547172413523866,0.9989373698529822,0.018653288243111188,0.0001496235379957779,0.00015480237496450291,1.0,-1.1011528093293697e-05,1.1636733074165346e-05,0.018555627960775273,0.00021183628989149966,0.00022158809414523153,0.0,-1.4515634526686959e-05,1.4687708373702337e-05,0.018675960383265532,0.00019067384622138348,0.00019339394015254266,1.1102230246251565e-16,2.699049659503082e-05,1.2963964968440375e-05,0.996974483112678
3.9252078533172607,0.018625621111792078,0.00018785017061005022,0.00018090583163701823,0.01863908387796382,0.00018735622940806163,0.00018079120746724436,1.1067755910204886,0.01853764503914069,0.00016274828623993182,0.00016988232096008804,0.1898705411850246,-1.1011528093293697e-05,1.1636733074165346e-05,0.01869453572904657,0.00018211221036423808,0.00018865450630156308,0.2350377858169217,-1.4515634526686959e-05,1.4687708373702337e-05,0.018649014760889142,0.00018598213747918896,0.00017178160725476316,0.5750916729980536,2.699049659503082e-05,1.2963964968440375e-05,1.1086051441601867
3.9353644847869873,0.01879671593774147,0.000175416633183198,0.00019176765858775618,0.01879150739051232,0.0001775219533253075,0.00019103975854686817,1.005076131752492,0.018790785915612312,0.00017615368553927646,0.00019054660733260412,0.9999999999999996,-1.1011528093293697e-05,1.1636733074165346e-05,0.018750353413167387,0.000215697440793413,0.00021007744664624378,3.608224830031758e-16,-1.4515634526686959e-05,1.4687708373702337e-05,0.01883864470201089,0.00018949822728786883,0.00019411563917793792,0.0,2.699049659503082e-05,1.2963964968440375e-05,1.0013198759545106
3.9454941749572754,0.01842537284974162,0.00016368874661840116,0.0001708770017477823,0.018418454610716777,0.00016055965969566724,0.0001704813734013655,0.9976072592728307,0.018418454610716777,0.00016124261623284147,0.00017059241205106754,0.9999999999999989,-1.1011528093293697e-05,1.1636733074165346e-05,0.018461528264621097,0.00017916322480059088,0.00021272227173675662,1.2073675392798577e-15,-1.4515634526686959e-05,1.4687708373702337e-05,0.018476177101915132,0.00017559971784731482,0.0001676542800679512,0.0,2.699049659503082e-05,1.2963964968440375e-05,1.0082291495759095
3.955596923828125,0.018802795309518356,0.0001558636828069039,0.00016481153177782745,0.018793808912542693,0.00015419115320250074,0.00016654944508972397,1.0121685125882967,0.018794034885600157,0.00015342498970382507,0.00016345959453603967,1.0,-1.1011528093293697e-05,1.1636733074165346e-05,0.018741495818009088,0.00022250568583696492,0.00018850215146514956,0.0,-1.4515634526686959e-05,1.4687708373702337e-05,0.018817375765213633,0.00018438232141675115,0.0001856330618955314,0.0,2.699049659503082e-05,1.2963964968440375e-05,1.0119621797127163
3.965672731399536,0.018606748583829213,0.0001826035826567908,0.00019361406348515978,0.018596826024202397,0.0001784834458443893,0.0001935145924215273,1.0022451579055107,0.018599453404619853,0.00018242383685538113,0.00019360233352589545,0.9999999999999993,-1.1011528093293697e-05,1.1636733074165346e-05,0.01867204319299754,0.00023234613598165088,0.0002313556381495635,7.216449660063518e-16,-1.4515634526686959e-05,1.4687708373702337e-05,0.018655553015044228,0.00019069306958949955,0.0001804716452825754,0.0,2.699049659503082e-05,1.2963964968440375e-05,1.0136137166799843
3.975722312927246,0.018271829596769474,0.00021755094160460717,0.00018480741825326052,0.018287834683123998,0.00022154611932421672,0.00019377692662563006,1.2764836451360762,0.018449178201263256,0.00016551292296796555,0.00015985203374918253,5.847021133187228e-17,-1.1011528093293697e-05,1.1636733074165346e-05,0.01815233482927352,0.0002164514340474849,0.000203371013941335,0.33211202091643816,-1.4515634526686959e-05,1.4687708373702337e-05,0.018343955869809504,0.0001923025097287541,0.0001678903027907165,0.6678879790835618,2.699049659503082e-05,1.2963964968440375e-05,1.236637048800719
3.9857451915740967,0.018569408826275564,0.00020041852482056977,0.00021987064076934085,0.018600096983592627,0.00020093785195666666,0.0002245308584455999,1.2174383897124148,0.01850403789981028,0.00018445335199975682,0.00016502528609606618,0.0,-1.1011528093293697e-05,1.1636733074165346e-05,0.018592954399603928,0.00021996420992359197,0.00024400666704644733,0.0,-1.4515634526686959e-05,1.4687708373702337e-05,0.018599796674877205,0.00019607238402865462,0.00021979512869245085,1.0,2.699049659503082e-05,1.2963964968440375e-05,1.2026176131391246
3.9957423210144034,0.018749857948500624,0.00017677157619259976,0.00018158690712224632,0.01876499454202359,0.00017190175182967699,0.0001897496248575159,1.0848485444783467,0.01870004409048525,0.00015739493219746326,0.00017597084363172796,0.27447753530296837,-1.1011528093293697e-05,1.1636733074165346e-05,0.018838308152399553,0.0002056151516331324,0.00020187605307743842,0.0,-1.4515634526686959e-05,1.4687708373702337e-05,0.01879477080556636,0.00017475091955112057,0.000178872330877676,0.7255224646970317,2.699049659503082e-05,1.2963964968440375e-05,1.0749708257348545
4.005712985992432,0.018737943576079844,0.00018615640039766623,0.00017645331039153542,0.018731166772814462,0.00018302974936254546,0.00017510349814442439,0.9911541090551925,0.018730215533189737,0.0001858104145412258,0.0001755191145754488,1.0,-1.1011528093293697e-05,1.1636733074165346e-05,0.018776909295380735,0.00021972140867772272,0.00022369092190375334,0.0,-1.4515634526686959e-05,1.4687708373702337e-05,0.018778596156351454,0.00021426454610659965,0.000198819596138846,0.0,2.699049659503082e-05,1.2963964968440375e-05,1.0035429755095209
4.015658378601074,0.018495431607989346,0.0001697765701384503,0.00016845936966824668,0.018485867491414235,0.0001686654306679823,0.00017007765551703413,1.0074175460921806,0.018485348031596932,0.00016703795703593843,0.00016921098710744736,0.9999999999999999,-1.1011528093293697e-05,1.1636733074165346e-05,0.01847991147562686,0.00021839002219107076,0.0002222285586701428,0.0,-1.4515634526686959e-05,1.4687708373702337e-05,0.01851610652270373,0.0001772200679291923,0.00018238371321566485,6.548581121812447e-17,2.699049659503082e-05,1.2963964968440375e-05,1.005909299338837
4.025578022003174,0.01859223803866368,0.00017813981615533506,0.00018702277114880997,0.018624241859680125,0.00018148454563550118,0.00018631648239305146,1.0066691906260472,0.018537771831379078,0.00019358977450101636,0.00019091599692118086,0.0,-1.1011528093293697e-05,1.1636733074165346e-05,0.018684581774950176,0.0002161913547965022,0.00021859393739964011,0.0,-1.4515634526686959e-05,1.4687708373702337e-05,0.018623296409373966,0.00017871178581771452,0.0001866525577555872,1.0,2.699049659503082e-05,1.2963964968440375e-05,0.9994477943107871
4.0354719161987305,0.019102453269172974,0.0002006637780066836,0.00021759792339539827,0.019117657891269298,0.00020394084952245206,0.00021285658649303207,1.2091733436301417,0.018925281779750072,0.00016917251271571926,0.00017552367018572324,2.1193708009556274e-17,-1.1011528093293697e-05,1.1636733074165346e-05,0.019193069203251492,0.00022036724670798646,0.00018779703003626164,0.3809369429555073,-1.4515634526686959e-05,1.4687708373702337e-05,0.019086609175444934,0.00018685752001609476,0.0001888322706930616,0.6190630570444927,2.699049659503082e-05,1.2963964968440375e-05,1.2134213320304554
4.0453410148620605,0.018986054041423502,0.00019933169471626766,0.00019431808293165695,0.01901733180000953,0.00020121362127437092,0.00019093764935573104,1.1015989448765828,0.018895073311704258,0.0001741515998214191,0.00018183210228174193,0.0,-1.1011528093293697e-05,1.1636733074165346e-05,0.01906779665262911,0.00022868939681952583,0.0002065045302662126,0.0,-1.4515634526686959e-05,1.4687708373702337e-05,0.019013787727593226,0.00019734724348479532,0.00019504664856689544,1.0,2.699049659503082e-05,1.2963964968440375e-05,1.1058084269651431
4.055184841156006,0.01862410907616465,0.00024008537260628363,0.00021105654008860691,0.01861576149339557,0.0002390287889073063,0.00021209025548642874,1.3544262688163027,0.018738648989745997,0.00016439112128800726,0.00016867909063869244,0.36149034697163523,-1.1011528093293697e-05,1.1636733074165346e-05,0.018524154498755583,0.00021446980998420656,0.0002104853317891793,0.6385096530283644,-1.4515634526686959e-05,1.4687708373702337e-05,0.01870056909488324,0.00019293289913183478,0.00017826303673766988,4.4350782761089095e-16,2.699049659503082e-05,1.2963964968440375e-05,1.3544949279168064
4.065003871917725,0.018469099014976502,0.00024091341532418015,0.00021230094593800014,0.018462602822531746,0.00023593003154366923,0.0002131181238253857,1.181312861947358,0.01852275566673271,0.00020389130793947025,0.00017623504963595882,0.595641688528796,-1.1011528093293697e-05,1.1636733074165346e-05,0.018351734963569497,0.00023431788032264242,0.00023988148426869887,0.4043583114712035,-1.4515634526686959e-05,1.4687708373702337e-05,0.01850392251513169,0.00020291613340021886,0.00021740118125939192,5.750608322863116e-16,2.699049659503082e-05,1.2963964968440375e-05,1.1922729172292355
4.074798107147217,0.01860942214087563,0.00016723522980455902,0.0001557606094967183,0.01859991401601442,0.00016884464464138327,0.0001579548669866683,1.0073821782156758,0.018599313802362495,0.0001673306507087649,0.0001570740476222049,1.0,-1.1011528093293697e-05,1.1636733074165346e-05,0.018480924246830586,0.00021110967193279512,0.00022831309548226875,8.326672684688674e-17,-1.4515634526686959e-05,1.4687708373702337e-05,0.018600743425722866,0.00020322797150671562,0.0001832353525071384,0.0,2.699049659503082e-05,1.2963964968440375e-05,0.9956570942500497
4.084568023681641,0.019165577801684576,0.00016686705739788615,0.00020649559212285173,0.019157470518601293,0.00016818191605756996,0.0002064750595850498,1.0074449560324856,0.019157267698427842,0.0001691658936637322,0.00020272239005758586,0.9999999999999998,-1.1011528093293697e-05,1.1636733074165346e-05,0.019031350684554922,0.00022361170528328173,0.00024509613694661744,1.52655665885959e-16,-1.4515634526686959e-05,1.4687708373702337e-05,0.019165285114248864,0.00020206423594746128,0.0002000454665722351,0.0,2.699049659503082e-05,1.2963964968440375e-05,1.0039645395242531
4.094313144683838,0.01855939446963645,0.0002446455572920614,0.00025451208421669105,0.01854704158703675,0.00024582010315476327,0.0002556297945173064,1.5265163372981874,0.018859633600289548,0.00015831001055022914,0.0001701829674938815,0.09726293557848481,-1.1011528093293697e-05,1.1636733074165346e-05,0.01851934090104097,0.00022737814416446886,0.0002314736276447099,0.9027370644215152,-1.4515634526686959e-05,1.4687708373702337e-05,0.018810866438261402,0.00019115004685333475,0.00019917932810196992,0.0,2.699049659503082e-05,1.2963964968440375e-05,1.5195382393888635
4.104034423828125,0.01876272868415756,0.00022679023458462705,0.00020640296215361162,0.01879431344152029,0.00022891710561371084,0.00020599212764725247,1.1110191559391338,0.018664751283005078,0.00020011134986364434,0.000191339356396536,0.0,-1.1011528093293697e-05,1.1636733074165346e-05,0.01883184948340593,0.0002459584545137089,0.00023681130671929923,0.0,-1.4515634526686959e-05,1.4687708373702337e-05,0.01879477223529035,0.00022787981440648697,0.00020662603690536907,1.0,2.699049659503082e-05,1.2963964968440375e-05,1.1066353689251334
4.113731384277344,0.018829671190669334,0.00020864160019747405,0.0002192036658461155,0.018822357323298074,0.0002118696569505217,0.00021346751802732433,1.0099117563633733,0.018822064514414014,0.00020788514198119556,0.0002173325287738552,1.0,-1.1011528093293697e-05,1.1636733074165346e-05,0.018689832960410265,0.0002468042999146207,0.0002519663525990916,1.3877787807814457e-17,-1.4515634526686959e-05,1.4687708373702337e-05,0.018826769053408104,0.00020808629173316162,0.00021307642104627725,0.0,2.699049659503082e-05,1.2963964968440375e-05,1.0158669157106752
4.123404502868652,0.01878742397192026,0.00016855954840865744,0.00016945381014767114,0.018778311216318753,0.0001664436965403103,0.0001703731523831839,1.0001780040166557,0.018779815881686212,0.00016773980027869756,0.00016901710456309824,1.0,-1.1011528093293697e-05,1.1636733074165346e-05,0.018673841893394643,0.00022697879859124095,0.000207536117876779,5.551115123125784e-17,-1.4515634526686959e-05,1.4687708373702337e-05,0.01878401505811496,0.0001908414632977029,0.00018245629079852513,5.551115123125784e-17,2.699049659503082e-05,1.2963964968440375e-05,1.0037310406897908
4.13305139541626,0.01846585009442896,0.00019554218725430228,0.00019820980228667934,0.0184585362270577,0.0001983504548833774,0.00019737061685700177,1.0095896617320268,0.01845978481605135,0.00019570598847377246,0.00019625629753209847,0.9999999999999993,-1.1011528093293697e-05,1.1636733074165346e-05,0.018492700718769517,0.0002410471922743261,0.000247437299346686,0.0,-1.4515634526686959e-05,1.4687708373702337e-05,0.01851763435229619,0.00021141417949787147,0.00018579256273375602,6.661338147750935e-16,2.699049659503082e-05,1.2963964968440375e-05,1.004566009534611
4.142673492431641,0.018708022092348398,0.0002091418507385416,0.00018320480066323294,0.018699760164718082,0.0002023062032609109,0.00018298817281967722,0.9998785504221083,0.01870123222946617,0.00020074916569276166,0.00018459200991094785,0.9999999999999998,-1.1011528093293697e-05,1.1636733074165346e-05,0.01868927502641953,0.00023988442466494828,0.00022876882285675568,2.498001805406602e-16,-1.4515634526686959e-05,1.4687708373702337e-05,0.018722230474931975,0.0002097284883555671,0.00021155609302027714,1.1102230246251565e-16,2.699049659503082e-05,1.2963964968440375e-05,1.01817993051765
4.1522722244262695,0.018801909352780262,0.00018706095810587173,0.00019442444537565856,0.01883394301140675,0.00018840645941529607,0.000193858512565169,1.0958422479322245,0.018717986873536208,0.00017009333661596043,0.00017873878105587743,9.614813431917822e-17,-1.1011528093293697e-05,1.1636733074165346e-05,0.018937379416514584,0.00022388287562943865,0.0002108160268566965,0.0,-1.4515634526686959e-05,1.4687708373702337e-05,0.01883394301140675,0.000187920556372876,0.00019414321685601657,1.0,2.699049659503082e-05,1.2963964968440375e-05,1.093607452282851
4.1618475914001465,0.018802441985777473,0.00020863543118856617,0.00018653467433210613,0.018795081137344998,0.0002088136438278057,0.00018590074113934013,1.0000958702998008,0.01879565192276025,0.00020857115955678907,0.00018610538765145151,0.9999999999999992,-1.1011528093293697e-05,1.1636733074165346e-05,0.018837006472444275,0.0002505548112289556,0.00024010965395100323,6.869504964868154e-16,-1.4515634526686959e-05,1.4687708373702337e-05,0.01883022704586807,0.00020756194259617666,0.00022853830551919363,0.0,2.699049659503082e-05,1.2963964968440375e-05,1.0012505387409587
4.17140007019043,0.019096605135553953,0.00019712322124712175,0.00019700258330716466,0.019087420496758257,0.00019542832431035384,0.0002001400950179498,1.001259634049674,0.019086050199857887,0.00019540729461358514,0.00019966348011483948,0.9999999999999996,-1.1011528093293697e-05,1.1636733074165346e-05,0.01902530290358155,0.0002796123998019748,0.0002799204842071773,0.0,-1.4515634526686959e-05,1.4687708373702337e-05,0.019130352247805526,0.00023727464685917993,0.0002143687362508237,3.330669073875468e-16,2.699049659503082e-05,1.2963964968440375e-05,0.9976080990177323
4.180929660797119,0.018797592396859228,0.00020073949574160935,0.00019683443775184856,0.01879225512730266,0.0002016277432331237,0.0001995987133736818,1.0703867411290926,0.018790813174949572,0.00020169750651452892,0.0002006542500264108,0.9999999999999998,-1.1011528093293697e-05,1.1636733074165346e-05,0.018757944651244245,0.0002338541347596708,0.0002456365038664421,0.0,-1.4515634526686959e-05,1.4687708373702337e-05,0.018816162532123086,0.00019240573246871381,0.00018243678116666023,2.5460817869455954e-16,2.699049659503082e-05,1.2963964968440375e-05,1.0606425873031993
4.190435886383057,0.01893206967278492,0.00021578020468128803,0.00019110363027361257,0.018926569018803404,0.00021522914313945596,0.00019271836481992224,1.0039443253811746,0.01892439943743095,0.00021547699618211513,0.00019086775585828303,1.0,-1.1011528093293697e-05,1.1636733074165346e-05,0.018888649318459835,0.00024696934073405175,0.0002575989014125882,0.0,-1.4515634526686959e-05,1.4687708373702337e-05,0.0189504494895956,0.00021422747607580117,0.00020662909210703365,0.0,2.699049659503082e-05,1.2963964968440375e-05,1.0013266639025002
4.199919700622559,0.018948880756907757,0.00022318901956530635,0.00021799189896020213,0.018977523637200552,0.0002211437425410391,0.00021632524642676773,1.0498135890312243,0.0188836141188152,0.00020267998691155323,0.00021403112593611565,0.0,-1.1011528093293697e-05,1.1636733074165346e-05,0.018989492537755042,0.00023726570722426912,0.0002483985646256383,3.3306690738754696e-16,-1.4515634526686959e-05,1.4687708373702337e-05,0.018978204826993226,0.00022205525067598916,0.00021625717535321207,0.9999999999999998,2.699049659503082e-05,1.2963964968440375e-05,1.0587212697799702
4.209381103515625,0.018759815923985818,0.00019595645397313052,0.00021017879195371972,0.018791370028669634,0.00019487205066184496,0.00020737395188349939,1.0041563435442258,0.018788749142594506,0.00020698837920218177,0.0001935926708817072,0.0,-1.1011528093293697e-05,1.1636733074165346e-05,0.01872787824300491,0.00024734647113559133,0.0002242314701248714,0.0,-1.4515634526686959e-05,1.4687708373702337e-05,0.018788729049816662,0.00019426182806546455,0.00021012055227304094,1.0,2.699049659503082e-05,1.2963964968440375e-05,1.0138653484526992
4.218820095062256,0.018846144180597605,0.0002920212369329732,0.0002741501897970053,0.01883015235766199,0.0002889548425578578,0.00027430067138799197,1.3984227864288086,0.01903487528261745,0.0002104546157649656,0.0001923245147040474,0.2992401417749663,-1.1011528093293697e-05,1.1636733074165346e-05,0.018743383845899998,0.0002682584662001518,0.0002565852744514166,0.7007598582250334,-1.4515634526686959e-05,1.4687708373702337e-05,0.018951796760317136,0.00021333901172260542,0.00024013373184891482,3.3623819874206706e-16,2.699049659503082e-05,1.2963964968440375e-05,1.4056622697176604
4.228237152099609,0.01881562938369624,0.00021351264675185944,0.00022573423189727396,0.018841146086472832,0.0002081158707481802,0.0002249722772340798,1.039500994044415,0.018854536748698768,0.00019914001662118402,0.00021749079995671272,0.1551455307450845,-1.1011528093293697e-05,1.1636733074165346e-05,0.01870485936858171,0.0002700500816926188,0.0002586788357941544,0.0,-1.4515634526686959e-05,1.4687708373702337e-05,0.018832462140600553,0.0002136451134792175,0.00023479725605272603,0.8448544692549156,2.699049659503082e-05,1.2963964968440375e-05,1.0542832195107397
4.2376322746276855,0.019182009292850615,0.00020143660561057486,0.00020154070679631597,0.019173888028634446,0.00020180440326862323,0.00020611679248865034,1.0068154779104828,0.01917359367018147,0.0001998400403906593,0.00020531979744165332,0.999999999999999,-1.1011528093293697e-05,1.1636733074165346e-05,0.01906617148685008,0.00024983063958881196,0.0002806333697378989,9.020562075079397e-16,-1.4515634526686959e-05,1.4687708373702337e-05,0.019178722595805303,0.0002381950829486619,0.00023408455133405726,1.3877787807814457e-16,2.699049659503082e-05,1.2963964968440375e-05,0.9946131743040012
4.247005462646484,0.01908634459208833,0.0002029320072848527,0.0002062580561867991,0.01907983313508903,0.00020968078567973683,0.00019951673553992785,1.001532289601616,0.019078698798282803,0.00020559514901224984,0.0002029763223902678,0.9999999999999998,-1.1011528093293697e-05,1.1636733074165346e-05,0.019043329537253344,0.0002986360391886607,0.00027186372566194786,0.0,-1.4515634526686959e-05,1.4687708373702337e-05,0.019105724812691422,0.00021926718303330248,0.00024665895273816643,2.2204460492503126e-16,2.699049659503082e-05,1.2963964968440375e-05,1.0015140363741273
4.256356716156006,0.01918892646239825,0.00018743808003489001,0.0001818836856418149,0.019177756557573526,0.00018358204258142607,0.00018407177107683179,1.0075696802955203,0.019178592112698283,0.00018455344126024412,0.00018033825888542215,1.0,-1.1011528093293697e-05,1.1636733074165346e-05,0.019061237315528445,0.00023658275234123005,0.00023247269757216416,3.28981602107444e-17,-1.4515634526686959e-05,1.4687708373702337e-05,0.019175871196686685,0.00019372363760400413,0.00021839507317551396,0.0,2.699049659503082e-05,1.2963964968440375e-05,1.0121407681492074
4.26568603515625,0.01943911520119928,0.00022414151629463613,0.0002122930813670161,0.019430488941017492,0.00022054735646599016,0.0002136054741775431,1.050428712062171,0.01943105905283815,0.0002212231991945389,0.00021067101620813114,0.9999999999999983,-1.1011528093293697e-05,1.1636733074165346e-05,0.0194866321468751,0.0002707331777591117,0.00026051256651921095,1.5959455978986617e-15,-1.4515634526686959e-05,1.4687708373702337e-05,0.01946335108652373,0.00021669042111769482,0.00019661971183860746,0.0,2.699049659503082e-05,1.2963964968440375e-05,1.0559494260156328
4.274993896484375,0.01960541631961973,0.00018196794499489993,0.0002026941430768002,0.01959977803656201,0.0001857900179040306,0.00020155854983625737,1.0111682675178018,0.019598399874490954,0.00018267585521948224,0.00020039448053298797,0.9999999999999963,-1.1011528093293697e-05,1.1636733074165346e-05,0.019530959067893337,0.00027995159585130283,0.00024623155581365505,1.5890067039947553e-15,-1.4515634526686959e-05,1.4687708373702337e-05,0.019627831071132088,0.0002042996311349965,0.00024234640857064005,2.0539125955565396e-15,2.699049659503082e-05,1.2963964968440375e-05,1.0041552481898741
4.284280300140381,0.019151045675512575,0.00021423454092435457,0.00020996100228406686,0.01914607861031624,0.00021370331525004393,0.00020845079573767258,0.9959665967067914,0.019146234862366288,0.00021483627453591086,0.00020902744979338708,0.9999999999999998,-1.1011528093293697e-05,1.1636733074165346e-05,0.019103343728812568,0.0002370451858149103,0.0002572466046996784,0.0,-1.4515634526686959e-05,1.4687708373702337e-05,0.01917785373807808,0.00021958658583533935,0.0002171341118460922,2.2204460492503126e-16,2.699049659503082e-05,1.2963964968440375e-05,1.0007828433057075
4.293545722961426,0.019643510040692185,0.00020383122695591047,0.00019418207844738508,0.01963641735894223,0.00019881344157278089,0.00019569697629686494,1.0036403408318557,0.01963639969247167,0.0001976046375780742,0.0001954748370299915,0.9999999999999998,-1.1011528093293697e-05,1.1636733074165346e-05,0.01954109035176021,0.00029740371778436137,0.0002663393089225828,0.0,-1.4515634526686959e-05,1.4687708373702337e-05,0.01967035555716124,0.000243249493832233,0.00023548811365071975,2.775557561562891e-16,2.699049659503082e-05,1.2963964968440375e-05,1.0125517385514706
4.30279016494751,0.019821053879042212,0.000222037749228899,0.00021344571507364227,0.019853725675410216,0.0002237192167816142,0.0002095811789769239,0.9996102904021563,0.019765656619240842,0.00021381025928287473,0.00022817456228192354,4.996003610813203e-16,-1.1011528093293697e-05,1.1636733074165346e-05,0.01983082504609273,0.0002527484648080225,0.000270682032538834,5.273559366969493e-16,-1.4515634526686959e-05,1.4687708373702337e-05,0.0198533262197532,0.00022245288430267768,0.00021101643861137082,0.9999999999999989,2.699049659503082e-05,1.2963964968440375e-05,1.0046465603954449
4.312013626098633,0.01965492965516921,0.0002332332264714035,0.00022066898946605448,0.019688259574339062,0.00023331667723481067,0.00021542707359103325,1.1424861461385456,0.01953494847836798,0.00018805431590008734,0.0002047239705960241,2.0544152137730653e-16,-1.1011528093293697e-05,1.1636733074165346e-05,0.019761710245311547,0.0002462175906460841,0.00026261219936988753,0.06676318244943531,-1.4515634526686959e-05,1.4687708373702337e-05,0.01968258606986671,0.00023226454548808118,0.0002113907374742957,0.9332368175505645,2.699049659503082e-05,1.2963964968440375e-05,1.1556194207847374
4.321216583251953,0.019435709861290416,0.00021672456862939504,0.00022479407423512537,0.019429126308833304,0.00022062261352362791,0.00022568297819319794,1.0095773228771254,0.01942957909199707,0.00021841450350412045,0.00022365722453839346,0.9999999999999991,-1.1011528093293697e-05,1.1636733074165346e-05,0.01926916884143555,0.000259250111814012,0.0003114145747449594,3.608224830031759e-16,-1.4515634526686959e-05,1.4687708373702337e-05,0.019431253883842328,0.0002580488134980678,0.0002356908730939064,4.996003610813204e-16,2.699049659503082e-05,1.2963964968440375e-05,0.9987488791005873
4.330398082733154,0.019497735891800937,0.0002304330006838197,0.0002309323319635015,0.019491057708858093,0.00022886409378347974,0.00023181495278163863,1.0431236686990617,0.019490547597562868,0.0002284837114635077,0.00022890419486687116,1.0,-1.1011528093293697e-05,1.1636733074165346e-05,0.01943003446390358,0.0002706538900318356,0.00031207590046304287,0.0,-1.4515634526686959e-05,1.4687708373702337e-05,0.019541267438017353,0.0002197634823021162,0.00022187067900462237,0.0,2.699049659503082e-05,1.2963964968440375e-05,1.0446776383470895
4.3395586013793945,0.01903874730957609,0.00021060404616216055,0.00022331359727391711,0.01903412771518321,0.00021868977695907107,0.00022348768868785812,1.0139894509586524,0.019034039321965422,0.00021329533284596483,0.00022278165516301587,0.9999999999999978,-1.1011528093293697e-05,1.1636733074165346e-05,0.01911343471155006,0.00025336677172215286,0.00026828569671526886,2.310200370846808e-15,-1.4515634526686959e-05,1.4687708373702337e-05,0.01911476891305689,0.00025917695620087874,0.00025029488582805834,5.535950801058524e-20,2.699049659503082e-05,1.2963964968440375e-05,0.9950482492030546
4.348699569702148,0.019035052264746145,0.00021674724649487637,0.00021913820623661873,0.01902907983106099,0.0002178137957277379,0.0002244295884925654,1.0113446877667098,0.019027879334459055,0.00021664332318620944,0.00022063922703599234,0.9999999999999996,-1.1011528093293697e-05,1.1636733074165346e-05,0.019089897132631057,0.00030145897936983274,0.00026173228363915793,5.516420653606245e-16,-1.4515634526686959e-05,1.4687708373702337e-05,0.01908870829844015,0.0002468009909837171,0.00024203953362231245,0.0,2.699049659503082e-05,1.2963964968440375e-05,0.9968050463253181
4.357819557189941,0.019213270299869127,0.0002217735130444036,0.00019725184481244468,0.0192110174498482,0.0002276076260772572,0.0001948062112782263,1.0073435002078106,0.019210260560057205,0.0002260776406037418,0.00019325681409650824,0.999999999999999,-1.1011528093293697e-05,1.1636733074165346e-05,0.019283548138338547,0.00028581726705873,0.00027602918562771514,0.0,-1.4515634526686959e-05,1.4687708373702337e-05,0.019254364896923733,0.00023311069297208067,0.00022151946561740563,1.1102230246251561e-15,2.699049659503082e-05,1.2963964968440375e-05,0.9992628870822868
4.366916656494141,0.019714692923750558,0.00022693236823236734,0.00022527001661491394,0.019707632803190826,0.000230005951981041,0.00022450338377979356,1.0036446376175547,0.019708345458410617,0.00022669944875535614,0.00022615938068027558,0.9999999999999979,-1.1011528093293697e-05,1.1636733074165346e-05,0.019746358772795115,0.0002777274400815981,0.0002715683008693605,0.0,-1.4515634526686959e-05,1.4687708373702337e-05,0.019757135783715234,0.00023499218301331615,0.0002496345064461579,2.109423746787797e-15,2.699049659503082e-05,1.2963964968440375e-05,0.9985504432161154
4.375991821289063,0.019462729557674037,0.00023909760708625688,0.00023760489375986016,0.019447186932612943,0.00023721749909557874,0.00024600399905934725,0.9956912645851124,0.019447817549761184,0.0002377902874912824,0.0002475222941715448,1.0,-1.1011528093293697e-05,1.1636733074165346e-05,0.019300406869891394,0.00028561717979750864,0.00026974660396214545,3.469446951953614e-17,-1.4515634526686959e-05,1.4687708373702337e-05,0.019444610486217335,0.00026642066718864793,0.00025020858761213086,0.0,2.699049659503082e-05,1.2963964968440375e-05,0.9822586902915037
4.385046005249023,0.01964389430754451,0.00021793842267620045,0.00024160316919646582,0.01963814775839232,0.00022819890716197291,0.00023964965351252684,1.0155474628251377,0.01964025301700394,0.00022191909161596232,0.00023876696964699254,0.9999999999999981,-1.1011528093293697e-05,1.1636733074165346e-05,0.019624565108943927,0.00029123936971712713,0.00027401242867572395,1.8639603749370784e-15,-1.4515634526686959e-05,1.4687708373702337e-05,0.019683968306220538,0.00024323303587497208,0.00023571413715789066,0.0,2.699049659503082e-05,1.2963964968440375e-05,0.9975157282007815
4.394080638885498,0.019224968273952762,0.0002764141667856469,0.00022691448745395734,0.019218959814370648,0.0002735060091596346,0.00022530037317869747,1.0209250243753807,0.01921745354866028,0.0002736486272580038,0.00022574286140088912,0.9999999999999999,-1.1011528093293697e-05,1.1636733074165346e-05,0.019046180018546813,0.00027587420668023777,0.00029456290187940964,0.0,-1.4515634526686959e-05,1.4687708373702337e-05,0.019212461802603782,0.00024488763351180817,0.0002436951423325888,1.6653345369377348e-16,2.699049659503082e-05,1.2963964968440375e-05,1.0301809214819795
4.403095722198486,0.019952201186404103,0.0002821606120022753,0.0003039118465871585,0.019945340515046414,0.0002856604586183864,0.00030195937502051906,1.242663047945573,0.01967886750468818,0.00023823210359599084,0.00023463931123394663,1.602468905319639e-17,-1.1011528093293697e-05,1.1636733074165346e-05,0.019944032693951712,0.0002858541583618014,0.00030127498946804637,1.0,-1.4515634526686959e-05,1.4687708373702337e-05,0.01982123659626958,0.000245562817530888,0.00024044745842781087,0.0,2.699049659503082e-05,1.2963964968440375e-05,1.2393907523469307
4.4120917320251465,0.01937148826848447,0.00030930650174055413,0.0002860482084143627,0.019402176425801533,0.0003076578637811779,0.0002708896246677271,1.0713888788988133,0.019305761591385303,0.00028101319654181417,0.000258984464292171,0.0,-1.1011528093293697e-05,1.1636733074165346e-05,0.01946257461756444,0.0002801093035808312,0.00029865703901452156,2.775557561562891e-16,-1.4515634526686959e-05,1.4687708373702337e-05,0.019400315457564665,0.00030623892356525587,0.00028313937394565045,0.9999999999999997,2.699049659503082e-05,1.2963964968440375e-05,1.1025134983648577
4.42106819152832,0.01893665528666104,0.000297379416969272,0.0003021984005975066,0.018920046507721052,0.00029240626871264094,0.00030538932068867666,1.2641608760101664,0.018770503824804496,0.0002479254390624526,0.00024679566658535393,0.2963641815756672,-1.1011528093293697e-05,1.1636733074165346e-05,0.018990390726822515,0.0002934630823017148,0.0002909734133830534,0.7036358184243329,-1.4515634526686959e-05,1.4687708373702337e-05,0.01887452683001492,0.000234175239213711,0.00023870412348894407,2.738330463531065e-17,2.699049659503082e-05,1.2963964968440375e-05,1.2679297614935061
4.43002462387085,0.01905489344662032,0.00022735806424804134,0.00022004154661274186,0.019053145228518416,0.00023005985908103668,0.00021972183314901417,1.006102818792019,0.019049515099818635,0.00022705799574435429,0.00021999541055668648,0.9999999999999993,-1.1011528093293697e-05,1.1636733074165346e-05,0.01896942744120192,0.0002923674674321121,0.0003031531691710422,0.0,-1.4515634526686959e-05,1.4687708373702337e-05,0.019071995059775113,0.00024601202355693796,0.0002494249825588449,7.216449660063516e-16,2.699049659503082e-05,1.2963964968440375e-05,1.0007744143202195
4.438961982727051,0.0183389521690022,0.00022451886647522137,0.0002348192873727721,0.018337520424629633,0.00022982553152812654,0.00022893716437407882,0.9980651979437056,0.018332473549662696,0.00022794700950711996,0.00023170502209100136,1.0,-1.1011528093293697e-05,1.1636733074165346e-05,0.018254602952030824,0.0002861054901462205,0.0002830779256081592,6.938893903907228e-17,-1.4515634526686959e-05,1.4687708373702337e-05,0.01836359772637748,0.0002445174028728875,0.00027648663272981586,0.0,2.699049659503082e-05,1.2963964968440375e-05,0.9993171405138
4.447880268096924,0.01922486441559205,0.00024276234589416107,0.00023533816309964997,0.019257377262766717,0.00024870376893138327,0.0002382310828313687,1.0085116307095054,0.01914148288523888,0.0002499018318219519,0.0002408743843306145,0.0,-1.1011528093293697e-05,1.1636733074165346e-05,0.019327178659078452,0.0003095119331703311,0.0003066172517213091,0.0,-1.4515634526686959e-05,1.4687708373702337e-05,0.019256130136107108,0.00024801014113958256,0.00023481508063816214,1.0,2.699049659503082e-05,1.2963964968440375e-05,0.9902144449568366
4.456779956817627,0.01897327335681012,0.00023320316163472424,0.00022192168378319665,0.018971980151979345,0.0002367008981114041,0.00021330328274654642,0.9916014540920655,0.01897177264578593,0.0002370420952169175,0.00021677347655428905,0.9999999999999996,-1.1011528093293697e-05,1.1636733074165346e-05,0.019068905543995575,0.00031569907898989016,0.00028099639290684805,0.0,-1.4515634526686959e-05,1.4687708373702337e-05,0.019042870952489438,0.0002695227008676221,0.0002446555225784769,3.330669073875468e-16,2.699049659503082e-05,1.2963964968440375e-05,1.0028850346443696
4.465660572052002,0.018768372656003594,0.00024835413288076813,0.00024032673851739558,0.018782583509289096,0.0002552610986079999,0.00023000839937080061,1.0366060160896595,0.018756881391870515,0.0002442277818208889,0.0002459108794817255,0.7694796482460056,-1.1011528093293697e-05,1.1636733074165346e-05,0.0187607647842307,0.00029704118536441615,0.0002846383839629277,1.0284741808197497e-15,-1.4515634526686959e-05,1.4687708373702337e-05,0.018818805138761312,0.00024214682629058668,0.0002259861870690695,0.23052035175399346,2.699049659503082e-05,1.2963964968440375e-05,1.0438932043930025
4.474521636962891,0.018830162842580305,0.00026017955590379796,0.0002476488437909083,0.018825769120394888,0.0002560078990512214,0.00025431888887838747,1.0185108550994602,0.01884504503886065,0.000246042795893079,0.0002550090931216671,0.8836162425821352,-1.1011528093293697e-05,1.1636733074165346e-05,0.018593642360050674,0.00028926552073945885,0.00030398752659494335,0.11638375741786462,-1.4515634526686959e-05,1.4687708373702337e-05,0.018813759775283864,0.000263036950445477,0.0002800103850828413,1.7662055730438813e-16,2.699049659503082e-05,1.2963964968440375e-05,1.013524568669495
4.483364582061768,0.018607152583282178,0.00023330668695945717,0.0002272104696252955,0.018600760445538173,0.00023266672102454852,0.00022815481152290568,0.9942723553978223,0.018601868880585362,0.00023533685163390147,0.00022813930763542975,0.9999999999999998,-1.1011528093293697e-05,1.1636733074165346e-05,0.01864058312798804,0.0003100969585961254,0.0002887247964857356,1.7347234759768066e-16,-1.4515634526686959e-05,1.4687708373702337e-05,0.01869300305631976,0.00028653470284840596,0.0002555274875131429,0.0,2.699049659503082e-05,1.2963964968440375e-05,0.993615631299691
4.492188930511475,0.01915306266871836,0.0003077351751957398,0.0002921758141147812,0.019154872158639986,0.00031085020301734045,0.0002878819865754362,1.266566781999992,0.018912364191225224,0.0002359894945958771,0.00023673108998106818,0.0,-1.1011528093293697e-05,1.1636733074165346e-05,0.019172936009335506,0.0003047363008507227,0.000289302886793668,0.8267098664172005,-1.4515634526686959e-05,1.4687708373702337e-05,0.019033098412007454,0.00027571128820143634,0.00029501666554731035,0.17329013358279957,2.699049659503082e-05,1.2963964968440375e-05,1.269060432067715
4.500995635986328,0.018815696320316405,0.00024488730709376627,0.00025513128612601743,0.018808382452945145,0.00024034552442708107,0.00025229687789903726,1.001791860864889,0.018808148618000276,0.00024008542601361427,0.00025167580860132807,0.9999999999999993,-1.1011528093293697e-05,1.1636733074165346e-05,0.018755125340016686,0.00031022385433119096,0.00032649833562905725,7.008282842946296e-16,-1.4515634526686959e-05,1.4687708373702337e-05,0.018850739783517874,0.0002555411610575091,0.00025490367838310046,0.0,2.699049659503082e-05,1.2963964968440375e-05,1.0167913979866816
4.509782314300537,0.019263974007899542,0.00023840293894110756,0.00026816420213718675,0.019256469393979413,0.00023887137629106936,0.0002616504607074882,1.002668653147417,0.019256564767253848,0.0002382563320407205,0.00026093334086607634,1.0,-1.1011528093293697e-05,1.1636733074165346e-05,0.019358623543802654,0.00029369168393081346,0.0003126834636385696,0.0,-1.4515634526686959e-05,1.4687708373702337e-05,0.01932555766932344,0.0002759578641308158,0.0002977516131037229,1.1102230246251565e-16,2.699049659503082e-05,1.2963964968440375e-05,1.0147788878093937
4.518551349639893,0.019122835414951137,0.0002781346177362469,0.0002814179640426018,0.019113698675677762,0.00027944228207800806,0.0002841879284468038,0.9951147544701063,0.019116194067821037,0.0002814945740779451,0.00028490262583589013,1.0,-1.1011528093293697e-05,1.1636733074165346e-05,0.019188092412008164,0.0003672569583467282,0.0003667351539260455,0.0,-1.4515634526686959e-05,1.4687708373702337e-05,0.01917200786585388,0.00027783354787082326,0.0002950407382318644,0.0,2.699049659503082e-05,1.2963964968440375e-05,0.9879155155851268
4.527302265167236,0.01884942198621727,0.00026968526654297387,0.0002513523473977909,0.01884163442843506,0.0002713386869747994,0.0002534275012319315,1.0049953890661938,0.0188405264607125,0.00027129788540767794,0.0002508599214000977,0.999999999999999,-1.1011528093293697e-05,1.1636733074165346e-05,0.018740875999883,0.00029993438849978266,0.0003327844738900028,2.1592404539024668e-16,-1.4515634526686959e-05,1.4687708373702337e-05,0.018875524205826402,0.0002747843684902766,0.00025138634976770366,9.887923813067793e-16,2.699049659503082e-05,1.2963964968440375e-05,0.9978546852074104
4.536036014556885,0.01868247363632037,0.000368133960361082,0.0003482916313316785,0.018670214236157463,0.00036244907584759983,0.0003500214561947719,1.4248755125926351,0.018922404174087346,0.0002585569143458248,0.00024146608818721368,0.3693394961510579,-1.1011528093293697e-05,1.1636733074165346e-05,0.018519134072854746,0.00030050260964856884,0.00029484445169863926,0.6306605038489421,-1.4515634526686959e-05,1.4687708373702337e-05,0.018856425227419683,0.0002784961752755506,0.00030569232116926803,0.0,2.699049659503082e-05,1.2963964968440375e-05,1.4327852680045923
4.544750213623047,0.018650309935964386,0.0002458795668868162,0.000251253660235224,0.018641684147157857,0.0002423195573295102,0.00025736067524764414,1.0115827091066076,0.018641660439292614,0.00024128138007866243,0.0002526774708179226,0.9999999999999993,-1.1011528093293697e-05,1.1636733074165346e-05,0.01858848701305464,0.0003093942047092818,0.0003080722206988164,7.355227538141657e-16,-1.4515634526686959e-05,1.4687708373702337e-05,0.018692651936757038,0.00027941090371215796,0.00026305744018443114,0.0,2.699049659503082e-05,1.2963964968440375e-05,1.0064263981092623
4.553447246551514,0.019263391208191538,0.00028267028028042956,0.0002591660046728228,0.019258127826294758,0.0002815558738444267,0.00025734510002437677,1.0230043261574377,0.01925560766349159,0.0002823917835606607,0.0002644721380083391,1.0,-1.1011528093293697e-05,1.1636733074165346e-05,0.01921450964869459,0.00031257357066076866,0.00030532425668032895,0.0,-1.4515634526686959e-05,1.4687708373702337e-05,0.019307330038317673,0.0002721116231362425,0.00025467106984903426,0.0,2.699049659503082e-05,1.2963964968440375e-05,1.0285764740725762
4.562126636505127,0.018851129384300933,0.00033963811860333176,0.00034902282125983883,0.01883552439754955,0.0003396254914341812,0.0003519392473937469,1.3914623887520927,0.01913632716552139,0.0002339332610626528,0.00026307243914038686,0.20556559291037085,-1.1011528093293697e-05,1.1636733074165346e-05,0.01877126460823803,0.00032068453213716583,0.0003035995573074518,0.7944344070896292,-1.4515634526686959e-05,1.4687708373702337e-05,0.019094745856083825,0.0002835130175618955,0.0002781729520032854,0.0,2.699049659503082e-05,1.2963964968440375e-05,1.3856198019093842
4.570788383483887,0.01903744943224748,0.00026861572066539177,0.0002931533904155202,0.019031884630859506,0.00027036478664867886,0.00029297249642524364,1.017617882602006,0.01903186461813223,0.00026675576427953596,0.0002868285355889892,0.9999999999999996,-1.1011528093293697e-05,1.1636733074165346e-05,0.019081419367487466,0.0003572158659511278,0.00035471460025948004,4.92661467177413e-16,-1.4515634526686959e-05,1.4687708373702337e-05,0.019087853778238798,0.000314529242182178,0.0002949578166410935,0.0,2.699049659503082e-05,1.2963964968440375e-05,1.014785121641511
4.579432010650635,0.019153242188252647,0.00026198780319674694,0.00026609934857416487,0.01914578143790767,0.00026896528108362114,0.0002662462315478828,1.0077085124822347,0.019146301739870284,0.000264992429201083,0.000266124958418424,0.9999999999999998,-1.1011528093293697e-05,1.1636733074165346e-05,0.019255751281645965,0.0003253508874782249,0.0003055443109211166,0.0,-1.4515634526686959e-05,1.4687708373702337e-05,0.019209301293606804,0.00026315392164435666,0.0003024523055403343,2.775557561562891e-16,2.699049659503082e-05,1.2963964968440375e-05,0.9942946024377457
4.588058471679688,0.018870435843985692,0.00025990925965321474,0.0002740646788871627,0.01890357135101309,0.0002653244947105754,0.0002771115184903271,1.0098657408535714,0.01886176611122015,0.0002656550902683137,0.0002915118468353184,0.0,-1.1011528093293697e-05,1.1636733074165346e-05,0.018858916305511918,0.00030164492247132177,0.00033999690358897314,4.92661467177413e-16,-1.4515634526686959e-05,1.4687708373702337e-05,0.01890249530306793,0.0002644735573137727,0.0002726632037990638,0.9999999999999994,2.699049659503082e-05,1.2963964968440375e-05,0.9941116996611694
4.596668720245361,0.01891287040121129,0.00026410332071067494,0.0002817441540473413,0.018945198813414464,0.00026235300071797765,0.0002840652282803842,1.0001521388867496,0.01887563635901838,0.0002571214583638147,0.000311040611946041,8.326672684688667e-16,-1.1011528093293697e-05,1.1636733074165346e-05,0.01894555053934139,0.0003462907488561706,0.0003579718536321323,0.0,-1.4515634526686959e-05,1.4687708373702337e-05,0.018945382283458906,0.00026306461151894694,0.0002832704986639595,0.9999999999999991,2.699049659503082e-05,1.2963964968440375e-05,0.9991074426376754
4.605262756347656,0.01815724172853217,0.00040994421013496735,0.00037739308340970987,0.01814831594878541,0.0004156968543123536,0.00037483214566042325,1.3812077428008862,0.018504570285114933,0.0002717313190820393,0.0003006148787243097,0.22047237650116294,-1.1011528093293697e-05,1.1636733074165346e-05,0.018032174887129777,0.000353013654777648,0.00034645626253404505,0.779527623498837,-1.4515634526686959e-05,1.4687708373702337e-05,0.018437353881059014,0.0003301225887415611,0.00032346256492662984,0.0,2.699049659503082e-05,1.2963964968440375e-05,1.3756312116029283
4.613840103149414,0.01932495279787286,0.00036573390563638883,0.0003210717699460852,0.01931552059328216,0.00036680429970698675,0.00032342509724569285,1.195621744176516,0.019063623388672415,0.0003246153375617983,0.000310346099914708,3.204937810639275e-17,-1.1011528093293697e-05,1.1636733074165346e-05,0.019316154757607992,0.00036215716315384297,0.0003231240050625174,1.0,-1.4515634526686959e-05,1.4687708373702337e-05,0.019166067792548806,0.00026980658486338085,0.0003074908759050955,0.0,2.699049659503082e-05,1.2963964968440375e-05,1.1896911423587841
4.622400283813477,0.01948898616563512,0.0003023430898403921,0.00033408502987250857,0.01947952583432735,0.0003037777587352325,0.0003323158934041767,1.2053189818374797,0.019208655990846826,0.0002664873602843919,0.00026125148870452877,0.0,-1.1011528093293697e-05,1.1636733074165346e-05,0.01947663749004483,0.00030091886422741604,0.0003350273862306255,0.9999999999999998,-1.4515634526686959e-05,1.4687708373702337e-05,0.01936632194848968,0.00028980580909406667,0.0002840676021091011,1.9428902930940235e-16,2.699049659503082e-05,1.2963964968440375e-05,1.205952756618571
4.63094425201416,0.019115739499419113,0.0002751026617624497,0.00027059211045662307,0.0191082932910457,0.00027192938747558695,0.0002763593074340681,1.0200846304662472,0.01910835946154678,0.0002724442489849925,0.00026504909081667694,0.9999999999999961,-1.1011528093293697e-05,1.1636733074165346e-05,0.01913152543788204,0.0003280120340151925,0.0003383468081210629,3.2127078775090467e-15,-1.4515634526686959e-05,1.4687708373702337e-05,0.019150032233159316,0.0002844221314391611,0.000277752489714133,6.106226635438361e-16,2.699049659503082e-05,1.2963964968440375e-05,1.0152586679872715
4.639470100402832,0.019927908049035145,0.0003310088014695303,0.00032082585431592037,0.019914441471883763,0.0003340739490733831,0.000321060157557701,1.1832008621512815,0.019605013046731613,0.0002735106387061967,0.0002812195544560636,0.0,-1.1011528093293697e-05,1.1636733074165346e-05,0.019919408470619633,0.00033710589155749524,0.00031651511149313055,1.0,-1.4515634526686959e-05,1.4687708373702337e-05,0.019760834513289506,0.0002790311055985775,0.00027466533562943776,2.42861286636753e-17,2.699049659503082e-05,1.2963964968440375e-05,1.1772419095556756
4.647979259490967,0.01857813169144579,0.00033694017373408006,0.00030562566726767895,0.01860345029051948,0.0003353820299545861,0.00030600736220836797,0.9965131805736988,0.018538207752127833,0.00032005029154976924,0.0003235833348451192,0.17095667407238577,-1.1011528093293697e-05,1.1636733074165346e-05,0.018544462004138403,0.000337171873126596,0.00033939596382426274,3.371702737972256e-15,-1.4515634526686959e-05,1.4687708373702337e-05,0.01861157022345271,0.00033876539604627345,0.00030769559483758216,0.8290433259276108,2.699049659503082e-05,1.2963964968440375e-05,0.998341004339518
4.656472682952881,0.019035747921859653,0.0002848502778397301,0.00025580966743217817,0.019028353917761677,0.0002784382862215419,0.00025636613228997504,0.9962994992201143,0.019027791381949342,0.0002796377243366663,0.00025715308899823194,0.9999999999999994,-1.1011528093293697e-05,1.1636733074165346e-05,0.018827150545553617,0.00034098197250417503,0.00032990487718368225,3.05311331771918e-16,-1.4515634526686959e-05,1.4687708373702337e-05,0.019013248537584116,0.00030478888926037395,0.00030381128159785026,1.52655665885959e-16,2.699049659503082e-05,1.2963964968440375e-05,1.0072078952189447
4.664948463439941,0.01858531769705063,0.00030985058260266096,0.0002838909234874516,0.018611016958751943,0.00029805362422578516,0.00028507240982863363,1.0453534181724695,0.018538516150603174,0.0002732606288554512,0.00028456605819347433,1.1102230246251565e-16,-1.1011528093293697e-05,1.1636733074165346e-05,0.01867760572538747,0.00030993090173826385,0.000321181632462985,8.326672684688674e-17,-1.4515634526686959e-05,1.4687708373702337e-05,0.018615299399868983,0.00030291786895220163,0.0002849879757166676,0.9999999999999998,2.699049659503082e-05,1.2963964968440375e-05,1.0643834722773617
4.673407554626465,0.01948144391080706,0.00026802312493067956,0.0002483385980889298,0.019470559109785245,0.00025849569469437936,0.00025443414816565466,1.0027178939196701,0.019473830295962922,0.00026074341940568804,0.000250796113268819,1.0,-1.1011528093293697e-05,1.1636733074165346e-05,0.01950470084651707,0.0003334191637826521,0.0003311568334737995,0.0,-1.4515634526686959e-05,1.4687708373702337e-05,0.019515751831274422,0.00028518326870735286,0.00028745694786139545,0.0,2.699049659503082e-05,1.2963964968440375e-05,1.009426818529333
4.681850910186768,0.018935522665499784,0.00029418493805959817,0.00032021649068722166,0.01892370691985211,0.0002999627551243285,0.0003234437755844956,1.0023771219299864,0.018922225136565284,0.0003038370489224368,0.00032593271775259447,0.999999999999998,-1.1011528093293697e-05,1.1636733074165346e-05,0.018954385146156362,0.00039150594849602163,0.00038609655494851666,0.0,-1.4515634526686959e-05,1.4687708373702337e-05,0.01904225958460742,0.0003267233244054757,0.00029520480730258966,1.9428902930940236e-15,2.699049659503082e-05,1.2963964968440375e-05,0.9878977930447138
4.690277576446533,0.01841463784467921,0.0003078347061166095,0.00031548068003335594,0.018405443893852676,0.0002980376066415019,0.0003173154361796257,1.0657098890153058,0.01840706400463048,0.0003030809214148028,0.0003157025777712624,0.9999999999999996,-1.1011528093293697e-05,1.1636733074165346e-05,0.018247822518998646,0.00034893955204631094,0.0003664204586341646,0.0,-1.4515634526686959e-05,1.4687708373702337e-05,0.018440115605646405,0.00029126032177454256,0.00028615108180143553,4.163336342344336e-16,2.699049659503082e-05,1.2963964968440375e-05,1.0794996120438538
4.698687553405762,0.019607871073325723,0.0002928407532605641,0.000257888119255683,0.01959881029180679,0.000285472742467853,0.0002572840354401057,0.9945885627973035,0.01959872117899577,0.00028828219853664627,0.0002574276539690397,0.9999999999999982,-1.1011528093293697e-05,1.1636733074165346e-05,0.019590497617138172,0.00033565801510589827,0.0003097813444302086,7.840950111415168e-16,-1.4515634526686959e-05,1.4687708373702337e-05,0.019640613629619094,0.00029186786406588255,0.00030830220658380897,9.43689570931383e-16,2.699049659503082e-05,1.2963964968440375e-05,1.00919723180279
4.707081317901611,0.018775533050620626,0.00033443965541916573,0.00032816431556546843,0.018770180370059182,0.0003231340581247473,0.0003247021999001898,0.9903263264621663,0.018769120638717253,0.00032830815037990235,0.00032585628079225687,0.9999999999999982,-1.1011528093293697e-05,1.1636733074165346e-05,0.018777094328217926,0.00042354764904351666,0.00036552714655275695,1.6798097529639453e-15,-1.4515634526686959e-05,1.4687708373702337e-05,0.018865913398703884,0.0003663955763170586,0.00032517655968302556,0.0,2.699049659503082e-05,1.2963964968440375e-05,1.0129012514443083
4.715459823608398,0.01940652511003253,0.00025129090984215077,0.00028359350459078794,0.01940055957707157,0.0002495226628583709,0.0002866447514218162,1.0079621903650036,0.019397925862502732,0.0002480504212263798,0.00028388164865218377,0.999999999999999,-1.1011528093293697e-05,1.1636733074165346e-05,0.01942947938731413,0.00035397118705941116,0.0003359519670608109,0.0,-1.4515634526686959e-05,1.4687708373702337e-05,0.019460918488756584,0.00031858120492452707,0.00030406717863292257,1.0269562977782694e-15,2.699049659503082e-05,1.2963964968440375e-05,1.0055502285377325
4.723820686340332,0.01871686148662722,0.00031006286131530017,0.00028469665787708015,0.01874665872296259,0.00030917194033360657,0.00028027036999182103,1.1426012167843793,0.018627964457063266,0.0002554472655450432,0.0002604302791895004,0.0,-1.1011528093293697e-05,1.1636733074165346e-05,0.018801282061616582,0.0003363435536907697,0.0003479526268762613,2.4980018054066017e-16,-1.4515634526686959e-05,1.4687708373702337e-05,0.018745958787568757,0.00030852898634827625,0.0002863851477916783,0.9999999999999997,2.699049659503082e-05,1.2963964968440375e-05,1.1529083311785304
4.732166767120361,0.01870493366448738,0.00042446273538858034,0.00041133883547785424,0.01869474070232435,0.0004243950574578763,0.0004066626101621,1.2438524215094966,0.01886621716601979,0.00036269960218919886,0.0003428755812469146,0.44834939295288195,-1.1011528093293697e-05,1.1636733074165346e-05,0.01854447452833166,0.0004081836304987811,0.00037798317804654466,0.5516506070471178,-1.4515634526686959e-05,1.4687708373702337e-05,0.018874468097034254,0.0003176858396381037,0.000350446209830782,1.4574805926154098e-16,2.699049659503082e-05,1.2963964968440375e-05,1.250952669507223
4.74049711227417,0.01842075110417039,0.00046600324197327084,0.0003632510655624463,0.01840583722008141,0.00045968624613645925,0.00036430940019709784,1.4757114422397308,0.018615274283824257,0.00028313792182908804,0.0002752338727833835,0.417703254011011,-1.1011528093293697e-05,1.1636733074165346e-05,0.018214317722503724,0.00039943587744398906,0.0003933452687897056,0.5822967459889891,-1.4515634526686959e-05,1.4687708373702337e-05,0.018602685798395368,0.0003091390256843747,0.0002928032317810539,7.067642911889882e-17,2.699049659503082e-05,1.2963964968440375e-05,1.485129291158496
4.748810291290283,0.019036879525861878,0.0003343752645797553,0.00032424261136333385,0.019055310242516242,0.00033937551052733855,0.00032456842048528625,1.0677973282438415,0.019015603963249684,0.0003220519771301236,0.00029973636551780536,0.3335199877646559,-1.1011528093293697e-05,1.1636733074165346e-05,0.01897972131561891,0.000403371354776149,0.0003762119599644634,0.0,-1.4515634526686959e-05,1.4687708373702337e-05,0.019077050005030467,0.0003438575864312815,0.0003219470417204079,0.666480012235344,2.699049659503082e-05,1.2963964968440375e-05,1.0592316239611683
4.75710916519165,0.018759885391247285,0.00031463466659821526,0.00032211678653123674,0.01878727860859834,0.00034136685696279506,0.0003254914717376392,1.153951683592005,0.018886395180783312,0.00031023641680351724,0.0002676546146690023,3.6645521831904234e-16,-1.1011528093293697e-05,1.1636733074165346e-05,0.018601072903713656,0.00034074801729499365,0.0003383955081168004,0.252712746852142,-1.4515634526686959e-05,1.4687708373702337e-05,0.018842169853392647,0.0002975367714041881,0.00029660217306014605,0.7472872531478576,2.699049659503082e-05,1.2963964968440375e-05,1.1018538417302493
4.765391826629639,0.019086239964439384,0.00032039913690028177,0.00037351325481720446,0.019077243845848708,0.0003243431821938515,0.0003716913996032259,1.2170127613990638,0.01886664134111412,0.00029155668463628007,0.0003008124540090189,3.630593613614802e-18,-1.1011528093293697e-05,1.1636733074165346e-05,0.019081087130790392,0.00032426212700154347,0.00036787979501343507,0.9554529603236691,-1.4515634526686959e-05,1.4687708373702337e-05,0.018980218492652884,0.00027754838871018456,0.00029437213987730873,0.044547039676330946,2.699049659503082e-05,1.2963964968440375e-05,1.2133021233409538
4.773658275604248,0.019063227410302953,0.00032694055598763566,0.00031402343169307026,0.019059470407277693,0.00032877837762137693,0.0003104665673470709,0.9960822698835752,0.019056441722892385,0.00032797223593901415,0.00031378694831307036,0.9712217782186684,-1.1011528093293697e-05,1.1636733074165346e-05,0.01914076073594107,0.00041281769351945996,0.0003842094598328627,0.0,-1.4515634526686959e-05,1.4687708373702337e-05,0.019103794523764706,0.00034305241627874405,0.0003917972592625413,0.028778221781331527,2.699049659503082e-05,1.2963964968440375e-05,0.9987609112718733
4.781910419464111,0.01902918820905901,0.00029312118779938404,0.0002953622198354558,0.019026236417147034,0.0002940956977496578,0.0002908683587239391,0.9963101975666462,0.019021809593738087,0.000294407758210824,0.0002927226936326813,0.9999999999999982,-1.1011528093293697e-05,1.1636733074165346e-05,0.01894108729319278,0.0003497252429150548,0.0003272408722206112,1.6792123247455493e-15,-1.4515634526686959e-05,1.4687708373702337e-05,0.01905252702959545,0.00029388760405765074,0.00030057006590568716,1.6653345369377348e-16,2.699049659503082e-05,1.2963964968440375e-05,1.0023043529544184
4.790146350860596,0.01847355352650851,0.00029749913038882095,0.0003143708463337197,0.018466754738107435,0.00028543239515338437,0.0003263307090018222,0.9814765299129925,0.018466300775679175,0.00029760967690795406,0.00032569927191575254,0.9999999999999976,-1.1011528093293697e-05,1.1636733074165346e-05,0.01833899973492193,0.00040559350292209556,0.0004141450579294402,9.645062526431047e-16,-1.4515634526686959e-05,1.4687708373702337e-05,0.018525387786656737,0.00035457483933675274,0.000342086329722692,1.4849232954361469e-15,2.699049659503082e-05,1.2963964968440375e-05,0.9816479899370075
4.798366546630859,0.018645691116306585,0.0003332633355025358,0.0003039996630398237,0.01863455372358474,0.0003250519880441047,0.0003007464680193986,0.9989045299362399,0.018634940411383367,0.0003254760938461859,0.0003010086575078279,0.9999999999999998,-1.1011528093293697e-05,1.1636733074165346e-05,0.018655957413748238,0.0003925804467256287,0.0003625610634589195,0.0,-1.4515634526686959e-05,1.4687708373702337e-05,0.018685663064766614,0.0003046226097908958,0.00033156631746739107,2.2204460492503126e-16,2.699049659503082e-05,1.2963964968440375e-05,1.0172043248699203
4.806572437286377,0.01897584967821767,0.00028453551244860334,0.0003117720518098707,0.018967025473285493,0.00028420621609732966,0.00031985074216618267,1.000734301123862,0.01896990468117065,0.00028703694456054876,0.00031657677946703155,0.9999999999999996,-1.1011528093293697e-05,1.1636733074165346e-05,0.01906310526266467,0.00035274914563300855,0.0003626053458189553,0.0,-1.4515634526686959e-05,1.4687708373702337e-05,0.019047224441314438,0.00033381385080353404,0.0003207436115280071,4.996003610813204e-16,2.699049659503082e-05,1.2963964968440375e-05,0.9878959681029843
4.814762592315674,0.01889555659804717,0.00046719827476687445,0.0003964156409690667,0.01888191603347665,0.00048490833938245187,0.00039602847751667516,1.2482720425825762,0.019019845490005988,0.0003395992578270196,0.0003782714611843471,0.5854712710832083,-1.1011528093293697e-05,1.1636733074165346e-05,0.01859985733431959,0.00042536844488572437,0.0004436778489315396,0.4145287289167916,-1.4515634526686959e-05,1.4687708373702337e-05,0.01898571107582528,0.00035813279443432447,0.0003475922293165387,1.9270232484095828e-16,2.699049659503082e-05,1.2963964968440375e-05,1.2237257949929465
4.822937488555908,0.019043462195870036,0.0004018916687075248,0.0003329739334362383,0.019043155656657856,0.00039773280157244517,0.0003233283256076046,1.201331748718665,0.019143673611085713,0.00032140463077270573,0.00027881352541032217,0.6389250451946733,-1.1011528093293697e-05,1.1636733074165346e-05,0.018826585394354146,0.000415400484398136,0.0003705898381997398,0.36107495480532625,-1.4515634526686959e-05,1.4687708373702337e-05,0.0191489435699689,0.00032300569876158106,0.0003264737163589451,3.4822307967100487e-16,2.699049659503082e-05,1.2963964968440375e-05,1.2243308446665455
4.8310980796813965,0.01841211942549799,0.0003506026275450075,0.00035127647308765,0.018405694097574428,0.00035179738208872616,0.00035141768736771453,1.012396438229436,0.018405034247095525,0.00035021490435312164,0.00035153537844998667,0.9999999999999991,-1.1011528093293697e-05,1.1636733074165346e-05,0.018327185325736267,0.0003675404957910397,0.00039865788906716035,0.0,-1.4515634526686959e-05,1.4687708373702337e-05,0.018449878527072253,0.00035225802152577534,0.0003423464267931879,8.874136590383334e-16,2.699049659503082e-05,1.2963964968440375e-05,1.0104730862742095
4.839242458343506,0.01850783050741217,0.00030060234265998423,0.0003123952829474502,0.01850051664004091,0.00029825416601659757,0.00031993100166813684,0.9995763848890452,0.018500725586130973,0.0003010051908091914,0.00031744196043413664,0.9999999999999998,-1.1011528093293697e-05,1.1636733074165346e-05,0.018445199023230194,0.000369480226274109,0.0003736317069588449,0.0,-1.4515634526686959e-05,1.4687708373702337e-05,0.01856802549810778,0.0003341353553822403,0.00031916652245153956,1.6653345369377346e-16,2.699049659503082e-05,1.2963964968440375e-05,0.9911883729677826
4.847372531890869,0.019447538585358755,0.0003479604229453155,0.00033548377400846596,0.019469080001202448,0.0003289828702549187,0.00034550189868520764,0.9949249883757632,0.019389030845174966,0.00034405274308776934,0.0003677721414883754,0.0,-1.1011528093293697e-05,1.1636733074165346e-05,0.019506104338024136,0.00042710637435937684,0.0004151147514900831,0.0,-1.4515634526686959e-05,1.4687708373702337e-05,0.019472830574260566,0.0003350012031634944,0.0003429240442878109,1.0,2.699049659503082e-05,1.2963964968440375e-05,1.0081409410893383
4.855487823486328,0.018494914009429066,0.00030870291806719963,0.00030792614113513486,0.018491919661494948,0.00030937812661737535,0.00031648468576530794,1.0290795796348082,0.018483575155554478,0.00030896088908641955,0.000299216383855664,0.821931130695748,-1.1011528093293697e-05,1.1636733074165346e-05,0.01859630609035272,0.00039542606433815367,0.0003391093673864379,1.0707445130195283e-15,-1.4515634526686959e-05,1.4687708373702337e-05,0.018552739883495734,0.0003306165069904901,0.0003324211648062063,0.17806886930425095,2.699049659503082e-05,1.2963964968440375e-05,1.0138969123580779
4.863587379455566,0.018217257745332567,0.00030439310141435263,0.00035898165508200033,0.018210534448321634,0.00030417771213100617,0.0003537686584891807,0.9965096783578072,0.018208418451293673,0.0003021400216739814,0.0003581108368068374,0.9999999999999996,-1.1011528093293697e-05,1.1636733074165346e-05,0.018239764325326507,0.00039168338894973384,0.0003773502551182792,5.481726184086708e-16,-1.4515634526686959e-05,1.4687708373702337e-05,0.01829769595835593,0.00039716515414986095,0.0003493320564684349,0.0,2.699049659503082e-05,1.2963964968440375e-05,1.0047313804676028
4.871673583984375,0.01895652723209852,0.00029351677389532344,0.0003109435924361949,0.01898749725265208,0.0002932560077804104,0.00031564287393107127,0.9958512145182079,0.01888673420382423,0.00030961678288126543,0.0003285329628053106,0.0,-1.1011528093293697e-05,1.1636733074165346e-05,0.018994388037811033,0.00039833125846342257,0.000378778598671161,9.897500980188539e-16,-1.4515634526686959e-05,1.4687708373702337e-05,0.018987141152178855,0.00029483236799512577,0.0003166032288435712,0.9999999999999991,2.699049659503082e-05,1.2963964968440375e-05,0.988592043801109
4.879744529724121,0.018826730837747566,0.0003441242769286236,0.00028923453111952616,0.018852159455286743,0.00034120938035926,0.00029704960027861563,1.0074611073626836,0.018771686588232084,0.0003586543413273968,0.0002989184377027651,4.163336342344336e-16,-1.1011528093293697e-05,1.1636733074165346e-05,0.01887936092970821,0.0004160187887737449,0.00042222835300268977,6.175615574477432e-16,-1.4515634526686959e-05,1.4687708373702337e-05,0.018860965172941,0.00034743489145854303,0.00028609723794414954,0.9999999999999989,2.699049659503082e-05,1.2963964968440375e-05,0.9997264205767966
4.887800693511963,0.019085230311980002,0.0003574624095907773,0.0002995325353371339,0.019082189454268414,0.00036897607427988435,0.00029516347819098093,1.017337433053192,0.019079555239247432,0.00035955703224327396,0.00029326427452578546,0.9999999999999996,-1.1011528093293697e-05,1.1636733074165346e-05,0.018871045536838788,0.0004075839772379429,0.00040379703113570947,4.093947403305263e-16,-1.4515634526686959e-05,1.4687708373702337e-05,0.01907546449629806,0.0003306789863675788,0.00033397762349753404,0.0,2.699049659503082e-05,1.2963964968440375e-05,1.0063932321380684
4.895843505859375,0.018919348596203294,0.0003285094575346745,0.00035214759624652495,0.018914322496683098,0.00033909692928627,0.00034631331740063095,0.9923036866199234,0.018914068324041796,0.00033888863023367327,0.00035183766246166953,0.9999999999999979,-1.1011528093293697e-05,1.1636733074165346e-05,0.018996664081752004,0.0003972492483486703,0.0004035359744923757,2.0261570199409095e-15,-1.4515634526686959e-05,1.4687708373702337e-05,0.018998811528778817,0.0003770321573816626,0.00037734882183940513,0.0,2.699049659503082e-05,1.2963964968440375e-05,0.9854222446421558
4.903870105743408,0.01807775809913655,0.0004351410756675729,0.0004989388454457386,0.018057965155061945,0.0004385437467762099,0.000502192238285671,1.536425251479321,0.018704740050368637,0.0003141603945267836,0.00029812841298670206,0.1364632789410403,-1.1011528093293697e-05,1.1636733074165346e-05,0.017982122837522527,0.0003904745801801765,0.0004201201884167227,0.8635367210589597,-1.4515634526686959e-05,1.4687708373702337e-05,0.018596858525408377,0.00033261143630459317,0.00033843033356970725,0.0,2.699049659503082e-05,1.2963964968440375e-05,1.5255544600049518
4.91188383102417,0.018418228095371074,0.00036808522245454847,0.00037693286918487334,0.018406501513677103,0.00035904320895438144,0.0003737211482804821,0.9913539889438465,0.018407080047267856,0.00036165177236597776,0.0003775033280392012,0.9999999999999991,-1.1011528093293697e-05,1.1636733074165346e-05,0.018148877540595847,0.0003772619360983172,0.0004567190633783559,6.938893903907227e-18,-1.4515634526686959e-05,1.4687708373702337e-05,0.01841924375954072,0.00040675037563715766,0.00040930295373158357,8.326672684688672e-16,2.699049659503082e-05,1.2963964968440375e-05,1.0079320175576532
4.919882774353027,0.019208982648292697,0.00030017395128402805,0.0003085339218753362,0.01920072895150192,0.0003125746582373669,0.0003037916747222688,1.0150063634353435,0.019204839937377295,0.00030675210228697444,0.0003005015614964829,0.9999999999999982,-1.1011528093293697e-05,1.1636733074165346e-05,0.019074330254871028,0.0003659726422057842,0.00036490276356756016,8.534839501805891e-16,-1.4515634526686959e-05,1.4687708373702337e-05,0.019242236433380886,0.00032904199169538073,0.00031054199613990766,8.604228440844963e-16,2.699049659503082e-05,1.2963964968440375e-05,1.0023947313332728
4.927867412567139,0.01897281493654991,0.00034693187528716043,0.00036383842845851,0.018999925774671838,0.00035408481525512486,0.00035734414736451545,1.0086676269062724,0.01897365064182304,0.0003776920380554258,0.00035285670213615686,0.1896377269358363,-1.1011528093293697e-05,1.1636733074165346e-05,0.018884486122477902,0.00044750883747380135,0.00042692239823156203,3.116186728269562e-16,-1.4515634526686959e-05,1.4687708373702337e-05,0.019004649778476525,0.0003435622366113021,0.0003617533139647529,0.8103622730641634,2.699049659503082e-05,1.2963964968440375e-05,1.0077337769813246
4.93583869934082,0.01866822531017223,0.00039924990403509414,0.0004501897166454688,0.01866099418611386,0.0003975259213181079,0.00046148838511384654,1.373657944024748,0.0193008324766107,0.00030842394698697706,0.00031692409556507636,1.7135775891845727e-18,-1.1011528093293697e-05,1.1636733074165346e-05,0.018587328183390713,0.00037810160204362897,0.0003385252692967092,0.828918255647755,-1.4515634526686959e-05,1.4687708373702337e-05,0.019206183257018835,0.00031516711884784984,0.00033853247545559406,0.17108174435224505,2.699049659503082e-05,1.2963964968440375e-05,1.358346973013602
4.94379472732544,0.018901405781863386,0.0003616773682408522,0.00036032275778482767,0.018937498475608067,0.000359622839676086,0.00035003113995288673,0.9836417948981986,0.018852524349584232,0.0003852500368129175,0.0003927621022334904,0.0,-1.1011528093293697e-05,1.1636733074165346e-05,0.01894897901107811,0.0004409574970770415,0.000421962421268577,0.0,-1.4515634526686959e-05,1.4687708373702337e-05,0.01893928293100125,0.000366941525735371,0.00035451417420509154,1.0,2.699049659503082e-05,1.2963964968440375e-05,1.000754621642413
4.951737403869629,0.01857162767427648,0.000399442615623042,0.0003490531923872227,0.018564496481425382,0.0004037868009373266,0.0003488705178670594,0.999428571392277,0.018564178795608073,0.0004038308367601863,0.00034925681787418075,0.9999999999999996,-1.1011528093293697e-05,1.1636733074165346e-05,0.018670487185543604,0.00046043316478311044,0.00042612882217075293,1.1622647289044608e-16,-1.4515634526686959e-05,1.4687708373702337e-05,0.01865069715173232,0.0004061147944606387,0.00038412765265817897,4.440892098500626e-16,2.699049659503082e-05,1.2963964968440375e-05,0.993902639890795
4.959666252136231,0.01861287597639093,0.00033343342539029694,0.0003480908967666528,0.01860556210901967,0.0003376088354306514,0.00035581921766144123,1.0102964041404079,0.018608698818486473,0.0003324514282118454,0.0003559660946960419,1.0,-1.1011528093293697e-05,1.1636733074165346e-05,0.018460754110900354,0.0003941297754319305,0.0003800509085561607,0.0,-1.4515634526686959e-05,1.4687708373702337e-05,0.018631559618093003,0.0003192597711209541,0.00036710123169987965,0.0,2.699049659503082e-05,1.2963964968440375e-05,0.9929531534513091
4.967580795288086,0.01812854735158504,0.0004001035277241549,0.00037713371466855175,0.01814211916414509,0.0003949325472254392,0.0003770028718991514,1.028914686768016,0.018124014246453914,0.0003929696563904385,0.0003572727388749669,0.3823310956050308,-1.1011528093293697e-05,1.1636733074165346e-05,0.018107241101769186,0.0004384246800793676,0.0004411844582791133,0.0,-1.4515634526686959e-05,1.4687708373702337e-05,0.018157820675625935,0.00040447923758019436,0.0003851510148220709,0.6176689043949692,2.699049659503082e-05,1.2963964968440375e-05,1.0359815005092474
4.97548246383667,0.019138975518463344,0.0002820403903781056,0.00031080592970261084,0.01913715402926572,0.00028303825607947294,0.0003153476868808479,1.0053026283657904,0.019132838802213427,0.00028313985606988334,0.00031208980520440466,0.9999999999999983,-1.1011528093293697e-05,1.1636733074165346e-05,0.019024575431912827,0.00039973140238957344,0.0003946417240401588,1.62370117351429e-15,-1.4515634526686959e-05,1.4687708373702337e-05,0.019192117611132757,0.00033188185786729024,0.00035574856816373776,0.0,2.699049659503082e-05,1.2963964968440375e-05,0.9959959300608958
4.98336935043335,0.01828903645480558,0.00038483687432368935,0.00042834338377629316,0.018281694595153577,0.00039027699043985356,0.0004283713760570365,1.0204866225381661,0.018279832759874756,0.0003886773227388986,0.0004250439196645389,0.9999999999999982,-1.1011528093293697e-05,1.1636733074165346e-05,0.018136469959129986,0.0004574892661400737,0.0004973918152724327,1.6792123247455485e-15,-1.4515634526686959e-05,1.4687708373702337e-05,0.01833556994865534,0.0004041034815396062,0.0003981102353445391,0.0,2.699049659503082e-05,1.2963964968440375e-05,1.013670348667724
4.991243362426758,0.019780560811472225,0.0003886810880840072,0.00038718079305584754,0.019775739095805205,0.00039749657155030774,0.00037439012188256876,0.9960985340295815,0.019776917730982363,0.0003923873947177907,0.0003825225836257308,0.9999999999999998,-1.1011528093293697e-05,1.1636733074165346e-05,0.019534412120065403,0.00047690667492945524,0.00044151488666197003,2.636779683484747e-16,-1.4515634526686959e-05,1.4687708373702337e-05,0.01984255481980162,0.00041381777864867714,0.0004093645099067754,1.1102230246251565e-16,2.699049659503082e-05,1.2963964968440375e-05,1.001228404360424
