hostname_nn,letter_nn,Event,ProposalCategory,ProposalID,Cycle,Observation,Status,ObservingMode,GratingGrism,Subarray,ReadoutPattern,Groups,StartTime,EndTime,Hours,LastName,ProprietaryPeriod,EquatorialCoordinates,sy_kmag,sy_dist,st_teff,st_mass,st_rad,st_logg,pl_orbper,pl_orbsmax,pl_orbincl,pl_massj,pl_radj,pl_g_SI,pl_dens_cgs,pl_Teq_K,pl_trandep,pl_trandur,pl_TSM_K,pl_ESM_3um,PlanWindow,st_met,spectrum,published,nasa_pl_name,pl_name,default_flag,hostname,pl_bmasse,pl_bmasseerr1,pl_bmasseerr2,pl_dens,pl_denserr1,pl_denserr2,pl_eqt,pl_letter,pl_orbper_y,pl_orbsmax_y,pl_rade,pl_radeerr1,pl_radeerr2,pl_trandur_y,rowupdate,st_rad_y,st_teff_y,sy_dist_y,sy_jmag,sy_kmag_y
HAT-P-14,b,Transit,COM,1442,0,1,Executed,GTS,GRISMR+F322W2,SUBGRISM128,BRIGHT2,20,44683.24,44683.53,6.8,Schlawin,12,17 20 27.8813 +38 14 31.81,8.851,222.66,6600,1.386,1.499,4.25,4.6276665,0.061,83.5,2.28,1.2,44.88,2,1582.7,0.6,2.2,37.76,31.28,X,0.11,,,HAT-P-14 b,HAT-P-14 b,1,HAT-P-14,1093.3352,200.2329,-200.2329,1.88,0.29,-0.24,1581,b,4.62767,0.06062,15.91678,1.34508,-1.34508,2.306,25/4/2018,1.82,6600,222.663,9.094,8.851
L 168-9,b,Transit,COM,1033,0,5,Executed,LRS,X,SLITLESSPRISM,FASTR1,9,44710.28,44710.51,4.97,Kendrew,0,23 20 6.8620 -60 03 56.63,7.082,25.15,3800,0.62,0.6,4.359,1.4015222,0.021,85.5,0.014,0.13,22.73,9.33,982.9,0.1,1.1,11.71,2.18,X,0.04,,,L 168-9 b,L 168-9 b,1,L 168-9,4.07,0.45,-0.45,5.18,1.46,-1.46,998,b,1.40152604,0.0208,1.63,0.14,-0.14,1.02,30/8/2024,0.604,3842,25.1496,7.941,7.082
HAT-P-14,b,Transit,COM,1118,0,5,Executed,BOTS,G395H,SUB2048,NRSRAPID,20,44710.99,44711.29,6.83,Proffitt,6,17 20 27.8813 +38 14 31.81,8.851,222.66,6600,1.386,1.499,4.25,4.6276665,0.061,83.5,2.28,1.2,44.88,2,1582.7,0.6,2.2,37.76,31.28,X,0.11,,,HAT-P-14 b,HAT-P-14 b,1,HAT-P-14,1093.3352,200.2329,-200.2329,1.88,0.29,-0.24,1581,b,4.62767,0.06062,15.91678,1.34508,-1.34508,2.306,25/4/2018,1.82,6600,222.663,9.094,8.851
HAT-P-14,b,Transit,COM,1541,0,1,Executed,SOSS,X,SUBSTRIP256,NISRAPID,6,44720.24,44720.56,7.07,Espinoza,12,17 20 27.8812 +38 14 31.81,8.851,222.66,6600,1.386,1.499,4.25,4.6276665,0.061,83.5,2.28,1.2,44.88,2,1582.7,0.6,2.2,37.76,31.28,X,0.11,,,HAT-P-14 b,HAT-P-14 b,1,HAT-P-14,1093.3352,200.2329,-200.2329,1.88,0.29,-0.24,1581,b,4.62767,0.06062,15.91678,1.34508,-1.34508,2.306,25/4/2018,1.82,6600,222.663,9.094,8.851
HAT-P-18,b,Transit,COM,2734,0,1,Executed,SOSS,X,SUBSTRIP256,NISRAPID,9,44725.13,44725.5,8.18,Pontoppidan,12,17 05 23.1302 +33 00 44.37,10.234,161.4,4803,0.77,0.749,4.579,5.5080287,0.056,88.79,0.196,0.976,5.85,0.32,847.8,2.2,2.7,267.61,6.09,X,0.1,,,HAT-P-18 b,HAT-P-18 b,1,HAT-P-18,62.61,4.132,-4.132,0.25,0.04,-0.04,852,b,5.508023,0.0559,11.153,0.583,-0.583,2.7144,14/5/2014,0.749,4803,161.4,10.822,10.234
WASP-96,b,Transit,COM,2734,0,2,Executed,SOSS,X,SUBSTRIP256,NISRAPID,14,44733.11,44733.45,7.51,Pontoppidan,12,00 04 11.1377 -47 21 38.32,10.914,352.46,5540,1.06,1.05,4.42,3.4252566,0.045,85.6,0.485,1.225,9.17,0.4,1285.4,1.4,2.4,120.78,16.96,X,0.14,,,WASP-96 b,WASP-96 b,1,WASP-96,152.55,9.53,-9.53,0.37,0.05,-0.05,1285,b,3.4252602,0.0453,13.45,0.67,-0.67,2.4264,14/5/2014,1.05,5540,352.464,11.267,10.914
LTT 9779,b,PhaseC,GTO,1201,1,2,Executed,SOSS,X,SUBSTRIP256,NISRAPID,2,44749.01,44749.98,26.51,Lafreniere,12,23 54 40.5304 -37 37 41.61,8.016,80.44,5443,1.02,0.949,4.386,0.7920642,0.017,76.39,0.092,0.421,14.75,1.87,1973.2,0.1,0.5,184.25,33.89,X,0.27,,,LTT 9779 b,LTT 9779 b,1,LTT 9779,29.32,0.78,-0.81,1.536,0.123,-0.123,1978,b,0.792052,0.01679,4.72,0.23,-0.23,0.466,17/9/2020,0.949,5443,80.4373,8.446,8.016
WASP-39,b,Transit,ERS,1366,1,4,Executed,BOTS,PRISM,SUB512,NRSRAPID,5,44752.59,44752.99,10.52,Meech,0,14 29 18.3955 -03 26 40.20,10.202,213.98,5326.6,0.918,1.013,4.389,4.0552804,0.049,87.76,0.28,1.279,4.85,0.2,1173.1,2.2,2.8,324.05,20.93,X,-0.03,,,WASP-39 b,WASP-39 b,1,WASP-39,89.31023,10.17056,-10.17056,0.167,0.023,-0.023,1166,b,4.0552941,0.04828,14.336311,0.44836,-0.44836,2.8063409,27/11/2019,0.939,5485,213.982,10.663,10.202
TRAPPIST-1,c,Transit,GO,2420,1,1,Executed,BOTS,PRISM,SUB512S,NRSRAPID,3,44753.77,44754,6.25,Meech,0,23 06 30.3341 -05 02 36.46,10.296,-1,2559,0.09,0.118,5.24,2.421848,0.016,89.62,0.004,0.096,12.67,7.07,337.4,0.7,0.7,31.19,0,X,0.04,,,TRAPPIST-1 c,TRAPPIST-1 c,1,TRAPPIST-1,1.308,0.056,-0.056,5.463993,0.220545,-0.237085,339.7,c,2.421937,0.0158,1.097,0.014,-0.012,0.7005,14/11/2022,0.1192,2566,,11.354,10.296
HAT-P-1,b,Eclipse,GTO,1201,1,4,Executed,SOSS,X,SUBSTRIP256,NISRAPID,4,44754.94,44755.26,8.37,Lafreniere,12,22 57 45.9200 +38 40 27.20,8.858,158.98,5980,1.133,1.142,4.382,4.4652991,0.055,85.9,0.527,1.297,8.89,0.37,1310.7,1.4,2.8,292.8,39.56,X,0.13,,,HAT-P-1 b,HAT-P-1 b,1,HAT-P-1,166.86075,6.03877,-6.03877,0.282,0.01,-0.009,1322,b,4.46529976,0.05561,14.784671,0.212971,-0.212971,2.85,8/9/2015,1.174,5980,158.979,9.156,8.858
HD 149026,b,Transit,GTO,1274,1,4,Executed,GTS,GRISMR+F322W2,SUBGRISM64,BRIGHT2,5,44756.99,44757.38,10.53,Lunine,12,16 30 29.6185 +38 20 50.31,6.819,75.86,6160,1.3,1.45,4.278,2.8758911,0.043,84.55,0.358,0.74,18.5,1.34,1722.3,0.3,3.2,167.42,45.46,X,0.36,,,HD 149026 b,HD 149026 b,1,HD 149026,120.7754,19.0698,-19.0698,0.75,0.089,-0.077,1602,b,2.87589,0.04364,8.29466,0.22418,-0.22418,3.14,25/4/2018,1.41,6179,75.8643,7.118,6.819
TRAPPIST-1,g,Transit,GO,2589,1,6,Executed,BOTS,PRISM,SUB512,NRSRAPID,6,44759.15,44759.41,6.71,Lim,0,23 06 30.3341 -05 02 36.46,10.296,-1,2559,0.089,0.119,5.24,12.35294,0.047,89.71,0.004,0.101,11.61,6.17,196.9,0.8,1.1,20.46,0,X,0.05,,,TRAPPIST-1 g,TRAPPIST-1 g,1,TRAPPIST-1,1.321,0.038,-0.038,5.055986,0.13784,-0.159895,197.3,g,12.352446,0.04683,1.129,0.015,-0.013,1.137,14/11/2022,0.1192,2566,,11.354,10.296
TRAPPIST-1,b,Transit,GO,2589,1,1,Executed,SOSS,X,SUBSTRIP256,NISRAPID,18,44760.53,44760.78,6.47,Lim,0,23 06 30.3341 -05 02 36.46,10.296,-1,2562.5,0.09,0.117,5.258,1.51087,0.012,89.53,0.003,0.1,9.15,4.92,393.5,0.8,0.6,53.26,0.02,X,0.04,,,TRAPPIST-1 b,TRAPPIST-1 b,1,TRAPPIST-1,1.374,0.069,-0.069,5.441939,0.264654,-0.275681,802.86,b,1.510826,0.01154,1.116,0.014,-0.012,0.601,14/11/2022,0.1192,2566,,11.354,10.296
TRAPPIST-1,b,Transit,GO,2589,1,2,Executed,SOSS,X,SUBSTRIP256,NISRAPID,18,44762.04,44762.29,6.47,Lim,0,23 06 30.3341 -05 02 36.46,10.296,-1,2562.5,0.09,0.117,5.258,1.51087,0.012,89.53,0.003,0.1,9.15,4.92,393.5,0.8,0.6,53.26,0.02,X,0.04,,,TRAPPIST-1 b,TRAPPIST-1 b,1,TRAPPIST-1,1.374,0.069,-0.069,5.441939,0.264654,-0.275681,802.86,b,1.510826,0.01154,1.116,0.014,-0.012,0.601,14/11/2022,0.1192,2566,,11.354,10.296
GJ 1214,b,PhaseC,GO,1803,1,1,Executed,LRS,X,SLITLESSPRISM,FASTR1,42,44762.58,44764.35,48.61,Bean,12,17 15 19.5358 +04 57 38.45,8.782,14.64,3026,0.157,0.211,5,1.5804046,0.015,88.94,0.02,0.24,9.86,2.2,549.1,1.3,0.9,680.55,1.24,X,0.1,flat,yes,GJ 1214 b,GJ 1214 b,1,GJ 1214,8.41,0.36,-0.35,2.26,0.11,-0.11,567,b,1.580404531,0.01505,2.733,0.033,-0.031,0.86966,25/3/2024,0.2162,3101,14.6427,9.75,8.782
WASP-39,b,Transit,ERS,1366,1,2,Executed,GTS,GRISMR+F322W2,SUBGRISM256,SHALLOW4,12,44764.76,44765.15,10.45,Meech,0,14 29 18.3955 -03 26 40.20,10.202,213.98,5326.6,0.918,1.013,4.389,4.0552804,0.049,87.76,0.28,1.279,4.85,0.2,1173.1,2.2,2.8,324.05,20.93,X,-0.03,,,WASP-39 b,WASP-39 b,1,WASP-39,89.31023,10.17056,-10.17056,0.167,0.023,-0.023,1166,b,4.0552941,0.04828,14.336311,0.44836,-0.44836,2.8063409,27/11/2019,0.939,5485,213.982,10.663,10.202
WASP-39,b,Transit,ERS,1366,1,1,Executed,SOSS,X,SUBSTRIP256,NISRAPID,9,44768.83,44769.21,10.67,Meech,0,14 29 18.3955 -03 26 40.20,10.202,213.98,5326.6,0.918,1.013,4.389,4.0552804,0.049,87.76,0.28,1.279,4.85,0.2,1173.1,2.2,2.8,324.05,20.93,X,-0.03,,,WASP-39 b,WASP-39 b,1,WASP-39,89.31023,10.17056,-10.17056,0.167,0.023,-0.023,1166,b,4.0552941,0.04828,14.336311,0.44836,-0.44836,2.8063409,27/11/2019,0.939,5485,213.982,10.663,10.202
WASP-39,b,Transit,ERS,1366,1,3,Executed,BOTS,G395H,SUB2048,NRSRAPID,70,44772.87,44773.26,10.56,Meech,0,14 29 18.3955 -03 26 40.20,10.202,213.98,5326.6,0.918,1.013,4.389,4.0552804,0.049,87.76,0.28,1.279,4.85,0.2,1173.1,2.2,2.8,324.05,20.93,X,-0.03,,,WASP-39 b,WASP-39 b,1,WASP-39,89.31023,10.17056,-10.17056,0.167,0.023,-0.023,1166,b,4.0552941,0.04828,14.336311,0.44836,-0.44836,2.8063409,27/11/2019,0.939,5485,213.982,10.663,10.202
HD 149026,b,Transit,GTO,1274,1,5,Executed,GTS,GRISMR+F444W,SUBGRISM64,BRIGHT2,9,44777.12,44777.52,10.53,Lunine,12,16 30 29.6185 +38 20 50.31,6.819,75.86,6160,1.3,1.45,4.278,2.8758911,0.043,84.55,0.358,0.74,18.5,1.34,1722.3,0.3,3.2,167.42,45.46,X,0.36,,,HD 149026 b,HD 149026 b,1,HD 149026,120.7754,19.0698,-19.0698,0.75,0.089,-0.077,1602,b,2.87589,0.04364,8.29466,0.22418,-0.22418,3.14,25/4/2018,1.41,6179,75.8643,7.118,6.819
WASP-18,b,Eclipse,ERS,1366,1,21,Executed,SOSS,X,SUBSTRIP96,NISRAPID,3,44784.16,44784.5,8.81,Meech,0,01 37 25.0708 -45 40 40.06,8.131,123.48,6400,1.274,1.26,4.366,0.9414524,0.02,85,10.39,1.191,207.61,9.33,2432.6,0.9,2.2,24.55,186.65,X,0.05,,,WASP-18 b,WASP-18 b,1,WASP-18,3241.849751,111.2399425,-111.2399425,6.6,1.2,-1.1,2429,b,0.94145223,0.02024,13.89913607,0.88550948,-0.88550948,2.21,31/1/2022,1.319,6432,123.483,8.409,8.131
HD 189733,b,Transit,GO,1633,1,3,Executed,MRS,X,FULL,FASTR1,30,44796.07,44796.37,7.98,Deming,12,20 00 43.7093 +22 42 35.19,5.541,19.76,5031.5,0.828,0.766,4.582,2.2185752,0.031,85.71,1.144,1.139,24.99,1.17,1204.9,2.3,1.8,861.48,299.93,X,-0.03,,,HD 189733 b,HD 189733 b,1,HD 189733,359.1479,25.4264,-25.4264,1.031,0.106,-0.09,1101.7,b,2.21857567,0.03126,12.66617,0.11209,-0.11209,1.8233621,3/12/2018,0.75,5052,19.7638,6.073,5.541
WASP-77 A,b,Eclipse,GTO,1274,1,10,Executed,BOTS,G395H,SUB2048,NRSRAPID,17,44797.88,44798.19,8.47,Lunine,12,02 28 37.2266 -07 03 38.37,8.405,105.17,5500,1.002,0.955,4.33,1.3600293,0.024,89.4,1.76,1.21,34.07,1.51,1673.7,1.7,2.2,160.44,147.22,X,0,,,WASP-77 A b,WASP-77 A b,1,WASP-77 A,529.311429,0.14302278,-0.14302278,1.115,0.052,-0.062,1544.01,b,1.360029395,0.023233633,13.09118126,0.60228205,-0.60228205,2.1652751,19/5/2025,0.91,5617,105.166,8.766,8.405
HD 189733,b,Transit,GO,1633,1,5,Executed,GTS,GRISMR+F444W,SUBGRISM64,BRIGHT1,4,44798.29,44798.59,7.85,Deming,12,20 00 43.7093 +22 42 35.19,5.541,19.76,5031.5,0.828,0.766,4.582,2.2185752,0.031,85.71,1.144,1.139,24.99,1.17,1204.9,2.3,1.8,861.48,299.93,X,-0.03,,,HD 189733 b,HD 189733 b,1,HD 189733,359.1479,25.4264,-25.4264,1.031,0.106,-0.09,1101.7,b,2.21857567,0.03126,12.66617,0.11209,-0.11209,1.8233621,3/12/2018,0.75,5052,19.7638,6.073,5.541
HD 189733,b,Eclipse,GTO,1274,1,1,Executed,GTS,GRISMR+F322W2,SUBGRISM64,BRIGHT2,2,44799.41,44799.69,7.44,Lunine,12,20 00 43.7128 +22 42 39.07,5.541,19.76,5031.5,0.828,0.766,4.582,2.2185752,0.031,85.71,1.144,1.139,24.99,1.17,1204.9,2.3,1.8,861.48,299.93,X,-0.03,,,HD 189733 b,HD 189733 b,1,HD 189733,359.1479,25.4264,-25.4264,1.031,0.106,-0.09,1101.7,b,2.21857567,0.03126,12.66617,0.11209,-0.11209,1.8233621,3/12/2018,0.75,5052,19.7638,6.073,5.541
LTT 1445 A,b,Eclipse,GO,2708,1,1,Executed,LRS,X,SLITLESSPRISM,FASTR1,5,44800.67,44800.98,8,Berta-Thompson,12,03 01 50.9800 -16 35 40.32,6.496,6.87,3340,0.256,0.276,4.967,5.3587657,0.038,89.4,0.008,0.121,15.3,6.75,433.6,0.2,1.4,44.25,0.05,X,-0.34,,,LTT 1445 A b,LTT 1445 A b,1,LTT 1445 A,2.32,0.25,-0.25,4.36,0.74,-0.74,555,b,5.35876,0.022,1.18,0.06,-0.06,1.392,22/8/2023,0.265,3340,6.86929,7.294,6.496
WD 1856+534,b,Transit,GO,2358,1,1,Executed,BOTS,PRISM,SUB2048,NRSRAPID,33,44802.62,44802.65,3.33,MacDonald,12,18 57 39.3437 +53 30 33.30,15.548,24.74,5245,0.518,0.013,6.176,1.4079387,0.02,88.78,13.8,0.928,454.37,26.2,202.7,52.6,0.2,221.31,0,X,-999,,,WD 1856+534 b,WD 1856+534 b,1,WD 1856+534,4386.054,,,,,,163,b,1.4079405,0.0204,10.4,1,-1,0.1333,10/12/2020,0.0131,4710,24.7359,15.677,15.548
HD 189733,b,Transit,GO,1633,1,4,Executed,GTS,GRISMR+F322W2,SUBGRISM64,BRIGHT1,3,44802.73,44803.03,7.81,Deming,12,20 00 43.7093 +22 42 35.19,5.541,19.76,5031.5,0.828,0.766,4.582,2.2185752,0.031,85.71,1.144,1.139,24.99,1.17,1204.9,2.3,1.8,861.48,299.93,X,-0.03,,,HD 189733 b,HD 189733 b,1,HD 189733,359.1479,25.4264,-25.4264,1.031,0.106,-0.09,1101.7,b,2.21857567,0.03126,12.66617,0.11209,-0.11209,1.8233621,3/12/2018,0.75,5052,19.7638,6.073,5.541
WD 1856+534,b,Transit,GO,2358,1,2,Executed,BOTS,PRISM,SUB2048,NRSRAPID,33,44804.03,44804.07,3.33,MacDonald,12,18 57 39.3437 +53 30 33.30,15.548,24.74,5245,0.518,0.013,6.176,1.4079387,0.02,88.78,13.8,0.928,454.37,26.2,202.7,52.6,0.2,221.31,0,X,-999,,,WD 1856+534 b,WD 1856+534 b,1,WD 1856+534,4386.054,,,,,,163,b,1.4079405,0.0204,10.4,1,-1,0.1333,10/12/2020,0.0131,4710,24.7359,15.677,15.548
LHS 475,b,Transit,GO,1981,1,41,Executed,BOTS,G395H,SUB2048,NRSRAPID,9,44804.72,44804.91,4.4,Stevenson,0,19 20 57.1076 -82 33 35.24,7.686,12.48,3289,0.268,0.286,4.967,2.029101,0.02,87.29,-1,0.088,-1,-1,594.3,0.1,0.7,-1,0.24,X,-999,,,LHS 475 b,LHS 475 b,1,LHS 475,,,,,,,586,b,2.029088,0.02037,0.991,0.05,-0.05,0.725,19/9/2023,0.2789,3300,12.4814,8.555,7.686
WD 1856+534,b,Transit,GO,2358,1,4,Executed,BOTS,PRISM,SUB2048,NRSRAPID,33,44808.26,44808.28,3.33,MacDonald,12,18 57 39.3437 +53 30 33.30,15.548,24.74,5245,0.518,0.013,6.176,1.4079387,0.02,88.78,13.8,0.928,454.37,26.2,202.7,52.6,0.2,221.31,0,X,-999,,,WD 1856+534 b,WD 1856+534 b,1,WD 1856+534,4386.054,,,,,,163,b,1.4079405,0.0204,10.4,1,-1,0.1333,10/12/2020,0.0131,4710,24.7359,15.677,15.548
LHS 475,b,Transit,GO,1981,1,43,Executed,BOTS,G395H,SUB2048,NRSRAPID,9,44808.78,44808.96,4.4,Stevenson,0,19 20 57.1076 -82 33 35.24,7.686,12.48,3289,0.268,0.286,4.967,2.029101,0.02,87.29,-1,0.088,-1,-1,594.3,0.1,0.7,-1,0.24,X,-999,,,LHS 475 b,LHS 475 b,1,LHS 475,,,,,,,586,b,2.029088,0.02037,0.991,0.05,-0.05,0.725,19/9/2023,0.2789,3300,12.4814,8.555,7.686
HD 189733,b,Transit,GO,2001,1,1,Executed,LRS,X,SLITLESSPRISM,FASTR1,5,44820.51,44820.76,6.4,Min,12,20 00 43.7093 +22 42 35.19,5.541,19.76,5031.5,0.828,0.766,4.582,2.2185752,0.031,85.71,1.144,1.139,24.99,1.17,1204.9,2.3,1.8,861.48,299.93,X,-0.03,,,HD 189733 b,HD 189733 b,1,HD 189733,359.1479,25.4264,-25.4264,1.031,0.106,-0.09,1101.7,b,2.21857567,0.03126,12.66617,0.11209,-0.11209,1.8233621,3/12/2018,0.75,5052,19.7638,6.073,5.541
WASP-80,b,Transit,GTO,1177,1,1,Executed,LRS,X,SLITLESSPRISM,FASTR1,29,44828.02,44828.32,7.9,Greene,12,20 12 40.0319 -02 08 39.97,8.351,49.79,4145,0.57,0.571,4.668,3.0678527,0.034,89.02,0.55,0.969,16.6,0.92,814.3,2.9,2.1,367.92,25.26,X,-0.14,,,WASP-80 b,WASP-80 b,1,WASP-80,170.99254,11.12405,-11.44188,0.717,0.039,-0.032,825,b,3.06785234,0.0344,11.197791,0.33627,-0.347479,2.131,16/4/2015,0.586,4143,49.7876,9.218,8.351
HD 189733,b,Eclipse,GO,2021,1,1,Failed,LRS,X,SLITLESSPRISM,FASTR1,5,44828.33,44828.55,6.22,Kilpatrick,12,20 00 43.7093 +22 42 35.19,5.541,19.76,5031.5,0.828,0.766,4.582,2.2185752,0.031,85.71,1.144,1.139,24.99,1.17,1204.9,2.3,1.8,861.48,299.93,X,-0.03,,,HD 189733 b,HD 189733 b,1,HD 189733,359.1479,25.4264,-25.4264,1.031,0.106,-0.09,1101.7,b,2.21857567,0.03126,12.66617,0.11209,-0.11209,1.8233621,3/12/2018,0.75,5052,19.7638,6.073,5.541
WASP-80,b,Eclipse,GTO,1177,1,2,Executed,LRS,X,SLITLESSPRISM,FASTR1,29,44829.55,44829.85,7.9,Greene,12,20 12 40.0319 -02 08 39.97,8.351,49.79,4145,0.57,0.571,4.668,3.0678527,0.034,89.02,0.55,0.969,16.6,0.92,814.3,2.9,2.1,367.92,25.26,X,-0.14,,,WASP-80 b,WASP-80 b,1,WASP-80,170.99254,11.12405,-11.44188,0.717,0.039,-0.032,825,b,3.06785234,0.0344,11.197791,0.33627,-0.347479,2.131,16/4/2015,0.586,4143,49.7876,9.218,8.351
LHS 475,b,Transit,GO,1981,1,44,Executed,BOTS,G395H,SUB2048,NRSRAPID,9,44831.13,44831.16,4.53,Stevenson,0,19 20 57.1076 -82 33 35.24,7.686,12.48,3289,0.268,0.286,4.967,2.029101,0.02,87.29,-1,0.088,-1,-1,594.3,0.1,0.7,-1,0.24,X,-999,,,LHS 475 b,LHS 475 b,1,LHS 475,,,,,,,586,b,2.029088,0.02037,0.991,0.05,-0.05,0.725,19/9/2023,0.2789,3300,12.4814,8.555,7.686
HD 189733,b,Eclipse,GTO,1185,1,1,Executed,GTS,GRISMR+F444W,SUBGRISM64,BRIGHT2,4,44832.69,44832.97,7.39,Greene,12,20 00 43.7093 +22 42 35.19,5.541,19.76,5031.5,0.828,0.766,4.582,2.2185752,0.031,85.71,1.144,1.139,24.99,1.17,1204.9,2.3,1.8,861.48,299.93,X,-0.03,,,HD 189733 b,HD 189733 b,1,HD 189733,359.1479,25.4264,-25.4264,1.031,0.106,-0.09,1101.7,b,2.21857567,0.03126,12.66617,0.11209,-0.11209,1.8233621,3/12/2018,0.75,5052,19.7638,6.073,5.541
WASP-121,b,PhaseC,GO,1729,1,1,Executed,BOTS,G395H,SUB2048,NRSRAPID,42,44848.3,44849.92,44.8,Mikal-Evans,12,07 10 24.0555 -39 05 50.17,9.374,269.9,6459,1.353,1.458,4.242,1.274925,0.025,88.04,1.17,1.8,10.24,0.3,2357.9,1.7,2.9,307.36,165.69,X,0.13,,,WASP-121 b,WASP-121 b,1,WASP-121,367.7274669,22.24798849,-22.24798849,0.266,0.024,-0.022,2473,b,1.27492504,0.02596,19.64934317,0.40352331,-0.40352331,2.9053,1/8/2022,1.458,6459,269.898,9.625,9.374
HD 189733,b,Eclipse,GO,2021,1,2,Executed,LRS,X,SLITLESSPRISM,FASTR1,5,44852.69,44852.94,6.22,Kilpatrick,12,20 00 43.7093 +22 42 35.19,5.541,19.76,5031.5,0.828,0.766,4.582,2.2185752,0.031,85.71,1.144,1.139,24.99,1.17,1204.9,2.3,1.8,861.48,299.93,X,-0.03,,,HD 189733 b,HD 189733 b,1,HD 189733,359.1479,25.4264,-25.4264,1.031,0.106,-0.09,1101.7,b,2.21857567,0.03126,12.66617,0.11209,-0.11209,1.8233621,3/12/2018,0.75,5052,19.7638,6.073,5.541
WASP-69,b,Eclipse,GTO,1185,1,6,Executed,GTS,GRISMR+F322W2,SUBGRISM256,BRIGHT2,3,44859.36,44859.67,8.12,Greene,12,21 00 6.2319 -05 05 41.49,7.459,49.96,4715,0.826,0.813,4.535,3.8681389,0.045,86.71,0.26,1.057,6.6,0.33,963.7,1.8,2.2,889.27,41.77,X,0.14,,,WASP-69 b,WASP-69 b,1,WASP-69,82.58,5.37,-5.37,0.262,0.047,-0.039,971,b,3.86813881,0.0453,11.21,0.22,-0.22,2.1869,28/8/2025,0.801,4792,49.9605,8.032,7.459
TRAPPIST-1,c,Eclipse,GO,2304,1,1,Executed,F1500W,X,FULL,FASTR1,13,44861.54,44861.72,4.48,Kreidberg,12,23 06 30.3341 -05 02 36.46,10.296,-1,2559,0.09,0.118,5.24,2.421848,0.016,89.62,0.004,0.096,12.67,7.07,337.4,0.7,0.7,31.19,0,X,0.04,,,TRAPPIST-1 c,TRAPPIST-1 c,1,TRAPPIST-1,1.308,0.056,-0.056,5.463993,0.220545,-0.237085,339.7,c,2.421937,0.0158,1.097,0.014,-0.012,0.7005,14/11/2022,0.1192,2566,,11.354,10.296
TRAPPIST-1,f,Transit,GTO,1201,1,101,Executed,SOSS,X,SUBSTRIP256,NISRAPID,18,44862.37,44862.58,5.03,Lafreniere,12,23 06 30.3652 -05 02 36.70,10.296,-1,2559,0.089,0.119,5.24,9.207115,0.039,89.68,0.003,0.093,9.58,5.5,217.1,0.7,1,25.31,0,X,0.05,,,TRAPPIST-1 f,TRAPPIST-1 f,1,TRAPPIST-1,1.039,0.031,-0.031,5.022904,0.13784,-0.159895,217.7,f,9.20754,0.03849,1.045,0.013,-0.012,1.048,14/11/2022,0.1192,2566,,11.354,10.296
TRAPPIST-1,c,Transit,GO,2589,1,3,Executed,SOSS,X,SUBSTRIP256,NISRAPID,18,44862.74,44862.98,6.67,Lim,0,23 06 30.3341 -05 02 36.46,10.296,-1,2559,0.09,0.118,5.24,2.421848,0.016,89.62,0.004,0.096,12.67,7.07,337.4,0.7,0.7,31.19,0,X,0.04,,,TRAPPIST-1 c,TRAPPIST-1 c,1,TRAPPIST-1,1.308,0.056,-0.056,5.463993,0.220545,-0.237085,339.7,c,2.421937,0.0158,1.097,0.014,-0.012,0.7005,14/11/2022,0.1192,2566,,11.354,10.296
WASP-80,b,Eclipse,GTO,1185,1,4,Executed,GTS,GRISMR+F322W2,SUBGRISM256,BRIGHT2,6,44863.31,44863.6,7.85,Greene,12,20 12 40.0319 -02 08 39.97,8.351,49.79,4145,0.57,0.571,4.668,3.0678527,0.034,89.02,0.55,0.969,16.6,0.92,814.3,2.9,2.1,367.92,25.26,X,-0.14,,,WASP-80 b,WASP-80 b,1,WASP-80,170.99254,11.12405,-11.44188,0.717,0.039,-0.032,825,b,3.06785234,0.0344,11.197791,0.33627,-0.347479,2.131,16/4/2015,0.586,4143,49.7876,9.218,8.351
TRAPPIST-1,c,Eclipse,GO,2304,1,3,Executed,F1500W,X,FULL,FASTR1,13,44863.96,44864.14,4.46,Kreidberg,12,23 06 30.3341 -05 02 36.46,10.296,-1,2559,0.09,0.118,5.24,2.421848,0.016,89.62,0.004,0.096,12.67,7.07,337.4,0.7,0.7,31.19,0,X,0.04,,,TRAPPIST-1 c,TRAPPIST-1 c,1,TRAPPIST-1,1.308,0.056,-0.056,5.463993,0.220545,-0.237085,339.7,c,2.421937,0.0158,1.097,0.014,-0.012,0.7005,14/11/2022,0.1192,2566,,11.354,10.296
WASP-80,b,Transit,GTO,1185,1,2,Executed,GTS,GRISMR+F322W2,SUBGRISM256,BRIGHT2,6,44864.86,44865.15,7.85,Greene,12,20 12 40.0319 -02 08 39.97,8.351,49.79,4145,0.57,0.571,4.668,3.0678527,0.034,89.02,0.55,0.969,16.6,0.92,814.3,2.9,2.1,367.92,25.26,X,-0.14,,,WASP-80 b,WASP-80 b,1,WASP-80,170.99254,11.12405,-11.44188,0.717,0.039,-0.032,825,b,3.06785234,0.0344,11.197791,0.33627,-0.347479,2.131,16/4/2015,0.586,4143,49.7876,9.218,8.351
GJ 3470,b,Transit,GTO,1185,1,16,Executed,GTS,GRISMR+F322W2,SUBGRISM256,BRIGHT2,4,44865.57,44865.86,7.49,Greene,12,07 59 5.6405 +15 23 28.35,7.989,29.42,3600,0.524,0.5,4.738,3.3366496,0.036,88.88,0.044,0.37,9.05,1.31,651.3,0.6,1.9,353.73,1.9,X,0.2,clear,yes,GJ 3470 b,GJ 3470 b,1,GJ 3470,13.9,1.5,-1.5,0.8,0.13,-0.13,593.5,b,3.3366496,0.0355,4.57,0.18,-0.18,1.8580034,28/1/2019,0.547,3600,29.4214,8.794,7.989
HD 80606,b,Eclipse,GO,2488,1,1,Executed,BOTS,G395H,SUB2048,NRSRAPID,5,44866.21,44867.13,25.11,Sikora,12,09 22 37.6680 +50 36 13.60,7.316,66.47,5569.4,1.018,1.038,4.408,111.43639,0.456,89.26,4.115,1.003,115.94,6.18,405.1,1.1,11.9,13.21,0.04,X,0.34,,,HD 80606 b,HD 80606 b,1,HD 80606,1392.0954,235.1942,-235.1942,5.06,0.38,-0.35,405,b,111.4367,0.4602,11.99363,0.33627,-0.33627,11.9,25/4/2018,1.04,5561,66.4711,7.702,7.316
GJ 3470,b,Transit,GTO,1185,1,17,Executed,GTS,GRISMR+F444W,SUBGRISM256,BRIGHT2,7,44868.9,44869.19,7.49,Greene,12,07 59 5.6405 +15 23 28.35,7.989,29.42,3600,0.524,0.5,4.738,3.3366496,0.036,88.88,0.044,0.37,9.05,1.31,651.3,0.6,1.9,353.73,1.9,X,0.2,,,GJ 3470 b,GJ 3470 b,1,GJ 3470,13.9,1.5,-1.5,0.8,0.13,-0.13,593.5,b,3.3366496,0.0355,4.57,0.18,-0.18,1.8580034,28/1/2019,0.547,3600,29.4214,8.794,7.989
TRAPPIST-1,d,Transit,GTO,1201,1,112,Executed,BOTS,PRISM,SUB512,NRSRAPID,6,44870.62,44870.8,4.61,Lafreniere,12,23 06 30.3652 -05 02 36.70,10.296,-1,2559,0.089,0.119,5.24,4.04961,0.022,89.75,0.001,0.07,7.07,5.41,285.5,0.4,0.8,33.83,0,X,0.05,,,TRAPPIST-1 d,TRAPPIST-1 d,1,TRAPPIST-1,0.388,0.012,-0.012,4.366784,0.154381,-0.165408,286.2,d,4.049219,0.02227,0.788,0.011,-0.01,0.8145,14/11/2022,0.1192,2566,,11.354,10.296
TRAPPIST-1,c,Eclipse,GO,2304,1,4,Executed,F1500W,X,FULL,FASTR1,13,44871.24,44871.41,4.46,Kreidberg,12,23 06 30.3341 -05 02 36.46,10.296,-1,2559,0.09,0.118,5.24,2.421848,0.016,89.62,0.004,0.096,12.67,7.07,337.4,0.7,0.7,31.19,0,X,0.04,,,TRAPPIST-1 c,TRAPPIST-1 c,1,TRAPPIST-1,1.308,0.056,-0.056,5.463993,0.220545,-0.237085,339.7,c,2.421937,0.0158,1.097,0.014,-0.012,0.7005,14/11/2022,0.1192,2566,,11.354,10.296
HD 209458,b,Transit,GTO,1274,1,3,Executed,GTS,GRISMR+F444W,SUBGRISM64,BRIGHT1,6,44871.46,44871.85,10.3,Lunine,12,22 03 10.7728 +18 53 3.55,6.308,48.3,6065,1.119,1.18,4.361,3.5247486,0.047,86.71,0.685,1.38,10.2,0.4,1464.3,1.6,3,920.51,191.81,X,0,,,HD 209458 b,HD 209458 b,1,HD 209458,232.0159,12.7132,-12.7132,0.333,0.014,-0.013,1371,b,3.52474859,0.04634,15.58051,0.22418,-0.22418,2.958,3/12/2018,1.19,6091,48.3016,6.591,6.308
TRAPPIST-1,b,Eclipse,GTO,1177,1,7,Executed,F1500W,X,FULL,FASTR1,14,44873.1,44873.32,5.8,Greene,12,23 06 30.3341 -05 02 36.46,10.296,-1,2562.5,0.09,0.117,5.258,1.51087,0.012,89.53,0.003,0.1,9.15,4.92,393.5,0.8,0.6,53.26,0.02,X,0.04,,,TRAPPIST-1 b,TRAPPIST-1 b,1,TRAPPIST-1,1.374,0.069,-0.069,5.441939,0.264654,-0.275681,802.86,b,1.510826,0.01154,1.116,0.014,-0.012,0.601,14/11/2022,0.1192,2566,,11.354,10.296
TRAPPIST-1,d,Transit,GTO,1201,1,111,Executed,BOTS,PRISM,SUB512,NRSRAPID,6,44874.68,44874.85,4.61,Lafreniere,12,23 06 30.3652 -05 02 36.70,10.296,-1,2559,0.089,0.119,5.24,4.04961,0.022,89.75,0.001,0.07,7.07,5.41,285.5,0.4,0.8,33.83,0,X,0.05,,,TRAPPIST-1 d,TRAPPIST-1 d,1,TRAPPIST-1,0.388,0.012,-0.012,4.366784,0.154381,-0.165408,286.2,d,4.049219,0.02227,0.788,0.011,-0.01,0.8145,14/11/2022,0.1192,2566,,11.354,10.296
HD 209458,b,Transit,GTO,1274,1,2,Executed,GTS,GRISMR+F322W2,SUBGRISM64,BRIGHT2,4,44875,44875.37,10.31,Lunine,12,22 03 10.7728 +18 53 3.55,6.308,48.3,6065,1.119,1.18,4.361,3.5247486,0.047,86.71,0.685,1.38,10.2,0.4,1464.3,1.6,3,920.51,191.81,X,0,,,HD 209458 b,HD 209458 b,1,HD 209458,232.0159,12.7132,-12.7132,0.333,0.014,-0.013,1371,b,3.52474859,0.04634,15.58051,0.22418,-0.22418,2.958,3/12/2018,1.19,6091,48.3016,6.591,6.308
TRAPPIST-1,b,Eclipse,GTO,1177,1,11,Executed,F1500W,X,FULL,FASTR1,14,44877.63,44877.86,5.8,Greene,12,23 06 30.3341 -05 02 36.46,10.296,-1,2562.5,0.09,0.117,5.258,1.51087,0.012,89.53,0.003,0.1,9.15,4.92,393.5,0.8,0.6,53.26,0.02,X,0.04,,,TRAPPIST-1 b,TRAPPIST-1 b,1,TRAPPIST-1,1.374,0.069,-0.069,5.441939,0.264654,-0.275681,802.86,b,1.510826,0.01154,1.116,0.014,-0.012,0.601,14/11/2022,0.1192,2566,,11.354,10.296
55 Cnc,e,Eclipse,GO,2084,1,1,Executed,GTS,GRISMR+F444W,SUBGRISM64,RAPID,2,44883.56,44883.8,6.25,Brandeker,12,08 52 35.2410 +28 19 47.34,4.015,12.59,5250,0.905,0.964,4.425,0.7365462,0.016,84.65,0.025,0.172,24.24,7.52,1983.8,0,1.6,309.73,37.28,X,0.35,,,55 Cnc e,55 Cnc e,1,55 Cnc,7.99,0.32,-0.33,6.66,0.43,-0.4,1831.27,e,0.7365474,0.01544,1.875,0.029,-0.029,1.5439,5/2/2021,0.943,5172,12.5855,4.768,4.015
TRAPPIST-1,b,Eclipse,GTO,1177,1,8,Executed,F1500W,X,FULL,FASTR1,14,44885.18,44885.41,5.8,Greene,12,23 06 30.3341 -05 02 36.46,10.296,-1,2562.5,0.09,0.117,5.258,1.51087,0.012,89.53,0.003,0.1,9.15,4.92,393.5,0.8,0.6,53.26,0.02,X,0.04,,,TRAPPIST-1 b,TRAPPIST-1 b,1,TRAPPIST-1,1.374,0.069,-0.069,5.441939,0.264654,-0.275681,802.86,b,1.510826,0.01154,1.116,0.014,-0.012,0.601,14/11/2022,0.1192,2566,,11.354,10.296
55 Cnc,e,Eclipse,GO,2084,1,2,Executed,GTS,GRISMR+F444W,SUBGRISM64,RAPID,2,44885.79,44886.01,6.25,Brandeker,12,08 52 35.2410 +28 19 47.34,4.015,12.59,5250,0.905,0.964,4.425,0.7365462,0.016,84.65,0.025,0.172,24.24,7.52,1983.8,0,1.6,309.73,37.28,X,0.35,,,55 Cnc e,55 Cnc e,1,55 Cnc,7.99,0.32,-0.33,6.66,0.43,-0.4,1831.27,e,0.7365474,0.01544,1.875,0.029,-0.029,1.5439,5/2/2021,0.943,5172,12.5855,4.768,4.015
TRAPPIST-1,b,Eclipse,GTO,1279,1,6,Executed,F1280W,X,FULL,FASTR1,17,44886.69,44886.91,5.25,Lagage,12,23 06 29.3600 -05 02 29.20,10.296,-1,2562.5,0.09,0.117,5.258,1.51087,0.012,89.53,0.003,0.1,9.15,4.92,393.5,0.8,0.6,53.26,0.02,X,0.04,,,TRAPPIST-1 b,TRAPPIST-1 b,1,TRAPPIST-1,1.374,0.069,-0.069,5.441939,0.264654,-0.275681,802.86,b,1.510826,0.01154,1.116,0.014,-0.012,0.601,14/11/2022,0.1192,2566,,11.354,10.296
55 Cnc,e,Eclipse,GO,2084,1,3,Executed,GTS,GRISMR+F444W,SUBGRISM64,RAPID,2,44887.99,44888.22,6.25,Brandeker,12,08 52 35.2410 +28 19 47.34,4.015,12.59,5250,0.905,0.964,4.425,0.7365462,0.016,84.65,0.025,0.172,24.24,7.52,1983.8,0,1.6,309.73,37.28,X,0.35,,,55 Cnc e,55 Cnc e,1,55 Cnc,7.99,0.32,-0.33,6.66,0.43,-0.4,1831.27,e,0.7365474,0.01544,1.875,0.029,-0.029,1.5439,5/2/2021,0.943,5172,12.5855,4.768,4.015
55 Cnc,e,Eclipse,GO,1952,1,1,Executed,GTS,GRISMR+F444W,SUBGRISM64,RAPID,2,44889.45,44889.73,7.7,Hu,12,08 52 35.8113 +28 19 50.96,4.015,12.59,5250,0.905,0.964,4.425,0.7365462,0.016,84.65,0.025,0.172,24.24,7.52,1983.8,0,1.6,309.73,37.28,X,0.35,,,55 Cnc e,55 Cnc e,1,55 Cnc,7.99,0.32,-0.33,6.66,0.43,-0.4,1831.27,e,0.7365474,0.01544,1.875,0.029,-0.029,1.5439,5/2/2021,0.943,5172,12.5855,4.768,4.015
TRAPPIST-1,b,Eclipse,GTO,1177,1,9,Executed,F1500W,X,FULL,FASTR1,14,44889.73,44889.96,5.8,Greene,12,23 06 30.3341 -05 02 36.46,10.296,-1,2562.5,0.09,0.117,5.258,1.51087,0.012,89.53,0.003,0.1,9.15,4.92,393.5,0.8,0.6,53.26,0.02,X,0.04,,,TRAPPIST-1 b,TRAPPIST-1 b,1,TRAPPIST-1,1.374,0.069,-0.069,5.441939,0.264654,-0.275681,802.86,b,1.510826,0.01154,1.116,0.014,-0.012,0.601,14/11/2022,0.1192,2566,,11.354,10.296
WASP-52,b,Transit,GTO,1201,1,501,Executed,SOSS,X,SUBSTRIP256,NISRAPID,10,44892.24,44892.48,6.12,Lafreniere,12,23 13 58.7504 +08 45 39.89,10.086,174.82,5000,0.87,0.79,4.503,1.7497812,0.027,85.35,0.46,1.27,8.08,0.34,1300.2,2.9,1.9,371.56,57.4,X,0.03,,,WASP-52 b,WASP-52 b,1,WASP-52,146.2,6.36,-6.36,0.29,0.03,-0.03,1315,b,1.7497798,0.0272,14.24,0.34,-0.34,1.8096,14/5/2014,0.79,5000,174.818,10.588,10.086
TRAPPIST-1,c,Eclipse,GO,2304,1,2,Executed,F1500W,X,FULL,FASTR1,13,44895.45,44895.63,4.57,Kreidberg,12,23 06 30.3341 -05 02 36.46,10.296,-1,2559,0.09,0.118,5.24,2.421848,0.016,89.62,0.004,0.096,12.67,7.07,337.4,0.7,0.7,31.19,0,X,0.04,,,TRAPPIST-1 c,TRAPPIST-1 c,1,TRAPPIST-1,1.308,0.056,-0.056,5.463993,0.220545,-0.237085,339.7,c,2.421937,0.0158,1.097,0.014,-0.012,0.7005,14/11/2022,0.1192,2566,,11.354,10.296
WASP-43,b,PhaseC,ERS,1366,1,11,Executed,LRS,X,SLITLESSPRISM,FASTR1,64,44895.98,44897.14,31.82,Meech,0,10 19 37.9649 -09 48 23.19,9.267,86.75,4400,0.65,0.667,4.573,0.8134741,0.015,82.11,1.899,1.006,53.19,2.83,1433.1,2.6,1.2,100.86,124.96,X,-0.05,,,WASP-43 b,WASP-43 b,1,WASP-43,565.714,31.782,-31.782,2.939,0.971,-0.545,1302.84,b,0.813475,0.0142,10.424,0.785,-1.009,1.1592,14/5/2014,0.6,4400,86.7467,9.995,9.267
TRAPPIST-1,b,Eclipse,GTO,1177,1,10,Executed,F1500W,X,FULL,FASTR1,14,44898.81,44899.03,5.9,Greene,12,23 06 30.3341 -05 02 36.46,10.296,-1,2562.5,0.09,0.117,5.258,1.51087,0.012,89.53,0.003,0.1,9.15,4.92,393.5,0.8,0.6,53.26,0.02,X,0.04,,,TRAPPIST-1 b,TRAPPIST-1 b,1,TRAPPIST-1,1.374,0.069,-0.069,5.441939,0.264654,-0.275681,802.86,b,1.510826,0.01154,1.116,0.014,-0.012,0.601,14/11/2022,0.1192,2566,,11.354,10.296
TRAPPIST-1,g,Transit,GO,2589,1,7,Executed,BOTS,PRISM,SUB512,NRSRAPID,6,44907.36,44907.62,6.74,Lim,0,23 06 30.3341 -05 02 36.46,10.296,-1,2559,0.089,0.119,5.24,12.35294,0.047,89.71,0.004,0.101,11.61,6.17,196.9,0.8,1.1,20.46,0,X,0.05,,,TRAPPIST-1 g,TRAPPIST-1 g,1,TRAPPIST-1,1.321,0.038,-0.038,5.055986,0.13784,-0.159895,197.3,g,12.352446,0.04683,1.129,0.015,-0.013,1.137,14/11/2022,0.1192,2566,,11.354,10.296
LTT 1445 A,b,Eclipse,GO,2708,1,2,Executed,LRS,X,SLITLESSPRISM,FASTR1,5,44918.61,44918.82,5.45,Berta-Thompson,12,03 01 50.9800 -16 35 40.32,6.496,6.87,3340,0.256,0.276,4.967,5.3587657,0.038,89.4,0.008,0.121,15.3,6.75,433.6,0.2,1.4,44.25,0.05,X,-0.34,,,LTT 1445 A b,LTT 1445 A b,1,LTT 1445 A,2.32,0.25,-0.25,4.36,0.74,-0.74,555,b,5.35876,0.022,1.18,0.06,-0.06,1.392,22/8/2023,0.265,3340,6.86929,7.294,6.496
GJ 486,b,Transit,GO,1981,1,11,Executed,BOTS,G395H,SUB2048,NRSRAPID,3,44920.43,44920.63,5.19,Stevenson,0,12 47 55.5675 +09 44 57.91,6.362,8.07,3307,0.323,0.33,4.89,1.4671198,0.017,88.9,0.009,0.117,18.28,8.34,699.4,0.1,1,43,1.72,X,-0.15,,,GJ 486 b,GJ 486 b,1,GJ 486,2.77,0.076,-0.073,6.66,0.23,-0.29,696.3,b,1.46712127,0.01714,1.289,0.019,-0.014,1.0158,16/4/2025,0.3243,3317,8.07426,7.195,6.362
L 98-59,d,Transit,GTO,1201,1,311,Executed,SOSS,X,SUBSTRIP96,NISRAPID,4,44923.69,44923.87,4.99,Lafreniere,12,08 18 7.8865 -68 18 52.08,7.101,10.62,3412,0.312,0.312,4.94,7.4507305,0.05,88.45,0.007,0.141,9.67,3.68,411,0.1,0.8,45.51,0.02,X,-0.5,,,L 98-59 d,L 98-59 d,1,L 98-59,1.64,0.07,-0.07,2.2,0.2,-0.2,416,d,7.450729,0.0494,1.627,0.041,-0.041,0.84,29/7/2025,0.3155,3415,10.6194,7.933,7.101
GJ 486,b,Transit,GO,1981,1,12,Executed,BOTS,G395H,SUB2048,NRSRAPID,3,44924.83,44925.03,5.19,Stevenson,0,12 47 55.5675 +09 44 57.91,6.362,8.07,3307,0.323,0.33,4.89,1.4671198,0.017,88.9,0.009,0.117,18.28,8.34,699.4,0.1,1,43,1.72,X,-0.15,,,GJ 486 b,GJ 486 b,1,GJ 486,2.77,0.076,-0.073,6.66,0.23,-0.29,696.3,b,1.46712127,0.01714,1.289,0.019,-0.014,1.0158,16/4/2025,0.3243,3317,8.07426,7.195,6.362
GJ 436,b,Eclipse,GTO,1185,1,13,Executed,GTS,GRISMR+F444W,SUBGRISM64,BRIGHT2,5,44926.88,44927.13,6.58,Greene,12,11 42 12.1620 +26 42 10.63,6.073,9.75,3456,0.452,0.448,4.804,2.6438975,0.029,86.7,0.073,0.368,15.28,2.22,657.9,0.6,1,634.67,6.52,X,-0.03,,,GJ 436 b,GJ 436 b,1,GJ 436,22.1,2.3,-2.3,1.8,0.29,-0.29,594.05,b,2.64388312,0.0291,4.17,0.168,-0.168,0.9689289,5/2/2015,0.455,3350,9.75321,6.9,6.073
GJ 436,b,Eclipse,GTO,1185,1,11,Executed,GTS,GRISMR+F444W,SUBGRISM64,BRIGHT2,5,44937.45,44937.7,6.58,Greene,12,11 42 12.1620 +26 42 10.63,6.073,9.75,3456,0.452,0.448,4.804,2.6438975,0.029,86.7,0.073,0.368,15.28,2.22,657.9,0.6,1,634.67,6.52,X,-0.03,,,GJ 436 b,GJ 436 b,1,GJ 436,22.1,2.3,-2.3,1.8,0.29,-0.29,594.05,b,2.64388312,0.0291,4.17,0.168,-0.168,0.9689289,5/2/2015,0.455,3350,9.75321,6.9,6.073
WASP-107,b,Transit,GTO,1185,1,8,Executed,GTS,GRISMR+F322W2,SUBGRISM256,BRIGHT2,7,44940.03,44940.38,9.44,Greene,12,12 33 32.7426 -10 08 46.37,8.637,64.74,4430,0.69,0.66,4.5,5.7214886,0.055,89.56,0.12,0.944,3.8,0.22,738,2.2,2.7,930.94,8.08,X,0.02,,,WASP-107 b,WASP-107 b,1,WASP-107,30.5,1.7,-1.7,0.134,0.015,-0.013,672.5,b,5.7214742,0.0553,10.55,0.32,-0.32,2.7528,10/12/2020,0.67,4425,64.7414,9.378,8.637
V1298 Tau,c,Transit,GO,2149,1,1,Executed,BOTS,G395H,SUB2048,NRSRAPID,4,44940.74,44940.77,17.12,Desert,12,04 05 19.5970 +20 09 25.31,8.094,108.2,5050,1.101,1.33,-1,8.24925,0.083,88,0.24,0.46,32.15,3.74,973,0,4.7,22.36,2.07,X,0.1,,,V1298 Tau c,V1298 Tau c,1,V1298 Tau,76.27881768,,,3.5,,,968,c,8.24958,0.0825,5.59,0.36,-0.32,4.66,18/10/2019,1.345,5050,108.199,8.687,8.094
GJ 436,b,Eclipse,GTO,1185,1,10,Executed,GTS,GRISMR+F322W2,SUBGRISM64,BRIGHT2,3,44942.74,44942.99,6.58,Greene,12,11 42 12.1620 +26 42 10.63,6.073,9.75,3456,0.452,0.448,4.804,2.6438975,0.029,86.7,0.073,0.368,15.28,2.22,657.9,0.6,1,634.67,6.52,X,-0.03,,,GJ 436 b,GJ 436 b,1,GJ 436,22.1,2.3,-2.3,1.8,0.29,-0.29,594.05,b,2.64388312,0.0291,4.17,0.168,-0.168,0.9689289,5/2/2015,0.455,3350,9.75321,6.9,6.073
WASP-107,b,Transit,GTO,1280,1,1,Executed,LRS,X,SLITLESSPRISM,FASTR1,40,44945.71,44946.11,10.65,Lagage,12,12 33 32.8480 -10 08 46.14,8.637,64.74,4430,0.69,0.66,4.5,5.7214886,0.055,89.56,0.12,0.944,3.8,0.22,738,2.2,2.7,930.94,8.08,X,0.02,,,WASP-107 b,WASP-107 b,1,WASP-107,30.5,1.7,-1.7,0.134,0.015,-0.013,672.5,b,5.7214742,0.0553,10.55,0.32,-0.32,2.7528,10/12/2020,0.67,4425,64.7414,9.378,8.637
K2-18,b,Transit,GO,2722,1,1,Executed,BOTS,G395H,SUB2048,NRSRAPID,12,44946.78,44947.05,7.16,Madhusudhan,12,11 30 14.4311 +07 35 16.13,8.899,38.03,3457,0.413,0.411,4.786,32.9398375,0.146,89.58,0.027,0.203,18.6,4.89,279.6,0.3,2.7,38.9,0,X,0.12,,,K2-18 b,K2-18 b,1,K2-18,8.92,1.7,-1.6,4.11,1.72,-1.18,284,b,32.939623,0.1429,2.37,0.22,-0.22,2.3059589,18/3/2019,0.411,3457,38.0266,9.763,8.899
HAT-P-12,b,Transit,GTO,1281,1,2,Executed,BOTS,G395M,SUB2048,NRSRAPID,30,44968.72,44969.04,8.34,Lagage,12,13 57 33.2749 +43 29 35.92,10.108,142.75,4650,0.733,0.701,4.61,3.2130584,0.038,89,0.209,0.959,6.46,0.36,958.3,2.1,2.3,325.59,13.61,X,-0.29,,,HAT-P-12 b,HAT-P-12 b,1,HAT-P-12,67.059,3.814,-3.814,0.3192,0.016,-0.016,963,b,3.2130598,0.0384,10.749,0.325,-0.235,2.3376,14/5/2014,0.701,4650,142.751,10.794,10.108
V1298 Tau,b,Transit,GO,2149,1,2,Executed,BOTS,G395H,SUB2048,NRSRAPID,4,44969.17,44969.7,14.71,Desert,12,04 05 19.5970 +20 09 25.31,8.094,108.2,5010,1.101,1.33,4.246,24.1396,0.169,88.88,0.64,0.89,22.93,1.38,678.1,0.5,6.4,42.26,1.11,X,0.1,,,V1298 Tau b,V1298 Tau b,1,V1298 Tau,203.4101805,60.38739733,-60.38739733,1.2,0.45,-0.45,677,b,24.1396,0.1688,10.27,0.58,-0.53,6.42,18/10/2019,1.345,5050,108.199,8.687,8.094
WASP-39,b,Transit,DD,2783,1,1,Executed,LRS,X,SLITLESSPRISM,FASTR1,100,44971.57,44971.96,10.29,Powell,0,14 29 18.3955 -03 26 40.20,10.202,213.98,5326.6,0.918,1.013,4.389,4.0552804,0.049,87.76,0.28,1.279,4.85,0.2,1173.1,2.2,2.8,324.05,20.93,X,-0.03,,,WASP-39 b,WASP-39 b,1,WASP-39,89.31023,10.17056,-10.17056,0.167,0.023,-0.023,1166,b,4.0552941,0.04828,14.336311,0.44836,-0.44836,2.8063409,27/11/2019,0.939,5485,213.982,10.663,10.202
TOI-836,c,Transit,GO,2512,1,8,Executed,BOTS,G395H,SUB2048,NRSRAPID,3,44973.5,44973.83,8.91,Batalha,0,15 00 19.1712 -24 27 15.11,6.804,27.5,4514,0.678,0.678,4.662,8.5954646,0.075,88.7,0.03,0.233,15.75,3.61,654.2,0.1,2.5,119,0.49,X,-0.28,flat,yes,TOI-836 c,TOI-836 c,1,TOI-836,9.6,2.7,-2.5,3.06,0.48,-0.54,665,c,8.59545,0.075,2.587,0.088,-0.088,2.486,25/2/2023,0.665,4552,27.5024,7.58,6.804
WASP-17,b,Transit,GTO,1353,1,1,Failed,SOSS,X,SUBSTRIP256,NISRAPID,8,44975.52,44976,12.72,Lewis,12,15 59 50.9395 -28 03 42.46,10.224,405.91,6550,1.306,1.572,4.176,3.7354417,0.051,86.83,0.49,1.892,3.88,0.11,1748.8,1.7,4.4,367.69,50.36,X,-0.19,,,WASP-17 b,WASP-17 b,1,WASP-17,247.9074,73.1009,-73.1009,0.08,0.013,-0.011,1670,b,3.73543,0.05151,20.96083,2.69016,-2.69016,4.142,25/4/2018,1.49,6550,405.908,10.509,10.224
GJ 367,b,PhaseC,GO,2508,1,1,Executed,LRS,X,SLITLESSPRISM,FASTR1,5,44979.11,44979.68,15.84,Zhang,12,09 44 29.1514 -45 46 44.46,5.78,9.41,3522,0.454,0.458,4.777,0.3219233,0.007,80.32,0.002,0.064,12.81,10.7,1364.5,0,0.6,44.31,6.71,X,-0.01,,,GJ 367 b,GJ 367 b,1,GJ 367,0.633,0.05,-0.05,10.2,1.3,-1.3,1365,b,0.3219225,0.00709,0.699,0.024,-0.024,0.629,10/8/2023,0.458,3522,9.41263,6.632,5.78
GJ 1132,b,Transit,GO,1981,1,22,Executed,BOTS,G395H,SUB2048,NRSRAPID,14,44982.34,44982.52,4.62,Stevenson,0,10 14 50.1768 -47 09 17.77,8.322,12.61,3270,0.181,0.216,4.881,1.6289302,0.015,88.16,0.005,0.106,12.86,6.48,591.6,0.2,0.8,44.36,0.44,X,-0.12,,,GJ 1132 b,GJ 1132 b,1,GJ 1132,1.83704819,0.19069704,-0.18751876,5.97,0.96,-0.79,583.8,b,1.62892911,0.0157,1.19151465,0.03811053,-0.04483592,0.76646,3/9/2024,0.2211,3229,12.613,9.245,8.322
HIP 67522,b,Transit,GO,2498,1,1,Executed,BOTS,G395H,SUB2048,NRSRAPID,9,44984.1,44984.44,8.95,Mann,12,13 50 6.2402 -40 50 9.23,8.164,127.28,5675,1.22,1.38,4.438,6.9594724,0.075,89.34,-1,0.881,-1,-1,1175.8,0.5,4.8,-1,12.56,X,0,,,HIP 67522 b,HIP 67522 b,1,HIP 67522,,,,,,,1175,b,6.9594731,0.0748,9.9872018,0.23538859,-0.22417961,4.85,28/9/2024,1.38,5675,127.28,8.587,8.164
GJ 341,b,Transit,GO,1981,1,32,Executed,GTS,GRISMR+F444W,SUBGRISM128,BRIGHT1,3,44987.74,44988.01,7.1,Stevenson,0,09 21 35.8504 -60 16 52.21,5.587,10.45,3768,0.48,0.518,4.74,7.5768467,0.059,89.24,0.013,0.078,58.68,40.27,538,0,2.2,3.96,0.05,X,-0.16,,,GJ 341 b,GJ 341 b,1,GJ 341,4,,,,,,629,b,7.57686,,0.88,0.05,-0.05,2.23,25/2/2025,0.5066,3770,10.454,6.442,5.587
TOI-836,b,Transit,GO,2512,1,9,Executed,BOTS,G395H,SUB2048,NRSRAPID,3,44989.7,44989.98,7.16,Batalha,0,15 00 19.1712 -24 27 15.11,6.804,27.5,4514,0.678,0.678,4.662,3.8167281,0.042,87.57,0.014,0.152,17.6,6.21,872.2,0.1,1.7,92.23,1.11,X,-0.28,flat,yes,TOI-836 b,TOI-836 b,1,TOI-836,4.53,0.92,-0.86,5.02,0.36,-0.44,871,b,3.81673,0.0422,1.704,0.067,-0.067,1.805,25/2/2023,0.665,4552,27.5024,7.58,6.804
GJ 1132,b,Transit,GO,1981,1,21,Executed,BOTS,G395H,SUB2048,NRSRAPID,14,44990.48,44990.67,4.62,Stevenson,0,10 14 50.1768 -47 09 17.77,8.322,12.61,3270,0.181,0.216,4.881,1.6289302,0.015,88.16,0.005,0.106,12.86,6.48,591.6,0.2,0.8,44.36,0.44,X,-0.12,,,GJ 1132 b,GJ 1132 b,1,GJ 1132,1.83704819,0.19069704,-0.18751876,5.97,0.96,-0.79,583.8,b,1.62892911,0.0157,1.19151465,0.03811053,-0.04483592,0.76646,3/9/2024,0.2211,3229,12.613,9.245,8.322
WASP-178,b,Transit,GO,2055,1,1,Executed,BOTS,G395H,SUB2048,NRSRAPID,45,44992.28,44992.63,9.11,Lothringer,12,15 09 4.8930 -42 42 17.79,9.703,427.68,9360,2,1.76,4.31,3.344834,0.055,85.08,1.535,1.891,12.16,0.34,2549.7,1.2,3.5,173.36,77.53,X,0.08,,,WASP-178 b,WASP-178 b,1,WASP-178,527.5978,38.1396,-38.1396,0.37,0.07,-0.07,2470,b,3.3448285,0.0558,20.28829,1.00881,-1.00881,3.4704,2/10/2019,1.67,9360,427.678,9.775,9.703
TOI-836,b,Transit,GO,2512,1,10,Executed,BOTS,G395H,SUB2048,NRSRAPID,3,44993.52,44993.79,7.16,Batalha,0,15 00 19.1712 -24 27 15.11,6.804,27.5,4514,0.678,0.678,4.662,3.8167281,0.042,87.57,0.014,0.152,17.6,6.21,872.2,0.1,1.7,92.23,1.11,X,-0.28,,,TOI-836 b,TOI-836 b,1,TOI-836,4.53,0.92,-0.86,5.02,0.36,-0.44,871,b,3.81673,0.0422,1.704,0.067,-0.067,1.805,25/2/2023,0.665,4552,27.5024,7.58,6.804
GJ 341,b,Transit,GO,1981,1,31,Executed,GTS,GRISMR+F444W,SUBGRISM128,BRIGHT1,3,44995.32,44995.59,7.1,Stevenson,0,09 21 35.8504 -60 16 52.21,5.587,10.45,3768,0.48,0.518,4.74,7.5768467,0.059,89.24,0.013,0.078,58.68,40.27,538,0,2.2,3.96,0.05,X,-0.16,,,GJ 341 b,GJ 341 b,1,GJ 341,4,,,,,,629,b,7.57686,,0.88,0.05,-0.05,2.23,25/2/2025,0.5066,3770,10.454,6.442,5.587
NGTS-10,b,PhaseC,GO,2158,1,1,Executed,BOTS,PRISM,SUB512,NRSRAPID,6,44996.08,44997,25.14,Parmentier,12,06 07 29.3400 -25 35 41.62,11.728,-1,4600,0.696,0.697,4.595,0.7668944,0.014,-1,2.162,1.205,42.2,1.87,1548.6,0,1.1,48.51,62.5,X,-0.02,,,NGTS-10 b,NGTS-10 b,1,NGTS-10,687.14846,29.24036,-34.00781,1.43,0.354,-0.404,1332,b,0.7668944,0.0143,13.506845,1.311453,-0.930347,1.091,13/3/2020,0.697,4600,,12.392,11.728
WASP-17,b,Transit,GTO,1353,1,5,Executed,LRS,X,SLITLESSPRISM,FASTR1,175,44997.94,44998.41,12.61,Lewis,12,15 59 50.9395 -28 03 42.46,10.224,405.91,6550,1.306,1.572,4.176,3.7354417,0.051,86.83,0.49,1.892,3.88,0.11,1748.8,1.7,4.4,367.69,50.36,X,-0.19,,,WASP-17 b,WASP-17 b,1,WASP-17,247.9074,73.1009,-73.1009,0.08,0.013,-0.011,1670,b,3.73543,0.05151,20.96083,2.69016,-2.69016,4.142,25/4/2018,1.49,6550,405.908,10.509,10.224
WASP-17,b,Eclipse,GTO,1353,1,6,Executed,LRS,X,SLITLESSPRISM,FASTR1,175,44999.8,45000.27,12.61,Lewis,12,15 59 50.9395 -28 03 42.46,10.224,405.91,6550,1.306,1.572,4.176,3.7354417,0.051,86.83,0.49,1.892,3.88,0.11,1748.8,1.7,4.4,367.69,50.36,X,-0.19,,,WASP-17 b,WASP-17 b,1,WASP-17,247.9074,73.1009,-73.1009,0.08,0.013,-0.011,1670,b,3.73543,0.05151,20.96083,2.69016,-2.69016,4.142,25/4/2018,1.49,6550,405.908,10.509,10.224
WASP-17,b,Transit,GTO,1353,1,101,Executed,SOSS,X,SUBSTRIP256,NISRAPID,8,45005.41,45005.88,12.72,Lewis,12,15 59 50.9395 -28 03 42.46,10.224,405.91,6550,1.306,1.572,4.176,3.7354417,0.051,86.83,0.49,1.892,3.88,0.11,1748.8,1.7,4.4,367.69,50.36,X,-0.19,,,WASP-17 b,WASP-17 b,1,WASP-17,247.9074,73.1009,-73.1009,0.08,0.013,-0.011,1670,b,3.73543,0.05151,20.96083,2.69016,-2.69016,4.142,25/4/2018,1.49,6550,405.908,10.509,10.224
WASP-17,b,Eclipse,GTO,1353,1,2,Executed,SOSS,X,SUBSTRIP256,NISRAPID,8,45007.27,45007.75,12.72,Lewis,12,15 59 50.9395 -28 03 42.46,10.224,405.91,6550,1.306,1.572,4.176,3.7354417,0.051,86.83,0.49,1.892,3.88,0.11,1748.8,1.7,4.4,367.69,50.36,X,-0.19,,,WASP-17 b,WASP-17 b,1,WASP-17,247.9074,73.1009,-73.1009,0.08,0.013,-0.011,1670,b,3.73543,0.05151,20.96083,2.69016,-2.69016,4.142,25/4/2018,1.49,6550,405.908,10.509,10.224
55 Cnc,e,Eclipse,GO,1952,1,2,Executed,LRS,X,SLITLESSPRISM,FASTR1,5,45009.46,45009.76,7.87,Hu,12,08 52 35.8113 +28 19 50.96,4.015,12.59,5250,0.905,0.964,4.425,0.7365462,0.016,84.65,0.025,0.172,24.24,7.52,1983.8,0,1.6,309.73,37.28,X,0.35,,,55 Cnc e,55 Cnc e,1,55 Cnc,7.99,0.32,-0.33,6.66,0.43,-0.4,1831.27,e,0.7365474,0.01544,1.875,0.029,-0.029,1.5439,5/2/2021,0.943,5172,12.5855,4.768,4.015
WASP-17,b,Transit,GTO,1353,1,3,Executed,BOTS,G395H,SUB2048,NRSRAPID,66,45016.62,45017.08,12.42,Lewis,12,15 59 50.9395 -28 03 42.46,10.224,405.91,6550,1.306,1.572,4.176,3.7354417,0.051,86.83,0.49,1.892,3.88,0.11,1748.8,1.7,4.4,367.69,50.36,X,-0.19,,,WASP-17 b,WASP-17 b,1,WASP-17,247.9074,73.1009,-73.1009,0.08,0.013,-0.011,1670,b,3.73543,0.05151,20.96083,2.69016,-2.69016,4.142,25/4/2018,1.49,6550,405.908,10.509,10.224
WASP-17,b,Eclipse,GTO,1353,1,4,Executed,BOTS,G395H,SUB2048,NRSRAPID,66,45018.48,45018.95,12.42,Lewis,12,15 59 50.9395 -28 03 42.46,10.224,405.91,6550,1.306,1.572,4.176,3.7354417,0.051,86.83,0.49,1.892,3.88,0.11,1748.8,1.7,4.4,367.69,50.36,X,-0.19,,,WASP-17 b,WASP-17 b,1,WASP-17,247.9074,73.1009,-73.1009,0.08,0.013,-0.011,1670,b,3.73543,0.05151,20.96083,2.69016,-2.69016,4.142,25/4/2018,1.49,6550,405.908,10.509,10.224
GJ 341,b,Transit,GO,1981,1,33,Executed,GTS,GRISMR+F444W,SUBGRISM128,BRIGHT1,3,45033.23,45033.49,7.1,Stevenson,0,09 21 35.8504 -60 16 52.21,5.587,10.45,3768,0.48,0.518,4.74,7.5768467,0.059,89.24,0.013,0.078,58.68,40.27,538,0,2.2,3.96,0.05,X,-0.16,,,GJ 341 b,GJ 341 b,1,GJ 341,4,,,,,,629,b,7.57686,,0.88,0.05,-0.05,2.23,25/2/2025,0.5066,3770,10.454,6.442,5.587
HD 189733,b,Transit,GO,1633,1,1,Executed,MRS,X,FULL,FASTR1,30,45040.11,45040.42,8.07,Deming,12,20 00 43.7093 +22 42 35.19,5.541,19.76,5031.5,0.828,0.766,4.582,2.2185752,0.031,85.71,1.144,1.139,24.99,1.17,1204.9,2.3,1.8,861.48,299.93,X,-0.03,,,HD 189733 b,HD 189733 b,1,HD 189733,359.1479,25.4264,-25.4264,1.031,0.106,-0.09,1101.7,b,2.21857567,0.03126,12.66617,0.11209,-0.11209,1.8233621,3/12/2018,0.75,5052,19.7638,6.073,5.541
55 Cnc,e,Eclipse,GO,2084,1,5,Executed,GTS,GRISMR+F444W,SUBGRISM64,RAPID,2,45040.44,45040.69,6.35,Brandeker,12,08 52 35.2410 +28 19 47.34,4.015,12.59,5250,0.905,0.964,4.425,0.7365462,0.016,84.65,0.025,0.172,24.24,7.52,1983.8,0,1.6,309.73,37.28,X,0.35,,,55 Cnc e,55 Cnc e,1,55 Cnc,7.99,0.32,-0.33,6.66,0.43,-0.4,1831.27,e,0.7365474,0.01544,1.875,0.029,-0.029,1.5439,5/2/2021,0.943,5172,12.5855,4.768,4.015
WD 1856+534,b,Transit,GO,2358,1,30,Executed,BOTS,PRISM,SUB2048,NRSRAPID,33,45043.39,45043.53,3.36,MacDonald,12,18 57 39.7755 +53 30 32.46,15.548,24.74,5245,0.518,0.013,6.176,1.4079387,0.02,88.78,13.8,0.928,454.37,26.2,202.7,52.6,0.2,221.31,0,X,-999,,,WD 1856+534 b,WD 1856+534 b,1,WD 1856+534,4386.054,,,,,,163,b,1.4079405,0.0204,10.4,1,-1,0.1333,10/12/2020,0.0131,4710,24.7359,15.677,15.548
K2-18,b,Transit,GO,2372,1,3,Failed,BOTS,G395H,SUB2048,NRSRAPID,16,45045.53,45045.55,11.35,Hu,12,11 30 14.4338 +07 35 16.19,8.899,38.03,3457,0.413,0.411,4.786,32.9398375,0.146,89.58,0.027,0.203,18.6,4.89,279.6,0.3,2.7,38.9,0,X,0.12,,,K2-18 b,K2-18 b,1,K2-18,8.92,1.7,-1.6,4.11,1.72,-1.18,284,b,32.939623,0.1429,2.37,0.22,-0.22,2.3059589,18/3/2019,0.411,3457,38.0266,9.763,8.899
WASP-69,b,Eclipse,GTO,1177,1,3,Executed,LRS,X,SLITLESSPRISM,FASTR1,16,45048.89,45049.21,8.3,Greene,12,21 00 6.2319 -05 05 41.49,7.459,49.96,4715,0.826,0.813,4.535,3.8681389,0.045,86.71,0.26,1.057,6.6,0.33,963.7,1.8,2.2,889.27,41.77,X,0.14,,,WASP-69 b,WASP-69 b,1,WASP-69,82.58,5.37,-5.37,0.262,0.047,-0.039,971,b,3.86813881,0.0453,11.21,0.22,-0.22,2.1869,28/8/2025,0.801,4792,49.9605,8.032,7.459
WASP-127,b,Transit,GO,2437,1,1,Executed,BOTS,G395H,SUB2048,NRSRAPID,14,45054.31,45054.79,13.11,Pelletier,12,10 42 14.1035 -03 50 6.00,8.641,159.51,5620,1.08,1.369,4.18,4.178062,0.05,88.2,0.172,1.311,2.84,0.12,1415,1,4.3,769.49,44.07,X,-0.18,,,WASP-127 b,WASP-127 b,1,WASP-127,52.346601,6.801562,-5.466676,0.097,0.013,-0.012,1313.74,b,4.17806203,0.0484,14.694999,0.280225,-0.325061,4.35288,13/11/2020,1.333,5620,159.507,9.092,8.641
TOI-776,c,Transit,GO,2512,1,3,Executed,BOTS,G395H,SUB2048,NRSRAPID,7,45057.79,45058.14,9.55,Batalha,0,11 54 18.7193 -37 33 12.08,7.615,27.17,3717,0.544,0.538,4.731,15.6653276,0.1,89.51,0.019,0.183,16.31,4.78,415.6,0.1,3,62.4,0.01,X,-0.2,flat,yes,TOI-776 c,TOI-776 c,1,TOI-776,6.9,2.6,-2.5,4.4,1.8,-1.6,420,c,15.665323,0.1001,2.047,0.081,-0.078,2.932,10/6/2024,0.547,3725,27.1701,8.483,7.615
WASP-43,b,PhaseC,GTO,1224,1,2,Executed,BOTS,G395H,SUB2048,NRSRAPID,20,45060.38,45061.42,28.57,Birkmann,12,10 19 37.9634 -09 48 23.21,9.267,86.75,4400,0.65,0.667,4.573,0.8134741,0.015,82.11,1.899,1.006,53.19,2.83,1433.1,2.6,1.2,100.86,124.96,X,-0.05,,,WASP-43 b,WASP-43 b,1,WASP-43,565.714,31.782,-31.782,2.939,0.971,-0.545,1302.84,b,0.813475,0.0142,10.424,0.785,-1.009,1.1592,14/5/2014,0.6,4400,86.7467,9.995,9.267
TOI-776,b,Transit,GO,2512,1,6,Executed,BOTS,G395H,SUB2048,NRSRAPID,7,45070.07,45070.4,8.74,Batalha,0,11 54 18.7193 -37 33 12.08,7.615,27.17,3717,0.544,0.538,4.731,8.2466166,0.065,89.65,0.014,0.16,15.6,5.2,514.7,0.1,2.4,70.97,0.06,X,-0.2,flat,yes,TOI-776 b,TOI-776 b,1,TOI-776,5,1.6,-1.6,4.8,1.8,-1.6,520,b,8.24662,0.0653,1.798,0.078,-0.077,2.382,10/6/2024,0.547,3725,27.1701,8.483,7.615
GJ 436,b,Eclipse,GTO,1177,1,4,Executed,LRS,X,SLITLESSPRISM,FASTR1,5,45072.29,45072.54,6.65,Greene,12,11 42 12.1620 +26 42 10.63,6.073,9.75,3456,0.452,0.448,4.804,2.6438975,0.029,86.7,0.073,0.368,15.28,2.22,657.9,0.6,1,634.67,6.52,X,-0.03,,,GJ 436 b,GJ 436 b,1,GJ 436,22.1,2.3,-2.3,1.8,0.29,-0.29,594.05,b,2.64388312,0.0291,4.17,0.168,-0.168,0.9689289,5/2/2015,0.455,3350,9.75321,6.9,6.073
TOI-776,c,Transit,GO,2512,1,4,Executed,BOTS,G395H,SUB2048,NRSRAPID,7,45073.47,45073.81,9.55,Batalha,0,11 54 18.7193 -37 33 12.08,7.615,27.17,3717,0.544,0.538,4.731,15.6653276,0.1,89.51,0.019,0.183,16.31,4.78,415.6,0.1,3,62.4,0.01,X,-0.2,,,TOI-776 c,TOI-776 c,1,TOI-776,6.9,2.6,-2.5,4.4,1.8,-1.6,420,c,15.665323,0.1001,2.047,0.081,-0.078,2.932,10/6/2024,0.547,3725,27.1701,8.483,7.615
WASP-107,b,Eclipse,GTO,1201,1,9,Failed,BOTS,G395H,SUB2048,NRSRAPID,20,45074.8,45074.83,10.85,Lafreniere,12,12 33 32.7426 -10 08 46.37,8.637,64.74,4430,0.69,0.66,4.5,5.7214886,0.055,89.56,0.12,0.944,3.8,0.22,738,2.2,2.7,930.94,8.08,X,0.02,,,WASP-107 b,WASP-107 b,1,WASP-107,30.5,1.7,-1.7,0.134,0.015,-0.013,672.5,b,5.7214742,0.0553,10.55,0.32,-0.32,2.7528,10/12/2020,0.67,4425,64.7414,9.378,8.637
GJ 486,b,Eclipse,GO,1743,1,1,Executed,LRS,X,SLITLESSPRISM,FASTR1,6,45075.18,45075.43,6.4,Weiner Mansfield,12,12 47 55.5675 +09 44 57.91,6.362,8.07,3307,0.323,0.33,4.89,1.4671198,0.017,88.9,0.009,0.117,18.28,8.34,699.4,0.1,1,43,1.72,X,-0.15,,,GJ 486 b,GJ 486 b,1,GJ 486,2.77,0.076,-0.073,6.66,0.23,-0.29,696.3,b,1.46712127,0.01714,1.289,0.019,-0.014,1.0158,16/4/2025,0.3243,3317,8.07426,7.195,6.362
Kepler-51,b,Transit,GO,2454,1,1,Executed,BOTS,PRISM,SUB512,NRSRAPID,17,45075.75,45076.3,15.01,Gao,12,19 45 55.1430 +49 56 15.54,13.197,783.83,5786.5,1.035,0.896,4.51,45.1553007,0.253,89.95,0.011,0.642,0.78,0.06,525.2,0.7,5.8,146.54,0.01,X,0.01,,,Kepler-51 b,Kepler-51 b,1,Kepler-51,2.1,1.5,-0.8,0.03,0.02,-0.01,543,b,45.154,0.2514,7.1,0.3,-0.3,5.754,14/5/2014,0.94,6018,783.831,13.562,13.197
HD 189733,b,Transit,GO,1633,1,2,Executed,MRS,X,FULL,FASTR1,30,45077.84,45078.13,8.07,Deming,12,20 00 43.7093 +22 42 35.19,5.541,19.76,5031.5,0.828,0.766,4.582,2.2185752,0.031,85.71,1.144,1.139,24.99,1.17,1204.9,2.3,1.8,861.48,299.93,X,-0.03,,,HD 189733 b,HD 189733 b,1,HD 189733,359.1479,25.4264,-25.4264,1.031,0.106,-0.09,1101.7,b,2.21857567,0.03126,12.66617,0.11209,-0.11209,1.8233621,3/12/2018,0.75,5052,19.7638,6.073,5.541
GJ 486,b,Eclipse,GO,1743,1,2,Executed,LRS,X,SLITLESSPRISM,FASTR1,6,45078.13,45078.37,6.4,Weiner Mansfield,12,12 47 55.5675 +09 44 57.91,6.362,8.07,3307,0.323,0.33,4.89,1.4671198,0.017,88.9,0.009,0.117,18.28,8.34,699.4,0.1,1,43,1.72,X,-0.15,,,GJ 486 b,GJ 486 b,1,GJ 486,2.77,0.076,-0.073,6.66,0.23,-0.29,696.3,b,1.46712127,0.01714,1.289,0.019,-0.014,1.0158,16/4/2025,0.3243,3317,8.07426,7.195,6.362
K2-18,b,Transit,GO,2722,1,3,Executed,SOSS,X,SUBSTRIP256,NISRAPID,4,45078.58,45078.82,6.94,Madhusudhan,12,11 30 14.4311 +07 35 16.13,8.899,38.03,3457,0.413,0.411,4.786,32.9398375,0.146,89.58,0.027,0.203,18.6,4.89,279.6,0.3,2.7,38.9,0,X,0.12,clear,yes,K2-18 b,K2-18 b,1,K2-18,8.92,1.7,-1.6,4.11,1.72,-1.18,284,b,32.939623,0.1429,2.37,0.22,-0.22,2.3059589,18/3/2019,0.411,3457,38.0266,9.763,8.899
L 168-9,b,Transit,GO,2512,1,13,Executed,BOTS,G395H,SUB2048,NRSRAPID,4,45080.32,45080.55,5.97,Batalha,0,23 20 6.8620 -60 03 56.63,7.082,25.15,3800,0.62,0.6,4.359,1.4015222,0.021,85.5,0.014,0.13,22.73,9.33,982.9,0.1,1.1,11.71,2.18,X,0.04,,,L 168-9 b,L 168-9 b,1,L 168-9,4.07,0.45,-0.45,5.18,1.46,-1.46,998,b,1.40152604,0.0208,1.63,0.14,-0.14,1.02,30/8/2024,0.604,3842,25.1496,7.941,7.082
WASP-69,b,Eclipse,GTO,1185,1,7,Executed,GTS,GRISMR+F444W,SUBGRISM256,BRIGHT2,5,45083.71,45084.02,8.22,Greene,12,21 00 6.2319 -05 05 41.49,7.459,49.96,4715,0.826,0.813,4.535,3.8681389,0.045,86.71,0.26,1.057,6.6,0.33,963.7,1.8,2.2,889.27,41.77,X,0.14,,,WASP-69 b,WASP-69 b,1,WASP-69,82.58,5.37,-5.37,0.262,0.047,-0.039,971,b,3.86813881,0.0453,11.21,0.22,-0.22,2.1869,28/8/2025,0.801,4792,49.9605,8.032,7.459
HAT-P-12,b,Transit,GTO,1281,1,1,Executed,LRS,X,SLITLESSPRISM,FASTR1,150,45084.39,45084.7,8.29,Lagage,12,13 57 33.2749 +43 29 35.92,10.108,142.75,4650,0.733,0.701,4.61,3.2130584,0.038,89,0.209,0.959,6.46,0.36,958.3,2.1,2.3,325.59,13.61,X,-0.29,,,HAT-P-12 b,HAT-P-12 b,1,HAT-P-12,67.059,3.814,-3.814,0.3192,0.016,-0.016,963,b,3.2130598,0.0384,10.749,0.325,-0.235,2.3376,14/5/2014,0.701,4650,142.751,10.794,10.108
K2-141,b,PhaseC,GO,2347,1,1,Executed,LRS,X,SLITLESSPRISM,FASTR1,41,45085.13,45086.05,25.12,Dang,12,23 23 40.0911 -01 11 21.06,8.401,61.87,4570,0.707,0.681,4.602,0.2803244,0.007,86.3,0.016,0.135,25.16,9.99,2126.3,0.1,0.9,10,8.87,X,0.02,,,K2-141 b,K2-141 b,1,K2-141,4.97,0.35,-0.34,7.93,1,-0.91,2103,b,0.2803244,0.00747,1.51,0.05,-0.05,0.868,17/4/2023,0.681,4570,61.8736,9.086,8.401
TOI-776,b,Transit,GO,2512,1,5,Executed,BOTS,G395H,SUB2048,NRSRAPID,7,45086.56,45086.89,8.74,Batalha,0,11 54 18.7193 -37 33 12.08,7.615,27.17,3717,0.544,0.538,4.731,8.2466166,0.065,89.65,0.014,0.16,15.6,5.2,514.7,0.1,2.4,70.97,0.06,X,-0.2,,,TOI-776 b,TOI-776 b,1,TOI-776,5,1.6,-1.6,4.8,1.8,-1.6,520,b,8.24662,0.0653,1.798,0.078,-0.077,2.382,10/6/2024,0.547,3725,27.1701,8.483,7.615
WASP-52,b,Eclipse,GTO,1224,1,4,Executed,BOTS,PRISM,SUB512S,NRSRAPID,3,45087.36,45087.61,6.59,Birkmann,12,23 13 58.7501 +08 45 39.86,10.086,174.82,5000,0.87,0.79,4.503,1.7497812,0.027,85.35,0.46,1.27,8.08,0.34,1300.2,2.9,1.9,371.56,57.4,X,0.03,,,WASP-52 b,WASP-52 b,1,WASP-52,146.2,6.36,-6.36,0.29,0.03,-0.03,1315,b,1.7497798,0.0272,14.24,0.34,-0.34,1.8096,14/5/2014,0.79,5000,174.818,10.588,10.086
HAT-P-26,b,Transit,GTO,1177,1,6,Executed,LRS,X,SLITLESSPRISM,FASTR1,90,45087.86,45088.19,8.84,Greene,12,14 12 37.5722 +04 03 33.90,9.581,141.84,5079,0.816,0.788,4.56,4.2345024,0.048,88.6,0.06,0.63,4.25,0.36,993.4,0.5,2.5,339.76,6.06,X,-0.04,,,HAT-P-26 b,HAT-P-26 b,1,HAT-P-26,22.2481,6.3566,-6.3566,0.4,0.1,-0.1,940.71,b,4.23452,0.0479,7.06167,0.44836,-0.44836,2.5166257,25/4/2018,0.87,5079,141.837,10.08,9.581
WASP-107,b,Transit,GTO,1201,1,8,Executed,SOSS,X,SUBSTRIP256,NISRAPID,5,45088.79,45089.1,8.26,Lafreniere,12,12 33 32.7426 -10 08 46.37,8.637,64.74,4430,0.69,0.66,4.5,5.7214886,0.055,89.56,0.12,0.944,3.8,0.22,738,2.2,2.7,930.94,8.08,X,0.02,,,WASP-107 b,WASP-107 b,1,WASP-107,30.5,1.7,-1.7,0.134,0.015,-0.013,672.5,b,5.7214742,0.0553,10.55,0.32,-0.32,2.7528,10/12/2020,0.67,4425,64.7414,9.378,8.637
WASP-80,b,Eclipse,GTO,1185,1,5,Executed,GTS,GRISMR+F444W,SUBGRISM256,BRIGHT2,12,45090.31,45090.61,7.95,Greene,12,20 12 40.0319 -02 08 39.97,8.351,49.79,4145,0.57,0.571,4.668,3.0678527,0.034,89.02,0.55,0.969,16.6,0.92,814.3,2.9,2.1,367.92,25.26,X,-0.14,,,WASP-80 b,WASP-80 b,1,WASP-80,170.99254,11.12405,-11.44188,0.717,0.039,-0.032,825,b,3.06785234,0.0344,11.197791,0.33627,-0.347479,2.131,16/4/2015,0.586,4143,49.7876,9.218,8.351
HATS-72,b,Transit,GO,2594,1,2,Executed,SOSS,X,FULL,NISRAPID,4,45091.11,45091.16,8.32,Spake,12,22 36 6.2016 -17 00 1.10,9.764,127.59,4656.1,0.731,0.721,4.585,7.3279485,0.067,89.56,0.125,0.785,5.77,0.39,739.4,1.4,3,254.14,2.59,X,0.1,,,HATS-72 b,HATS-72 b,1,HATS-72,39.855882,1.239537,-1.239537,0.411,0.015,-0.01,739.3,b,7.3279474,0.066517,8.0973816,0.0358688,-0.0358688,3.08472,21/2/2020,0.7214,4656.1,127.589,10.424,9.764
HAT-P-26,b,Transit,GTO,1312,1,3,Executed,BOTS,G395H,SUB2048,NRSRAPID,48,45092.12,45092.42,7.93,Lewis,12,14 12 37.5735 +04 03 33.83,9.581,141.84,5079,0.816,0.788,4.56,4.2345024,0.048,88.6,0.06,0.63,4.25,0.36,993.4,0.5,2.5,339.76,6.06,X,-0.04,,,HAT-P-26 b,HAT-P-26 b,1,HAT-P-26,22.2481,6.3566,-6.3566,0.4,0.1,-0.1,940.71,b,4.23452,0.0479,7.06167,0.44836,-0.44836,2.5166257,25/4/2018,0.87,5079,141.837,10.08,9.581
TRAPPIST-1,f,Transit,GTO,1201,1,105,Executed,SOSS,X,SUBSTRIP256,NISRAPID,18,45092.52,45092.73,5.13,Lafreniere,12,23 06 30.3652 -05 02 36.70,10.296,-1,2559,0.089,0.119,5.24,9.207115,0.039,89.68,0.003,0.093,9.58,5.5,217.1,0.7,1,25.31,0,X,0.05,,,TRAPPIST-1 f,TRAPPIST-1 f,1,TRAPPIST-1,1.039,0.031,-0.031,5.022904,0.13784,-0.159895,217.7,f,9.20754,0.03849,1.045,0.013,-0.012,1.048,14/11/2022,0.1192,2566,,11.354,10.296
WD 1856+534,b,Transit,GO,2507,1,1,Executed,BOTS,G395M,SUB2048,NRSRAPID,16,45094.08,45094.21,3.03,Vanderburg,12,18 57 39.7620 +53 30 32.49,15.548,24.74,5245,0.518,0.013,6.176,1.4079387,0.02,88.78,13.8,0.928,454.37,26.2,202.7,52.6,0.2,221.31,0,X,-999,,,WD 1856+534 b,WD 1856+534 b,1,WD 1856+534,4386.054,,,,,,163,b,1.4079405,0.0204,10.4,1,-1,0.1333,10/12/2020,0.0131,4710,24.7359,15.677,15.548
HAT-P-26,b,Eclipse,GTO,1312,1,6,Executed,LRS,X,SLITLESSPRISM,FASTR1,115,45094.21,45094.56,9.5,Lewis,12,14 12 37.5735 +04 03 33.83,9.581,141.84,5079,0.816,0.788,4.56,4.2345024,0.048,88.6,0.06,0.63,4.25,0.36,993.4,0.5,2.5,339.76,6.06,X,-0.04,,,HAT-P-26 b,HAT-P-26 b,1,HAT-P-26,22.2481,6.3566,-6.3566,0.4,0.1,-0.1,940.71,b,4.23452,0.0479,7.06167,0.44836,-0.44836,2.5166257,25/4/2018,0.87,5079,141.837,10.08,9.581
LP 791-18,c,Transit,GTO,1201,1,401,Executed,BOTS,PRISM,SUB512,NRSRAPID,6,45094.68,45094.89,5.22,Lafreniere,12,11 02 45.7162 -16 24 23.20,10.644,26.49,2960,0.139,0.171,5.115,4.9899134,0.03,89.55,0.022,0.218,13.38,3.29,343.9,1.9,1.2,183.37,0.01,X,-0.09,clear,no,LP 791-18 c,LP 791-18 c,1,LP 791-18,7.1,0.7,-0.7,,,,324.4,c,4.9899093,0.02961,2.438,0.096,-0.096,1.167,14/5/2023,0.182,2960,26.4927,11.559,10.644
L 168-9,b,Transit,GO,2512,1,11,Executed,BOTS,G395H,SUB2048,NRSRAPID,4,45095.74,45095.97,5.97,Batalha,0,23 20 6.8620 -60 03 56.63,7.082,25.15,3800,0.62,0.6,4.359,1.4015222,0.021,85.5,0.014,0.13,22.73,9.33,982.9,0.1,1.1,11.71,2.18,X,0.04,,,L 168-9 b,L 168-9 b,1,L 168-9,4.07,0.45,-0.45,5.18,1.46,-1.46,998,b,1.40152604,0.0208,1.63,0.14,-0.14,1.02,30/8/2024,0.604,3842,25.1496,7.941,7.082
LHS 3844,b,Eclipse,GO,1846,1,1,Executed,LRS,X,SLITLESSPRISM,FASTR1,30,45096.12,45096.25,4.08,Kreidberg,12,22 41 59.0890 -69 10 19.59,9.145,14.88,3036,0.151,0.189,5.06,0.4629294,0.006,88.5,-1,0.119,-1,-1,807,0.4,0.5,-1,4.03,X,-999,,,LHS 3844 b,LHS 3844 b,1,LHS 3844,,,,,,,805,b,0.46292913,0.00622,1.303,0.022,-0.022,0.5212,22/1/2019,0.189,3036,14.8846,10.046,9.145001
HAT-P-12,b,Transit,GTO,1281,1,3,Executed,SOSS,X,SUBSTRIP256,NISRAPID,15,45097.24,45097.55,8.25,Lagage,12,13 57 33.2749 +43 29 35.92,10.108,142.75,4650,0.733,0.701,4.61,3.2130584,0.038,89,0.209,0.959,6.46,0.36,958.3,2.1,2.3,325.59,13.61,X,-0.29,,,HAT-P-12 b,HAT-P-12 b,1,HAT-P-12,67.059,3.814,-3.814,0.3192,0.016,-0.016,963,b,3.2130598,0.0384,10.749,0.325,-0.235,2.3376,14/5/2014,0.701,4650,142.751,10.794,10.108
LHS 475,b,Transit,GO,1981,1,45,Failed,BOTS,G395H,SUB2048,NRSRAPID,9,45098.95,45099.01,4.64,Stevenson,0,19 20 57.1077 -82 33 35.24,7.686,12.48,3289,0.268,0.286,4.967,2.029101,0.02,87.29,-1,0.088,-1,-1,594.3,0.1,0.7,-1,0.24,X,-999,,,LHS 475 b,LHS 475 b,1,LHS 475,,,,,,,586,b,2.029088,0.02037,0.991,0.05,-0.05,0.725,19/9/2023,0.2789,3300,12.4814,8.555,7.686
TRAPPIST-1,e,Transit,GTO,1331,1,3,Executed,BOTS,PRISM,SUB512,NRSRAPID,5,45099.8,45100.02,5.65,Lewis,12,23 06 30.3652 -05 02 36.70,10.296,-1,2559,0.089,0.119,5.24,6.0995899,0.029,89.79,0.002,0.082,9.2,6.01,249.1,0.5,0.9,26.57,0,X,0.05,,,TRAPPIST-1 e,TRAPPIST-1 e,1,TRAPPIST-1,0.692,0.022,-0.022,4.901605,0.165408,-0.181949,249.7,e,6.101013,0.02925,0.92,0.013,-0.012,0.9293,14/11/2022,0.1192,2566,,11.354,10.296
WASP-107,b,Transit,GTO,1224,1,3,Executed,BOTS,G395H,SUB2048,NRSRAPID,20,45100.24,45100.55,8.59,Birkmann,12,12 33 32.7394 -10 08 46.38,8.637,64.74,4430,0.69,0.66,4.5,5.7214886,0.055,89.56,0.12,0.944,3.8,0.22,738,2.2,2.7,930.94,8.08,X,0.02,,,WASP-107 b,WASP-107 b,1,WASP-107,30.5,1.7,-1.7,0.134,0.015,-0.013,672.5,b,5.7214742,0.0553,10.55,0.32,-0.32,2.7528,10/12/2020,0.67,4425,64.7414,9.378,8.637
TRAPPIST-1,f,Transit,GTO,1201,1,104,Executed,SOSS,X,SUBSTRIP256,NISRAPID,18,45101.78,45101.95,5.13,Lafreniere,12,23 06 30.3652 -05 02 36.70,10.296,-1,2559,0.089,0.119,5.24,9.207115,0.039,89.68,0.003,0.093,9.58,5.5,217.1,0.7,1,25.31,0,X,0.05,,,TRAPPIST-1 f,TRAPPIST-1 f,1,TRAPPIST-1,1.039,0.031,-0.031,5.022904,0.13784,-0.159895,217.7,f,9.20754,0.03849,1.045,0.013,-0.012,1.048,14/11/2022,0.1192,2566,,11.354,10.296
L 98-59,d,Transit,GTO,1224,1,1,Executed,BOTS,G395H,SUB2048,NRSRAPID,6,45102.53,45102.74,5.34,Birkmann,12,08 18 7.8951 -68 18 52.25,7.101,10.62,3412,0.312,0.312,4.94,7.4507305,0.05,88.45,0.007,0.141,9.67,3.68,411,0.1,0.8,45.51,0.02,X,-0.5,,,L 98-59 d,L 98-59 d,1,L 98-59,1.64,0.07,-0.07,2.2,0.2,-0.2,416,d,7.450729,0.0494,1.627,0.041,-0.041,0.84,29/7/2025,0.3155,3415,10.6194,7.933,7.101
Kepler-51,d,Transit,GO,2571,1,1,Executed,BOTS,PRISM,SUB512,NRSRAPID,12,45103.09,45103.74,18.3,Libby-Roberts,12,19 45 55.1430 +49 56 15.54,13.197,783.83,5770,1.04,0.881,4.51,130.1780296,0.512,89.95,0.02,0.892,0.72,0.04,364.9,1.2,8.4,158.49,0,X,0.01,,,Kepler-51 d,Kepler-51 d,1,Kepler-51,7.6,1.1,-1.1,0.046,0.009,-0.009,381,d,130.194,0.509,9.7,0.5,-0.5,8.402,14/5/2014,0.94,6018,783.831,13.562,13.197
L 168-9,b,Transit,GO,2512,1,12,Executed,BOTS,G395H,SUB2048,NRSRAPID,4,45104.15,45104.38,5.97,Batalha,0,23 20 6.8620 -60 03 56.63,7.082,25.15,3800,0.62,0.6,4.359,1.4015222,0.021,85.5,0.014,0.13,22.73,9.33,982.9,0.1,1.1,11.71,2.18,X,0.04,,,L 168-9 b,L 168-9 b,1,L 168-9,4.07,0.45,-0.45,5.18,1.46,-1.46,998,b,1.40152604,0.0208,1.63,0.14,-0.14,1.02,30/8/2024,0.604,3842,25.1496,7.941,7.082
TRAPPIST-1,e,Transit,GTO,1331,1,1,Executed,BOTS,PRISM,SUB512,NRSRAPID,5,45105.92,45106.13,5.65,Lewis,12,23 06 30.3652 -05 02 36.70,10.296,-1,2559,0.089,0.119,5.24,6.0995899,0.029,89.79,0.002,0.082,9.2,6.01,249.1,0.5,0.9,26.57,0,X,0.05,,,TRAPPIST-1 e,TRAPPIST-1 e,1,TRAPPIST-1,0.692,0.022,-0.022,4.901605,0.165408,-0.181949,249.7,e,6.101013,0.02925,0.92,0.013,-0.012,0.9293,14/11/2022,0.1192,2566,,11.354,10.296
HD 189733,b,Eclipse,GO,2021,1,11,Executed,LRS,X,SLITLESSPRISM,FASTR1,5,45107.83,45108.07,6.34,Kilpatrick,12,20 00 43.7093 +22 42 35.19,5.541,19.76,5031.5,0.828,0.766,4.582,2.2185752,0.031,85.71,1.144,1.139,24.99,1.17,1204.9,2.3,1.8,861.48,299.93,X,-0.03,,,HD 189733 b,HD 189733 b,1,HD 189733,359.1479,25.4264,-25.4264,1.031,0.106,-0.09,1101.7,b,2.21857567,0.03126,12.66617,0.11209,-0.11209,1.8233621,3/12/2018,0.75,5052,19.7638,6.073,5.541
GJ 1132,b,Eclipse,GTO,1274,1,12,Executed,LRS,X,SLITLESSPRISM,FASTR1,28,45108.54,45108.78,6.42,Lunine,12,10 14 50.1767 -47 09 17.77,8.322,12.61,3270,0.181,0.216,4.881,1.6289302,0.015,88.16,0.005,0.106,12.86,6.48,591.6,0.2,0.8,44.36,0.44,X,-0.12,,,GJ 1132 b,GJ 1132 b,1,GJ 1132,1.83704819,0.19069704,-0.18751876,5.97,0.96,-0.79,583.8,b,1.62892911,0.0157,1.19151465,0.03811053,-0.04483592,0.76646,3/9/2024,0.2211,3229,12.613,9.245,8.322
HAT-P-26,b,Transit,GTO,1312,1,1,Executed,SOSS,X,SUBSTRIP256,NISRAPID,7,45109.05,45109.36,8.07,Lewis,12,14 12 37.5735 +04 03 33.83,9.581,141.84,5079,0.816,0.788,4.56,4.2345024,0.048,88.6,0.06,0.63,4.25,0.36,993.4,0.5,2.5,339.76,6.06,X,-0.04,,,HAT-P-26 b,HAT-P-26 b,1,HAT-P-26,22.2481,6.3566,-6.3566,0.4,0.1,-0.1,940.71,b,4.23452,0.0479,7.06167,0.44836,-0.44836,2.5166257,25/4/2018,0.87,5079,141.837,10.08,9.581
TRAPPIST-1,f,Transit,GTO,1201,1,102,Executed,SOSS,X,SUBSTRIP256,NISRAPID,18,45110.96,45111.14,5.13,Lafreniere,12,23 06 30.3652 -05 02 36.70,10.296,-1,2559,0.089,0.119,5.24,9.207115,0.039,89.68,0.003,0.093,9.58,5.5,217.1,0.7,1,25.31,0,X,0.05,,,TRAPPIST-1 f,TRAPPIST-1 f,1,TRAPPIST-1,1.039,0.031,-0.031,5.022904,0.13784,-0.159895,217.7,f,9.20754,0.03849,1.045,0.013,-0.012,1.048,14/11/2022,0.1192,2566,,11.354,10.296
WASP-107,b,Transit,GTO,1185,1,9,Executed,GTS,GRISMR+F444W,SUBGRISM256,BRIGHT2,15,45111.68,45112.04,9.43,Greene,12,12 33 32.7426 -10 08 46.37,8.637,64.74,4430,0.69,0.66,4.5,5.7214886,0.055,89.56,0.12,0.944,3.8,0.22,738,2.2,2.7,930.94,8.08,X,0.02,,,WASP-107 b,WASP-107 b,1,WASP-107,30.5,1.7,-1.7,0.134,0.015,-0.013,672.5,b,5.7214742,0.0553,10.55,0.32,-0.32,2.7528,10/12/2020,0.67,4425,64.7414,9.378,8.637
K2-141,b,PhaseC,GO,2159,1,1,Executed,BOTS,G395H,SUB2048,NRSRAPID,10,45112.25,45112.78,14.91,Espinoza,12,23 23 40.0950 -01 11 21.05,8.401,61.87,4570,0.707,0.681,4.602,0.2803244,0.007,86.3,0.016,0.135,25.16,9.99,2126.3,0.1,0.9,10,8.87,X,0.02,,,K2-141 b,K2-141 b,1,K2-141,4.97,0.35,-0.34,7.93,1,-0.91,2103,b,0.2803244,0.00747,1.51,0.05,-0.05,0.868,17/4/2023,0.681,4570,61.8736,9.086,8.401
LHS 1140,b,Transit,GO,2334,1,2,Executed,BOTS,G235H,SUB2048,NRSRAPID,8,45112.83,45113.11,7.26,Damiano,12,00 44 59.6717 -15 16 26.79,8.821,14.99,3131,0.179,0.214,5.049,24.737165,0.094,89.89,0.0176,0.1543,24.48,5.9,226,0.5,2.1,69.87,0,X,-0.24,unsure,yes,LHS 1140 b,LHS 1140 b,1,LHS 1140,5.6,0.19,-0.19,5.9,0.3,-0.3,226,b,24.73723,0.0946,1.73,0.025,-0.025,2.15,4/3/2024,0.2159,3096,14.9861,9.612001,8.821
TRAPPIST-1,b,Eclipse,GTO,1279,1,4,Executed,F1280W,X,FULL,FASTR1,15,45113.34,45113.55,5.35,Lagage,12,23 06 29.3600 -05 02 29.20,10.296,-1,2562.5,0.09,0.117,5.258,1.51087,0.012,89.53,0.003,0.1,9.15,4.92,393.5,0.8,0.6,53.26,0.02,X,0.04,,,TRAPPIST-1 b,TRAPPIST-1 b,1,TRAPPIST-1,1.374,0.069,-0.069,5.441939,0.264654,-0.275681,802.86,b,1.510826,0.01154,1.116,0.014,-0.012,0.601,14/11/2022,0.1192,2566,,11.354,10.296
TRAPPIST-1,b,Eclipse,GTO,1279,1,5,Executed,F1280W,X,FULL,FASTR1,15,45114.85,45115.06,5.35,Lagage,12,23 06 29.3600 -05 02 29.20,10.296,-1,2562.5,0.09,0.117,5.258,1.51087,0.012,89.53,0.003,0.1,9.15,4.92,393.5,0.8,0.6,53.26,0.02,X,0.04,,,TRAPPIST-1 b,TRAPPIST-1 b,1,TRAPPIST-1,1.374,0.069,-0.069,5.441939,0.264654,-0.275681,802.86,b,1.510826,0.01154,1.116,0.014,-0.012,0.601,14/11/2022,0.1192,2566,,11.354,10.296
L 98-59,c,Transit,GO,2512,1,16,Executed,BOTS,G395H,SUB2048,NRSRAPID,4,45116.5,45116.7,5.91,Batalha,0,08 18 7.8865 -68 18 52.08,7.101,10.62,3412,0.312,0.312,4.94,3.6906745,0.031,88.5,0.007,0.12,13.83,6.15,519.5,0.2,1.3,34.45,0.16,X,-0.5,,,L 98-59 c,L 98-59 c,1,L 98-59,2,0.13,-0.13,4.7,0.5,-0.4,526,c,3.6906764,0.0309,1.329,0.029,-0.029,1.28,29/7/2025,0.3155,3415,10.6194,7.933,7.101
L 98-59,c,Transit,GO,2512,1,15,Executed,BOTS,G395H,SUB2048,NRSRAPID,4,45120.16,45120.39,5.91,Batalha,0,08 18 7.8865 -68 18 52.08,7.101,10.62,3412,0.312,0.312,4.94,3.6906745,0.031,88.5,0.007,0.12,13.83,6.15,519.5,0.2,1.3,34.45,0.16,X,-0.5,,,L 98-59 c,L 98-59 c,1,L 98-59,2,0.13,-0.13,4.7,0.5,-0.4,526,c,3.6906764,0.0309,1.329,0.029,-0.029,1.28,29/7/2025,0.3155,3415,10.6194,7.933,7.101
TOI-178,b,Transit,GO,2319,1,3,Executed,BOTS,G395M,SUB2048,NRSRAPID,7,45120.58,45120.85,7.37,Hooton,12,00 29 12.4828 -30 27 14.82,8.656,62.7,4316,0.65,0.651,4.45,1.914558,0.026,88.8,0.005,0.103,12.66,6.59,1040,0,1.7,7.22,0.57,X,-0.23,unsure,no,TOI-178 b,TOI-178 b,1,TOI-178,1.5,0.39,-0.44,5.4,1.9,-1.7,1040,b,1.914558,0.02607,1.152,0.073,-0.07,1.692,12/3/2021,0.651,4316,62.699,9.372,8.656
TRAPPIST-1,h,Transit,GO,1981,1,53,Executed,BOTS,PRISM,SUB512,NRSRAPID,5,45121.11,45121.32,5.67,Stevenson,0,23 06 30.3341 -05 02 36.46,10.296,-1,2559,0.09,0.118,5.258,18.7700702,0.062,89.78,0.001,0.067,6.46,5.13,170.4,0.3,1.3,21.7,0,X,0.05,,,TRAPPIST-1 h,TRAPPIST-1 h,1,TRAPPIST-1,0.326,0.02,-0.02,4.16278,0.325303,-0.303249,171.7,h,18.772866,0.06189,0.755,0.014,-0.014,1.269,14/11/2022,0.1192,2566,,11.354,10.296
HD 209458,b,Transit,GO,2667,1,51,Executed,LRS,X,SLITLESSPRISM,FASTR1,7,45121.6,45121.95,9.37,Wakeford,12,22 03 10.8053 +18 53 3.27,6.308,48.3,6065,1.119,1.18,4.361,3.5247486,0.047,86.71,0.685,1.38,10.2,0.4,1464.3,1.6,3,920.51,191.81,X,0,,,HD 209458 b,HD 209458 b,1,HD 209458,232.0159,12.7132,-12.7132,0.333,0.014,-0.013,1371,b,3.52474859,0.04634,15.58051,0.22418,-0.22418,2.958,3/12/2018,1.19,6091,48.3016,6.591,6.308
TRAPPIST-1,b,Eclipse,GTO,1279,1,2,Executed,F1280W,X,FULL,FASTR1,15,45122.44,45122.63,5.35,Lagage,12,23 06 29.3600 -05 02 29.20,10.296,-1,2562.5,0.09,0.117,5.258,1.51087,0.012,89.53,0.003,0.1,9.15,4.92,393.5,0.8,0.6,53.26,0.02,X,0.04,,,TRAPPIST-1 b,TRAPPIST-1 b,1,TRAPPIST-1,1.374,0.069,-0.069,5.441939,0.264654,-0.275681,802.86,b,1.510826,0.01154,1.116,0.014,-0.012,0.601,14/11/2022,0.1192,2566,,11.354,10.296
HD 15337,b,Transit,GO,2512,1,17,Executed,BOTS,G395H,SUB2048,NRSRAPID,4,45123.91,45124.25,9.04,Batalha,0,02 27 28.2923 -27 38 10.02,7.044,44.82,5131,0.851,0.848,4.428,4.7560652,0.052,88.5,0.023,0.153,27.51,9.64,996.3,0,2.5,38.8,0.99,X,0.03,unsure,no,HD 15337 b,HD 15337 b,1,HD 15337,6.519,0.409,-0.4,6.458,0.518,-0.51,909.53,b,4.7559804,0.05245,1.77,0.032,-0.03,2.5469696,12/2/2025,0.855,5131,44.8155,7.553,7.044
GJ 1214,b,Transit,GTO,1185,1,18,Executed,BOTS,G395H,SUB2048,NRSRAPID,16,45125.26,45125.51,6.37,Greene,12,17 15 19.5552 +04 57 38.07,8.782,14.64,3026,0.157,0.211,5,1.5804046,0.015,88.94,0.02,0.24,9.86,2.2,549.1,1.3,0.9,680.55,1.24,X,0.1,flat,yes,GJ 1214 b,GJ 1214 b,1,GJ 1214,8.41,0.36,-0.35,2.26,0.11,-0.11,567,b,1.580404531,0.01505,2.733,0.033,-0.031,0.86966,25/3/2024,0.2162,3101,14.6427,9.75,8.782
GJ 1214,b,Transit,GTO,1185,1,19,Executed,BOTS,G395H,SUB2048,NRSRAPID,16,45126.84,45127.09,6.37,Greene,12,17 15 19.5552 +04 57 38.07,8.782,14.64,3026,0.157,0.211,5,1.5804046,0.015,88.94,0.02,0.24,9.86,2.2,549.1,1.3,0.9,680.55,1.24,X,0.1,,,GJ 1214 b,GJ 1214 b,1,GJ 1214,8.41,0.36,-0.35,2.26,0.11,-0.11,567,b,1.580404531,0.01505,2.733,0.033,-0.031,0.86966,25/3/2024,0.2162,3101,14.6427,9.75,8.782
HAT-P-1,b,Transit,GTO,1201,1,3,Executed,SOSS,X,SUBSTRIP256,NISRAPID,4,45127.83,45128.13,8.46,Lafreniere,12,22 57 46.8872 +38 40 29.71,8.858,158.98,5980,1.133,1.142,4.382,4.4652991,0.055,85.9,0.527,1.297,8.89,0.37,1310.7,1.4,2.8,292.8,39.56,X,0.13,,,HAT-P-1 b,HAT-P-1 b,1,HAT-P-1,166.86075,6.03877,-6.03877,0.282,0.01,-0.009,1322,b,4.46529976,0.05561,14.784671,0.212971,-0.212971,2.85,8/9/2015,1.174,5980,158.979,9.156,8.858
TRAPPIST-1,f,Transit,GTO,1201,1,103,Executed,SOSS,X,SUBSTRIP256,NISRAPID,18,45129.38,45129.56,5.13,Lafreniere,12,23 06 30.3652 -05 02 36.70,10.296,-1,2559,0.089,0.119,5.24,9.207115,0.039,89.68,0.003,0.093,9.58,5.5,217.1,0.7,1,25.31,0,X,0.05,,,TRAPPIST-1 f,TRAPPIST-1 f,1,TRAPPIST-1,1.039,0.031,-0.031,5.022904,0.13784,-0.159895,217.7,f,9.20754,0.03849,1.045,0.013,-0.012,1.048,14/11/2022,0.1192,2566,,11.354,10.296
TRAPPIST-1,b,Eclipse,GTO,1279,1,3,Executed,F1280W,X,FULL,FASTR1,15,45129.96,45130.17,5.35,Lagage,12,23 06 29.3600 -05 02 29.20,10.296,-1,2562.5,0.09,0.117,5.258,1.51087,0.012,89.53,0.003,0.1,9.15,4.92,393.5,0.8,0.6,53.26,0.02,X,0.04,,,TRAPPIST-1 b,TRAPPIST-1 b,1,TRAPPIST-1,1.374,0.069,-0.069,5.441939,0.264654,-0.275681,802.86,b,1.510826,0.01154,1.116,0.014,-0.012,0.601,14/11/2022,0.1192,2566,,11.354,10.296
TRAPPIST-1,e,Transit,GTO,1331,1,104,Executed,BOTS,PRISM,SUB512,NRSRAPID,5,45130.31,45130.52,5.65,Lewis,12,23 06 30.3652 -05 02 36.70,10.296,-1,2559,0.089,0.119,5.24,6.0995899,0.029,89.79,0.002,0.082,9.2,6.01,249.1,0.5,0.9,26.57,0,X,0.05,,,TRAPPIST-1 e,TRAPPIST-1 e,1,TRAPPIST-1,0.692,0.022,-0.022,4.901605,0.165408,-0.181949,249.7,e,6.101013,0.02925,0.92,0.013,-0.012,0.9293,14/11/2022,0.1192,2566,,11.354,10.296
HD 15337,c,Transit,GO,2512,1,18,Executed,BOTS,G395H,SUB2048,NRSRAPID,4,45131.17,45131.44,7.8,Batalha,0,02 27 28.2923 -27 38 10.02,7.044,44.82,5131,0.851,0.848,4.428,17.179473,0.125,88.41,0.026,0.219,15.06,3.68,644.2,0.1,2.2,65.71,0.18,X,0.03,unsure,no,HD 15337 c,HD 15337 c,1,HD 15337,6.792,1.302,-1.143,2.303,0.505,-0.414,592.77,c,17.180546,0.1235,2.526,0.086,-0.075,2.1004813,12/2/2025,0.855,5131,44.8155,7.553,7.044
HAT-P-26,b,Eclipse,GTO,1312,1,104,Executed,BOTS,G395H,SUB2048,NRSRAPID,48,45132.38,45132.7,9.1,Lewis,12,14 12 37.5735 +04 03 33.83,9.581,141.84,5079,0.816,0.788,4.56,4.2345024,0.048,88.6,0.06,0.63,4.25,0.36,993.4,0.5,2.5,339.76,6.06,X,-0.04,,,HAT-P-26 b,HAT-P-26 b,1,HAT-P-26,22.2481,6.3566,-6.3566,0.4,0.1,-0.1,940.71,b,4.23452,0.0479,7.06167,0.44836,-0.44836,2.5166257,25/4/2018,0.87,5079,141.837,10.08,9.581
LHS 1140,b,Transit,GO,2334,1,1,Executed,BOTS,G395H,SUB2048,NRSRAPID,15,45137.57,45137.84,7.26,Damiano,12,00 44 59.6717 -15 16 26.79,8.821,14.99,3131,0.179,0.214,5.049,24.737165,0.094,89.89,0.0176,0.1543,24.48,5.9,226,0.5,2.1,69.87,0,X,-0.24,,,LHS 1140 b,LHS 1140 b,1,LHS 1140,5.6,0.19,-0.19,5.9,0.3,-0.3,226,b,24.73723,0.0946,1.73,0.025,-0.025,2.15,4/3/2024,0.2159,3096,14.9861,9.612001,8.821
GJ 3090,b,Transit,GO,4098,2,13,Executed,BOTS,G395H,SUB2048,NRSRAPID,4,45140.66,45140.86,5.22,Benneke,0,01 21 45.2173 -46 42 53.04,7.294,22.48,3629.5,0.519,0.518,4.745,2.8531035,0.032,87.14,0.011,0.185,8.69,2.51,708,0.1,1.2,252.99,1.03,X,-0.06,,,GJ 3090 b,GJ 3090 b,1,GJ 3090,3.34,0.72,-0.72,1.89,0.52,-0.45,693,b,2.8531054,0.03165,2.13,0.11,-0.11,1.281,28/11/2023,0.516,3556,22.4751,8.168,7.294
LTT 1445 A,b,Transit,GO,2512,1,14,Executed,BOTS,G395H,SUB2048,NRSRAPID,3,45141.03,45141.06,6.3,Batalha,0,03 01 50.9947 -16 35 40.18,6.496,6.87,3340,0.256,0.276,4.967,5.3587657,0.038,89.4,0.008,0.121,15.3,6.75,433.6,0.2,1.4,44.25,0.05,X,-0.34,,,LTT 1445 A b,LTT 1445 A b,1,LTT 1445 A,2.32,0.25,-0.25,4.36,0.74,-0.74,555,b,5.35876,0.022,1.18,0.06,-0.06,1.392,22/8/2023,0.265,3340,6.86929,7.294,6.496
LTT 1445 A,b,Eclipse,GO,2708,1,3,Executed,LRS,X,SLITLESSPRISM,FASTR1,5,45143.68,45143.89,5.45,Berta-Thompson,12,03 01 50.9800 -16 35 40.32,6.496,6.87,3340,0.256,0.276,4.967,5.3587657,0.038,89.4,0.008,0.121,15.3,6.75,433.6,0.2,1.4,44.25,0.05,X,-0.34,,,LTT 1445 A b,LTT 1445 A b,1,LTT 1445 A,2.32,0.25,-0.25,4.36,0.74,-0.74,555,b,5.35876,0.022,1.18,0.06,-0.06,1.392,22/8/2023,0.265,3340,6.86929,7.294,6.496
TOI-178,d,Transit,GO,2319,1,1,Executed,BOTS,G395M,SUB2048,NRSRAPID,7,45144.91,45145.21,8.42,Hooton,12,00 29 12.4828 -30 27 14.82,8.656,62.7,4213.5,0.65,0.656,4.503,6.5577756,0.059,88.58,0.009,0.228,5.15,1.21,676.3,0.1,2.2,167.33,0.3,X,-0.23,unsure,no,TOI-178 d,TOI-178 d,1,TOI-178,3.01,0.8,-1.03,0.976,0.3,-0.34,690,d,6.5577,0.0592,2.572,0.075,-0.078,2.346,12/3/2021,0.651,4316,62.699,9.372,8.656
LHS 3844,b,Eclipse,GO,1846,1,2,Failed,LRS,X,SLITLESSPRISM,FASTR1,30,45156.26,45156.31,4.08,Kreidberg,12,22 41 59.0890 -69 10 19.59,9.145,14.88,3036,0.151,0.189,5.06,0.4629294,0.006,88.5,-1,0.119,-1,-1,807,0.4,0.5,-1,4.03,X,-999,,,LHS 3844 b,LHS 3844 b,1,LHS 3844,,,,,,,805,b,0.46292913,0.00622,1.303,0.022,-0.022,0.5212,22/1/2019,0.189,3036,14.8846,10.046,9.145001
HD 15337,c,Transit,GO,2512,1,19,Executed,BOTS,G395H,SUB2048,NRSRAPID,4,45165.43,45165.73,7.8,Batalha,0,02 27 28.2923 -27 38 10.02,7.044,44.82,5131,0.851,0.848,4.428,17.179473,0.125,88.41,0.026,0.219,15.06,3.68,644.2,0.1,2.2,65.71,0.18,X,0.03,unsure,no,HD 15337 c,HD 15337 c,1,HD 15337,6.792,1.302,-1.143,2.303,0.505,-0.414,592.77,c,17.180546,0.1235,2.526,0.086,-0.075,2.1004813,12/2/2025,0.855,5131,44.8155,7.553,7.044
TOI-421,b,Transit,GO,1935,1,2,Executed,BOTS,G395M,SUB2048,NRSRAPID,4,45179.42,45179.63,5.53,Kempton,12,05 27 24.8259 -14 16 37.05,8.071,74.8,5325,0.842,0.866,4.48,5.197576,0.056,85.68,0.022,0.236,11.15,2.53,1012.5,0,1.1,89.72,1.42,X,-0.03,clear,yes,TOI-421 b,TOI-421 b,1,TOI-421,6.7,0.6,-0.6,2.040038,0.275681,-0.275681,922,b,5.197576,0.0554,2.64,0.08,-0.08,1.09,7/8/2024,0.866,5291,74.7969,8.547,8.071
GJ 3090,b,Transit,GO,4098,2,14,Executed,BOTS,G395H,SUB2048,NRSRAPID,4,45192.01,45192.22,5.22,Benneke,0,01 21 45.2173 -46 42 53.04,7.294,22.48,3629.5,0.519,0.518,4.745,2.8531035,0.032,87.14,0.011,0.185,8.69,2.51,708,0.1,1.2,252.99,1.03,X,-0.06,,,GJ 3090 b,GJ 3090 b,1,GJ 3090,3.34,0.72,-0.72,1.89,0.52,-0.45,693,b,2.8531054,0.03165,2.13,0.11,-0.11,1.281,28/11/2023,0.516,3556,22.4751,8.168,7.294
WASP-63,b,Transit,GO,2113,1,5,Executed,SOSS,X,SUBSTRIP256,NISRAPID,4,45197.75,45198.26,13.8,Espinoza,12,06 17 20.7248 -38 19 24.19,9.393,290.68,5560,1.28,1.86,4.01,4.378082,0.056,87.8,0.37,1.382,5.49,0.21,1548.1,0.6,5.4,175.92,25.2,X,0.08,,,WASP-63 b,WASP-63 b,1,WASP-63,117.5971,28.6047,-28.6047,0.179,0.14,-0.07,1469.91,b,4.37808,0.05417,15.80469,1.56926,-1.56926,5.3900978,25/4/2018,1.86,5550,290.684,9.818,9.393
LHS 3844,b,Eclipse,GO,1846,1,102,Executed,LRS,X,SLITLESSPRISM,FASTR1,30,45199.34,45199.5,4.08,Kreidberg,12,22 41 59.0890 -69 10 19.59,9.145,14.88,3036,0.151,0.189,5.06,0.4629294,0.006,88.5,-1,0.119,-1,-1,807,0.4,0.5,-1,4.03,X,-999,,,LHS 3844 b,LHS 3844 b,1,LHS 3844,,,,,,,805,b,0.46292913,0.00622,1.303,0.022,-0.022,0.5212,22/1/2019,0.189,3036,14.8846,10.046,9.145001
L 231-32,d,Transit,GO,4098,2,17,Executed,BOTS,G395H,SUB2048,NRSRAPID,11,45203.11,45203.38,7.22,Benneke,0,04 33 39.8638 -51 57 26.75,-1,-1,-1,-1,-1,-1,-1,-1,-1,-1,-1,-1,-1,-1,-1,-1,-1,-1,X,-999,,,L 231-32 d,,,,,,,,,,,,,,,,,,,,,,,
WASP-80,b,Transit,GTO,1185,1,103,Executed,GTS,GRISMR+F444W,SUBGRISM256,BRIGHT2,12,45205.37,45205.68,7.95,Greene,12,20 12 40.0319 -02 08 39.97,8.351,49.79,4145,0.57,0.571,4.668,3.0678527,0.034,89.02,0.55,0.969,16.6,0.92,814.3,2.9,2.1,367.92,25.26,X,-0.14,,,WASP-80 b,WASP-80 b,1,WASP-80,170.99254,11.12405,-11.44188,0.717,0.039,-0.032,825,b,3.06785234,0.0344,11.197791,0.33627,-0.347479,2.131,16/4/2015,0.586,4143,49.7876,9.218,8.351
TOI-5205,b,Transit,GO,3171,2,16,Executed,BOTS,PRISM,SUB512,NRSRAPID,4,45209.19,45209.44,6.84,Kanodia,0,20 55 4.9164 +24 21 38.71,11.006,86.45,3346,0.392,0.397,4.835,1.6307046,0.02,88.21,1.08,1.011,29.97,1.59,720.7,6.8,1.3,114.6,12.19,X,0,,,TOI-5205 b,TOI-5205 b,1,TOI-5205,343,18,-17,1.21,0.11,-0.11,737,b,1.630757,0.0199,11.6,0.3,-0.3,1.4,15/3/2023,0.394,3430,86.4493,11.926,11.006
TOI-5205,b,Transit,GO,3171,2,17,Executed,BOTS,PRISM,SUB512,NRSRAPID,4,45210.81,45211.07,6.84,Kanodia,0,20 55 4.9164 +24 21 38.71,11.006,86.45,3346,0.392,0.397,4.835,1.6307046,0.02,88.21,1.08,1.011,29.97,1.59,720.7,6.8,1.3,114.6,12.19,X,0,,,TOI-5205 b,TOI-5205 b,1,TOI-5205,343,18,-17,1.21,0.11,-0.11,737,b,1.630757,0.0199,11.6,0.3,-0.3,1.4,15/3/2023,0.394,3430,86.4493,11.926,11.006
TOI-5205,b,Transit,GO,3171,2,18,Executed,BOTS,PRISM,SUB512,NRSRAPID,4,45212.44,45212.71,6.84,Kanodia,0,20 55 4.9164 +24 21 38.71,11.006,86.45,3346,0.392,0.397,4.835,1.6307046,0.02,88.21,1.08,1.011,29.97,1.59,720.7,6.8,1.3,114.6,12.19,X,0,,,TOI-5205 b,TOI-5205 b,1,TOI-5205,343,18,-17,1.21,0.11,-0.11,737,b,1.630757,0.0199,11.6,0.3,-0.3,1.4,15/3/2023,0.394,3430,86.4493,11.926,11.006
WASP-80,b,Eclipse,GTO,1201,1,7,Executed,SOSS,X,SUBSTRIP256,NISRAPID,4,45225.31,45225.59,6.97,Lafreniere,12,20 12 40.0319 -02 08 39.97,8.351,49.79,4145,0.57,0.571,4.668,3.0678527,0.034,89.02,0.55,0.969,16.6,0.92,814.3,2.9,2.1,367.92,25.26,X,-0.14,,,WASP-80 b,WASP-80 b,1,WASP-80,170.99254,11.12405,-11.44188,0.717,0.039,-0.032,825,b,3.06785234,0.0344,11.197791,0.33627,-0.347479,2.131,16/4/2015,0.586,4143,49.7876,9.218,8.351
WASP-121,b,PhaseC,GTO,1201,1,1,Executed,SOSS,X,SUBSTRIP256,NISRAPID,6,45225.69,45227.28,43.85,Lafreniere,12,07 10 24.0555 -39 05 50.17,9.374,269.9,6459,1.353,1.458,4.242,1.274925,0.025,88.04,1.17,1.8,10.24,0.3,2357.9,1.7,2.9,307.36,165.69,X,0.13,,,WASP-121 b,WASP-121 b,1,WASP-121,367.7274669,22.24798849,-22.24798849,0.266,0.024,-0.022,2473,b,1.27492504,0.02596,19.64934317,0.40352331,-0.40352331,2.9053,1/8/2022,1.458,6459,269.898,9.625,9.374
TRAPPIST-1,e,Transit,GTO,1331,1,2,Executed,BOTS,PRISM,SUB512,NRSRAPID,5,45227.91,45228.11,5.65,Lewis,12,23 06 30.3652 -05 02 36.70,10.296,-1,2559,0.089,0.119,5.24,6.0995899,0.029,89.79,0.002,0.082,9.2,6.01,249.1,0.5,0.9,26.57,0,X,0.05,,,TRAPPIST-1 e,TRAPPIST-1 e,1,TRAPPIST-1,0.692,0.022,-0.022,4.901605,0.165408,-0.181949,249.7,e,6.101013,0.02925,0.92,0.013,-0.012,0.9293,14/11/2022,0.1192,2566,,11.354,10.296
TRAPPIST-1,c,Transit,GO,2420,1,3,Executed,BOTS,PRISM,SUB512S,NRSRAPID,6,45228.4,45228.65,6.27,Meech,0,23 06 30.3341 -05 02 36.46,10.296,-1,2559,0.09,0.118,5.24,2.421848,0.016,89.62,0.004,0.096,12.67,7.07,337.4,0.7,0.7,31.19,0,X,0.04,,,TRAPPIST-1 c,TRAPPIST-1 c,1,TRAPPIST-1,1.308,0.056,-0.056,5.463993,0.220545,-0.237085,339.7,c,2.421937,0.0158,1.097,0.014,-0.012,0.7005,14/11/2022,0.1192,2566,,11.354,10.296
WASP-52,b,Transit,GO,3969,2,3,Executed,BOTS,G395H,SUB2048,NRSRAPID,35,45229.91,45230.2,7.52,Espinoza,12,23 13 58.7501 +08 45 39.86,10.086,174.82,5000,0.87,0.79,4.503,1.7497812,0.027,85.35,0.46,1.27,8.08,0.34,1300.2,2.9,1.9,371.56,57.4,X,0.03,,,WASP-52 b,WASP-52 b,1,WASP-52,146.2,6.36,-6.36,0.29,0.03,-0.03,1315,b,1.7497798,0.0272,14.24,0.34,-0.34,1.8096,14/5/2014,0.79,5000,174.818,10.588,10.086
TRAPPIST-1,c,Transit,GO,2589,1,4,Executed,SOSS,X,SUBSTRIP256,NISRAPID,18,45230.85,45231.09,6.76,Lim,0,23 06 30.3341 -05 02 36.46,10.296,-1,2559,0.09,0.118,5.24,2.421848,0.016,89.62,0.004,0.096,12.67,7.07,337.4,0.7,0.7,31.19,0,X,0.04,,,TRAPPIST-1 c,TRAPPIST-1 c,1,TRAPPIST-1,1.308,0.056,-0.056,5.463993,0.220545,-0.237085,339.7,c,2.421937,0.0158,1.097,0.014,-0.012,0.7005,14/11/2022,0.1192,2566,,11.354,10.296
GJ 3470,b,Eclipse,GTO,1201,1,10,Executed,BOTS,G395H,SUB2048,NRSRAPID,10,45234.27,45234.52,6.45,Lafreniere,12,07 59 5.6405 +15 23 28.35,7.989,29.42,3600,0.524,0.5,4.738,3.3366496,0.036,88.88,0.044,0.37,9.05,1.31,651.3,0.6,1.9,353.73,1.9,X,0.2,,,GJ 3470 b,GJ 3470 b,1,GJ 3470,13.9,1.5,-1.5,0.8,0.13,-0.13,593.5,b,3.3366496,0.0355,4.57,0.18,-0.18,1.8580034,28/1/2019,0.547,3600,29.4214,8.794,7.989
TOI-421,b,Transit,GO,1935,1,1,Executed,SOSS,X,SUBSTRIP96,NISRAPID,3,45236.56,45236.79,5.6,Kempton,12,05 27 24.8259 -14 16 37.05,8.071,74.8,5325,0.842,0.866,4.48,5.197576,0.056,85.68,0.022,0.236,11.15,2.53,1012.5,0,1.1,89.72,1.42,X,-0.03,,,TOI-421 b,TOI-421 b,1,TOI-421,6.7,0.6,-0.6,2.040038,0.275681,-0.275681,922,b,5.197576,0.0554,2.64,0.08,-0.08,1.09,7/8/2024,0.866,5291,74.7969,8.547,8.071
TRAPPIST-1,c,Transit,GO,2420,1,4,Executed,BOTS,PRISM,SUB512S,NRSRAPID,6,45238.09,45238.33,6.27,Meech,0,23 06 30.3341 -05 02 36.46,10.296,-1,2559,0.09,0.118,5.24,2.421848,0.016,89.62,0.004,0.096,12.67,7.07,337.4,0.7,0.7,31.19,0,X,0.04,,,TRAPPIST-1 c,TRAPPIST-1 c,1,TRAPPIST-1,1.308,0.056,-0.056,5.463993,0.220545,-0.237085,339.7,c,2.421937,0.0158,1.097,0.014,-0.012,0.7005,14/11/2022,0.1192,2566,,11.354,10.296
GJ 9827,d,Transit,GO,4098,2,7,Executed,SOSS,X,SUBSTRIP256,NISRAPID,2,45240.32,45240.5,5.07,Benneke,0,23 27 5.2388 -01 17 7.13,7.193,29.66,4255,0.62,0.602,4.68,6.2014698,0.056,87.44,0.01,0.18,8.98,2.66,671.8,0.1,1.2,175.62,0.41,X,-0.29,clear,yes,GJ 9827 d,GJ 9827 d,1,GJ 9827,3.02,0.58,-0.57,2.51,0.57,-0.51,675,d,6.20183,0.053,1.98,0.11,-0.1,1.248,15/10/2024,0.58,4236,29.661,7.984,7.193
TOI-178,g,Transit,GO,2319,1,102,Executed,BOTS,G395M,SUB2048,NRSRAPID,7,45241.12,45241.43,8.21,Hooton,12,00 29 12.4828 -30 27 14.82,8.656,62.7,4213.5,0.65,0.676,4.503,20.709002,0.128,88.82,0.012,0.295,4.03,0.73,467.9,0.2,2.2,183.19,0.03,X,-0.23,unsure,no,TOI-178 g,TOI-178 g,1,TOI-178,3.94,1.31,-1.62,0.915,0.36,-0.37,470,g,20.7095,0.1275,2.87,0.14,-0.13,2.167,12/3/2021,0.651,4316,62.699,9.372,8.656
HATS-72,b,Transit,GO,2594,1,1,Executed,BOTS,G395M,SUB2048,NRSRAPID,18,45244.98,45245.3,8.37,Spake,12,22 36 6.2016 -17 00 1.10,9.764,127.59,4656.1,0.731,0.721,4.585,7.3279485,0.067,89.56,0.125,0.785,5.77,0.39,739.4,1.4,3,254.14,2.59,X,0.1,,,HATS-72 b,HATS-72 b,1,HATS-72,39.855882,1.239537,-1.239537,0.411,0.015,-0.01,739.3,b,7.3279474,0.066517,8.0973816,0.0358688,-0.0358688,3.08472,21/2/2020,0.7214,4656.1,127.589,10.424,9.764
GJ 9827,d,Transit,GO,4098,2,8,Executed,SOSS,X,SUBSTRIP256,NISRAPID,2,45246.45,45246.66,5.07,Benneke,0,23 27 5.2388 -01 17 7.13,7.193,29.66,4255,0.62,0.602,4.68,6.2014698,0.056,87.44,0.01,0.18,8.98,2.66,671.8,0.1,1.2,175.62,0.41,X,-0.29,,,GJ 9827 d,GJ 9827 d,1,GJ 9827,3.02,0.58,-0.57,2.51,0.57,-0.51,675,d,6.20183,0.053,1.98,0.11,-0.1,1.248,15/10/2024,0.58,4236,29.661,7.984,7.193
TOI-260,b,Transit,GO,2512,1,1,Executed,BOTS,G395H,SUB2048,NRSRAPID,3,45246.76,45247.06,7.75,Batalha,0,00 19 5.5243 -09 57 58.14,6.549,20.19,4050,0.582,0.607,4.646,13.4758478,0.093,88.84,0.012,0.153,14.43,5.06,499.9,0.1,2.1,90.97,0.05,X,-0.34,unsure,no,TOI-260 b,TOI-260 b,1,TOI-260,4.23,1.6,-1.6,4.66,1.89,-1.89,493,b,13.475853,0.0943,1.71,0.08,-0.08,2.37,30/8/2024,0.607,4026,20.1852,7.376,6.549
TRAPPIST-1,c,Transit,GO,2420,1,2,Failed,BOTS,PRISM,SUB512S,NRSRAPID,6,45247.78,45247.8,6.27,Meech,0,23 06 30.3341 -05 02 36.46,10.296,-1,2559,0.09,0.118,5.24,2.421848,0.016,89.62,0.004,0.096,12.67,7.07,337.4,0.7,0.7,31.19,0,X,0.04,,,TRAPPIST-1 c,TRAPPIST-1 c,1,TRAPPIST-1,1.308,0.056,-0.056,5.463993,0.220545,-0.237085,339.7,c,2.421937,0.0158,1.097,0.014,-0.012,0.7005,14/11/2022,0.1192,2566,,11.354,10.296
LHS 1478,b,Eclipse,GO,3730,2,13,Executed,F1500W,X,SUB256,FASTR1,39,45248.79,45248.97,4.58,Diamond-Lowe,12,02 57 21.4288 +76 33 4.86,8.767,18.23,3397.5,0.236,0.253,4.921,1.9495391,0.018,87.45,0.007,0.118,15.04,6.85,606.3,0.2,0.8,25.46,0.35,X,-0.13,,,LHS 1478 b,LHS 1478 b,1,LHS 1478,2.33,0.2,-0.2,6.67,1.03,-0.89,595,b,1.9495378,0.01848,1.242,0.051,-0.049,0.705,23/4/2021,0.246,3381,18.2276,9.615,8.767
GJ 357,b,Transit,GTO,1201,1,201,Executed,SOSS,X,SUBSTRIP96,NISRAPID,2,45252.49,45252.72,5.78,Lafreniere,12,09 36 1.7915 -21 39 54.23,6.475,9.44,3505,0.342,0.337,4.94,3.9306128,0.036,89.12,0.006,0.109,13.92,6.86,520.7,0.1,1.3,35.38,0.14,X,-0.12,,,GJ 357 b,GJ 357 b,1,GJ 357,1.84,0.31,-0.31,5.6,1.7,-1.3,518,b,3.9306,0.036,1.2,0.06,-0.06,1.291,22/8/2023,0.337,3505,9.44181,7.337,6.475
TRAPPIST-1,b+c,PhaseC,GO,3077,2,1,Executed,F1500W,X,BRIGHTSKY,FASTR1,45,45252.77,45254.43,45.4,Gillon,0,23 06 29.3685 -05 02 29.04,-1,-1,-1,-1,-1,-1,-1,-1,-1,-1,-1,-1,-1,-1,-1,-1,-1,-1,X,-999,,,TRAPPIST-1 b,TRAPPIST-1 b,1,TRAPPIST-1,1.374,0.069,-0.069,5.441939,0.264654,-0.275681,802.86,b,1.510826,0.01154,1.116,0.014,-0.012,0.601,14/11/2022,0.1192,2566,,11.354,10.296
TRAPPIST-1,b+c,PhaseC,GO,3077,2,2,Executed,F1500W,X,BRIGHTSKY,FASTR1,45,45254.43,45255.29,24.04,Gillon,0,23 06 29.3685 -05 02 29.04,-1,-1,-1,-1,-1,-1,-1,-1,-1,-1,-1,-1,-1,-1,-1,-1,-1,-1,X,-999,,,TRAPPIST-1 b,TRAPPIST-1 b,1,TRAPPIST-1,1.374,0.069,-0.069,5.441939,0.264654,-0.275681,802.86,b,1.510826,0.01154,1.116,0.014,-0.012,0.601,14/11/2022,0.1192,2566,,11.354,10.296
LHS 1140,c,Eclipse,GO,3730,2,10,Executed,F1500W,X,SUB256,FASTR1,36,45257.72,45257.94,5.36,Diamond-Lowe,12,00 44 59.6827 -15 16 27.09,8.821,14.99,3131,0.182,0.214,5.049,3.7779329,0.027,89.92,0.0176,0.1543,24.48,5.9,226,0.3,1.1,28.57,0.02,X,-0.24,,,LHS 1140 c,LHS 1140 c,1,LHS 1140,1.91,0.06,-0.06,5.1,0.4,-0.4,422,c,3.77794,0.027,1.272,0.026,-0.026,1.13,4/3/2024,0.2159,3096,14.9861,9.612001,8.821
WASP-166,b,Transit,GO,2062,1,2,Failed,BOTS,G395M,SUB2048,NRSRAPID,3,45258.45,45258.51,11.46,Mayo,12,09 39 30.0251 -20 58 56.71,8.032,114.17,6050,1.19,1.22,4.34,5.44354,0.064,88,0.101,0.641,6.97,0.58,1272.7,0.3,3.6,229.7,11,X,0.19,,,WASP-166 b,WASP-166 b,1,WASP-166,32.10083,1.58915,-1.58915,0.54,0.09,-0.09,1270,b,5.44354,0.0641,7.06167,0.33627,-0.33627,3.6,19/7/2019,1.22,6050,114.173,8.35,8.032
TOI-1468,b,Eclipse,GO,3730,2,16,Executed,F1500W,X,SUB256,FASTR1,31,45259.9,45260.11,5.33,Diamond-Lowe,12,01 06 36.9279 +19 13 29.60,8.497,24.74,3382,0.346,0.369,4.855,1.8805201,0.021,88.14,0.01,0.125,17.84,7.64,682.8,0.1,1.1,13.67,0.48,X,-0.02,,,TOI-1468 b,TOI-1468 b,1,TOI-1468,3.04,0.46,-0.46,6.1,1.3,-1.1,683.5,b,1.8805201,0.02107,1.401,0.059,-0.06,1.09,11/6/2025,0.3714,3376,24.7399,9.343,8.497
TOI-260,b,Transit,GO,2512,1,2,Executed,BOTS,G395H,SUB2048,NRSRAPID,3,45260.25,45260.53,7.75,Batalha,0,00 19 5.5243 -09 57 58.14,6.549,20.19,4050,0.582,0.607,4.646,13.4758478,0.093,88.84,0.012,0.153,14.43,5.06,499.9,0.1,2.1,90.97,0.05,X,-0.34,unsure,no,TOI-260 b,TOI-260 b,1,TOI-260,4.23,1.6,-1.6,4.66,1.89,-1.89,493,b,13.475853,0.0943,1.71,0.08,-0.08,2.37,30/8/2024,0.607,4026,20.1852,7.376,6.549
LHS 1140,b,Transit,DD,6543,2,1,Executed,SOSS,X,SUBSTRIP256,NISRAPID,3,45261.25,45261.55,7.88,Cadieux,0,00 44 59.3309 -15 16 17.54,8.821,14.99,3131,0.179,0.214,5.049,24.737165,0.094,89.89,0.0176,0.1543,24.48,5.9,226,0.5,2.1,69.87,0,X,-0.24,,,LHS 1140 b,LHS 1140 b,1,LHS 1140,5.6,0.19,-0.19,5.9,0.3,-0.3,226,b,24.73723,0.0946,1.73,0.025,-0.025,2.15,4/3/2024,0.2159,3096,14.9861,9.612001,8.821
TOI-1468,b,Eclipse,GO,3730,2,17,Executed,F1500W,X,SUB256,FASTR1,31,45261.78,45261.99,5.33,Diamond-Lowe,12,01 06 36.9279 +19 13 29.60,8.497,24.74,3382,0.346,0.369,4.855,1.8805201,0.021,88.14,0.01,0.125,17.84,7.64,682.8,0.1,1.1,13.67,0.48,X,-0.02,,,TOI-1468 b,TOI-1468 b,1,TOI-1468,3.04,0.46,-0.46,6.1,1.3,-1.1,683.5,b,1.8805201,0.02107,1.401,0.059,-0.06,1.09,11/6/2025,0.3714,3376,24.7399,9.343,8.497
GJ 436,b,Eclipse,GTO,1177,1,5,Executed,LRS,X,SLITLESSPRISM,FASTR1,5,45262.65,45262.9,6.64,Greene,12,11 42 12.1620 +26 42 10.63,6.073,9.75,3456,0.452,0.448,4.804,2.6438975,0.029,86.7,0.073,0.368,15.28,2.22,657.9,0.6,1,634.67,6.52,X,-0.03,,,GJ 436 b,GJ 436 b,1,GJ 436,22.1,2.3,-2.3,1.8,0.29,-0.29,594.05,b,2.64388312,0.0291,4.17,0.168,-0.168,0.9689289,5/2/2015,0.455,3350,9.75321,6.9,6.073
WASP-127,b,Transit,GTO,1201,1,6,Executed,SOSS,X,SUBSTRIP256,NISRAPID,3,45263.3,45263.69,11.05,Lafreniere,12,10 42 14.1035 -03 50 6.00,8.641,159.51,5620,1.08,1.369,4.18,4.178062,0.05,88.2,0.172,1.311,2.84,0.12,1415,1,4.3,769.49,44.07,X,-0.18,,,WASP-127 b,WASP-127 b,1,WASP-127,52.346601,6.801562,-5.466676,0.097,0.013,-0.012,1313.74,b,4.17806203,0.0484,14.694999,0.280225,-0.325061,4.35288,13/11/2020,1.333,5620,159.507,9.092,8.641
GJ 357,b,Transit,GO,2512,1,7,Executed,BOTS,G395H,SUB2048,NRSRAPID,3,45264.2,45264.43,6.22,Batalha,0,09 36 1.7915 -21 39 54.23,6.475,9.44,3505,0.342,0.337,4.94,3.9306128,0.036,89.12,0.006,0.109,13.92,6.86,520.7,0.1,1.3,35.38,0.14,X,-0.12,,,GJ 357 b,GJ 357 b,1,GJ 357,1.84,0.31,-0.31,5.6,1.7,-1.3,518,b,3.9306,0.036,1.2,0.06,-0.06,1.291,22/8/2023,0.337,3505,9.44181,7.337,6.475
GJ 3090,b,Transit,GO,4098,2,12,Executed,SOSS,X,SUBSTRIP256,NISRAPID,2,45266.19,45266.4,5.19,Benneke,0,01 21 45.2173 -46 42 53.04,7.294,22.48,3629.5,0.519,0.518,4.745,2.8531035,0.032,87.14,0.011,0.185,8.69,2.51,708,0.1,1.2,252.99,1.03,X,-0.06,unsure,yes,GJ 3090 b,GJ 3090 b,1,GJ 3090,3.34,0.72,-0.72,1.89,0.52,-0.45,693,b,2.8531054,0.03165,2.13,0.11,-0.11,1.281,28/11/2023,0.516,3556,22.4751,8.168,7.294
GJ 436,b,Eclipse,GTO,1185,1,15,Executed,GTS,GRISMR+F444W,SUBGRISM64,BRIGHT2,5,45267.94,45268.19,6.58,Greene,12,11 42 12.1620 +26 42 10.63,6.073,9.75,3456,0.452,0.448,4.804,2.6438975,0.029,86.7,0.073,0.368,15.28,2.22,657.9,0.6,1,634.67,6.52,X,-0.03,,,GJ 436 b,GJ 436 b,1,GJ 436,22.1,2.3,-2.3,1.8,0.29,-0.29,594.05,b,2.64388312,0.0291,4.17,0.168,-0.168,0.9689289,5/2/2015,0.455,3350,9.75321,6.9,6.073
TRAPPIST-1,h,Transit,GO,1981,1,51,Executed,BOTS,PRISM,SUB512,NRSRAPID,5,45271.19,45271.42,5.67,Stevenson,0,23 06 30.3341 -05 02 36.46,10.296,-1,2559,0.09,0.118,5.258,18.7700702,0.062,89.78,0.001,0.067,6.46,5.13,170.4,0.3,1.3,21.7,0,X,0.05,,,TRAPPIST-1 h,TRAPPIST-1 h,1,TRAPPIST-1,0.326,0.02,-0.02,4.16278,0.325303,-0.303249,171.7,h,18.772866,0.06189,0.755,0.014,-0.014,1.269,14/11/2022,0.1192,2566,,11.354,10.296
GJ 436,b,Eclipse,GTO,1185,1,14,Executed,GTS,GRISMR+F322W2,SUBGRISM64,BRIGHT2,3,45281.15,45281.41,6.57,Greene,12,11 42 12.1620 +26 42 10.63,6.073,9.75,3456,0.452,0.448,4.804,2.6438975,0.029,86.7,0.073,0.368,15.28,2.22,657.9,0.6,1,634.67,6.52,X,-0.03,,,GJ 436 b,GJ 436 b,1,GJ 436,22.1,2.3,-2.3,1.8,0.29,-0.29,594.05,b,2.64388312,0.0291,4.17,0.168,-0.168,0.9689289,5/2/2015,0.455,3350,9.75321,6.9,6.073
LHS 1140,b,Transit,DD,6543,2,2,Executed,SOSS,X,SUBSTRIP256,NISRAPID,3,45285.98,45286.29,7.88,Cadieux,0,00 44 59.6827 -15 16 27.09,8.821,14.99,3131,0.179,0.214,5.049,24.737165,0.094,89.89,0.0176,0.1543,24.48,5.9,227.5,0.5,2.1,69.87,0,X,-0.24,,,LHS 1140 b,LHS 1140 b,1,LHS 1140,5.6,0.19,-0.19,5.9,0.3,-0.3,226,b,24.73723,0.0946,1.73,0.025,-0.025,2.15,4/3/2024,0.2159,3096,14.9861,9.612001,8.821
L 98-59,d,Transit,GO,4098,2,1,Executed,SOSS,X,SUBSTRIP96,NISRAPID,4,45288.75,45288.95,4.99,Benneke,0,08 18 7.8951 -68 18 46.87,7.101,10.62,3412,0.312,0.312,4.94,7.4507305,0.05,88.45,0.007,0.141,9.67,3.68,411,0.1,0.8,45.51,0.02,X,-0.5,,,L 98-59 d,L 98-59 d,1,L 98-59,1.64,0.07,-0.07,2.2,0.2,-0.2,416,d,7.450729,0.0494,1.627,0.041,-0.041,0.84,29/7/2025,0.3155,3415,10.6194,7.933,7.101
L 98-59,c,Transit,GTO,1201,1,301,Failed,SOSS,X,SUBSTRIP96,NISRAPID,4,45289.87,45289.93,5.44,Lafreniere,12,08 18 7.8865 -68 18 52.08,7.101,10.62,3412,0.312,0.312,4.94,3.6906745,0.031,88.5,0.007,0.12,13.83,6.15,519.5,0.2,1.3,34.45,0.16,X,-0.5,,,L 98-59 c,L 98-59 c,1,L 98-59,2,0.13,-0.13,4.7,0.5,-0.4,526,c,3.6906764,0.0309,1.329,0.029,-0.029,1.28,29/7/2025,0.3155,3415,10.6194,7.933,7.101
WASP-166,b,Transit,GO,2062,1,4,Executed,SOSS,X,SUBSTRIP96,NISRAPID,2,45291.1,45291.54,11.5,Mayo,12,09 39 30.0251 -20 58 56.71,8.032,114.17,6050,1.19,1.22,4.34,5.44354,0.064,88,0.101,0.641,6.97,0.58,1272.7,0.3,3.6,229.7,11,X,0.19,,,WASP-166 b,WASP-166 b,1,WASP-166,32.10083,1.58915,-1.58915,0.54,0.09,-0.09,1270,b,5.44354,0.0641,7.06167,0.33627,-0.33627,3.6,19/7/2019,1.22,6050,114.173,8.35,8.032
HATS-6,b,Transit,GO,3171,2,6,Executed,BOTS,PRISM,SUB512,NRSRAPID,4,45306.11,45306.41,7.61,Kanodia,0,05 52 35.2367 -19 01 53.97,11.224,169.32,3724,0.574,0.57,4.683,3.3252709,0.036,88.21,0.319,1.012,8.83,0.47,712.3,3.4,2,168.99,4.11,X,0.2,,,HATS-6 b,HATS-6 b,1,HATS-6,101.38777,22.2481,-22.2481,0.399,0.089,-0.089,712.8,b,3.3252725,0.03623,11.186582,0.212971,-0.212971,2.04096,14/5/2015,0.57,3724,169.318,12.046,11.224
WASP-166,b,Transit,GO,2062,1,3,Executed,BOTS,G395M,SUB2048,NRSRAPID,3,45307.46,45307.88,11.46,Mayo,12,09 39 30.0251 -20 58 56.71,8.032,114.17,6050,1.19,1.22,4.34,5.44354,0.064,88,0.101,0.641,6.97,0.58,1272.7,0.3,3.6,229.7,11,X,0.19,,,WASP-166 b,WASP-166 b,1,WASP-166,32.10083,1.58915,-1.58915,0.54,0.09,-0.09,1270,b,5.44354,0.0641,7.06167,0.33627,-0.33627,3.6,19/7/2019,1.22,6050,114.173,8.35,8.032
TOI-1468,b,Eclipse,GO,3730,2,18,Executed,F1500W,X,SUB256,FASTR1,31,45308.79,45309.01,5.33,Diamond-Lowe,12,01 06 36.9279 +19 13 29.60,8.497,24.74,3382,0.346,0.369,4.855,1.8805201,0.021,88.14,0.01,0.125,17.84,7.64,682.8,0.1,1.1,13.67,0.48,X,-0.02,,,TOI-1468 b,TOI-1468 b,1,TOI-1468,3.04,0.46,-0.46,6.1,1.3,-1.1,683.5,b,1.8805201,0.02107,1.401,0.059,-0.06,1.09,11/6/2025,0.3714,3376,24.7399,9.343,8.497
K2-18,b,Transit,GO,2372,1,1,Executed,BOTS,G235H,SUB2048,NRSRAPID,9,45309.04,45309.47,11.34,Hu,12,11 30 14.4338 +07 35 16.19,8.899,38.03,3457,0.413,0.411,4.786,32.9398375,0.146,89.58,0.027,0.203,18.6,4.89,279.6,0.3,2.7,38.9,0,X,0.12,,,K2-18 b,K2-18 b,1,K2-18,8.92,1.7,-1.6,4.11,1.72,-1.18,284,b,32.939623,0.1429,2.37,0.22,-0.22,2.3059589,18/3/2019,0.411,3457,38.0266,9.763,8.899
LHS 1478,b,Eclipse,GO,3730,2,12,Executed,F1500W,X,SUB256,FASTR1,39,45311.17,45311.36,4.58,Diamond-Lowe,12,02 57 21.4288 +76 33 4.86,8.767,18.23,3397.5,0.236,0.253,4.921,1.9495391,0.018,87.45,0.007,0.118,15.04,6.85,606.3,0.2,0.8,25.46,0.35,X,-0.13,,,LHS 1478 b,LHS 1478 b,1,LHS 1478,2.33,0.2,-0.2,6.67,1.03,-0.89,595,b,1.9495378,0.01848,1.242,0.051,-0.049,0.705,23/4/2021,0.246,3381,18.2276,9.615,8.767
HATS-6,b,Transit,GO,3171,2,7,Executed,BOTS,PRISM,SUB512,NRSRAPID,4,45312.76,45313.06,7.61,Kanodia,0,05 52 35.2367 -19 01 53.97,11.224,169.32,3724,0.574,0.57,4.683,3.3252709,0.036,88.21,0.319,1.012,8.83,0.47,712.3,3.4,2,168.99,4.11,X,0.2,,,HATS-6 b,HATS-6 b,1,HATS-6,101.38777,22.2481,-22.2481,0.399,0.089,-0.089,712.8,b,3.3252725,0.03623,11.186582,0.212971,-0.212971,2.04096,14/5/2015,0.57,3724,169.318,12.046,11.224
WASP-15,b,Transit,GO,3838,2,4,Executed,BOTS,G395H,SUB2048,NRSRAPID,44,45317.93,45318.31,10.04,Kirk,12,13 55 42.7227 -32 09 34.96,9.693,282.09,6300,1.18,1.477,4.35,3.7520991,0.05,85.72,0.546,1.409,7.8,0.3,1652.8,1,3.7,186.13,36.49,X,-0.17,,,WASP-15 b,WASP-15 b,1,WASP-15,171.6282,92.1707,-92.1707,0.231,0.049,-0.04,1512.78,b,3.7521,0.0499,15.80469,4.03524,-4.03524,3.680056,25/4/2018,1.48,6300,282.091,9.956,9.693
TOI-2445,b,PhaseC,GO,3784,2,1,Executed,BOTS,PRISM,SUB512,NRSRAPID,7,45319.22,45319.84,16.56,Zhang,12,02 53 15.8773 +00 03 8.41,10.779,48.58,3333,0.25,0.271,4.964,0.3711308,0.006,-1,-1,0.118,-1,-1,1046.1,0.2,0.5,-1,2.67,X,-999,,,TOI-2445 b,TOI-2445 b,1,TOI-2445,,,,,,,1060,b,0.3711281,0.0064,1.25,0.08,-0.08,0.4918187,15/2/2022,0.27,3333,48.582,11.555,10.779
L 98-59,b,Transit,GO,3942,2,1,Executed,BOTS,G395H,SUB2048,NRSRAPID,3,45321.25,45321.43,4.37,Damiano,12,08 18 7.8865 -68 18 52.08,7.101,10.62,3413.5,0.312,0.313,4.925,2.2531138,0.023,87.9,0.001,0.074,7.62,5.53,613.1,0.1,1,44.88,0.21,X,-0.5,,,L 98-59 b,L 98-59 b,1,L 98-59,0.46,0.11,-0.11,4.3,1.1,-1,620,b,2.253114,0.0223,0.837,0.019,-0.019,1.01,29/7/2025,0.3155,3415,10.6194,7.933,7.101
TOI-270,b,Eclipse,GO,3730,2,22,Executed,F1500W,X,SUB256,FASTR1,25,45322.36,45322.6,5.93,Diamond-Lowe,12,04 33 39.8638 -51 57 26.75,8.251,22.48,3446,0.4,0.379,4.856,3.3601458,0.031,88.65,0.005,0.108,12.17,6.05,578.4,0.1,1.4,15.54,0.11,X,-0.17,,,TOI-270 b,TOI-270 b,1,TOI-270,1.58,0.26,-0.26,4.97,0.94,-0.94,581,b,3.3601538,0.03197,1.206,0.039,-0.039,1.413245,3/8/2021,0.378,3506,22.4793,9.099,8.251
L 98-59,c,Eclipse,GO,3730,2,8,Executed,F1500W,X,SUB128,FASTR1,23,45324.98,45325.19,5.08,Diamond-Lowe,12,08 18 7.8951 -68 18 52.25,7.101,10.62,3412,0.312,0.312,4.94,3.6906745,0.031,88.5,0.007,0.12,13.83,6.15,519.5,0.2,1.3,34.45,0.16,X,-0.5,,,L 98-59 c,L 98-59 c,1,L 98-59,2,0.13,-0.13,4.7,0.5,-0.4,526,c,3.6906764,0.0309,1.329,0.029,-0.029,1.28,29/7/2025,0.3155,3415,10.6194,7.933,7.101
L 98-59,b,Transit,GO,3942,2,2,Executed,BOTS,G395H,SUB2048,NRSRAPID,3,45325.76,45325.94,4.37,Damiano,12,08 18 7.8865 -68 18 52.08,7.101,10.62,3413.5,0.312,0.313,4.925,2.2531138,0.023,87.9,0.001,0.074,7.62,5.53,613.1,0.1,1,44.88,0.21,X,-0.5,,,L 98-59 b,L 98-59 b,1,L 98-59,0.46,0.11,-0.11,4.3,1.1,-1,620,b,2.253114,0.0223,0.837,0.019,-0.019,1.01,29/7/2025,0.3155,3415,10.6194,7.933,7.101
L 98-59,b,Transit,GO,3942,2,3,Executed,BOTS,G395H,SUB2048,NRSRAPID,3,45328.02,45328.19,4.37,Damiano,12,08 18 7.8865 -68 18 52.08,7.101,10.62,3413.5,0.312,0.313,4.925,2.2531138,0.023,87.9,0.001,0.074,7.62,5.53,613.1,0.1,1,44.88,0.21,X,-0.5,,,L 98-59 b,L 98-59 b,1,L 98-59,0.46,0.11,-0.11,4.3,1.1,-1,620,b,2.253114,0.0223,0.837,0.019,-0.019,1.01,29/7/2025,0.3155,3415,10.6194,7.933,7.101
L 231-32,d,Transit,GO,4098,2,15,Executed,SOSS,X,SUBSTRIP256,NISRAPID,3,45328.27,45328.55,7.2,Benneke,0,04 33 39.8638 -51 57 26.75,-1,-1,-1,-1,-1,-1,-1,-1,-1,-1,-1,-1,-1,-1,-1,-1,-1,-1,X,-999,,,L 231-32 d,,,,,,,,,,,,,,,,,,,,,,,
TOI-270,b,Eclipse,GO,3730,2,21,Executed,F1500W,X,SUB256,FASTR1,25,45329.08,45329.32,5.93,Diamond-Lowe,12,04 33 39.8638 -51 57 26.75,8.251,22.48,3446,0.4,0.379,4.856,3.3601458,0.031,88.65,0.005,0.108,12.17,6.05,578.4,0.1,1.4,15.54,0.11,X,-0.17,,,TOI-270 b,TOI-270 b,1,TOI-270,1.58,0.26,-0.26,4.97,0.94,-0.94,581,b,3.3601538,0.03197,1.206,0.039,-0.039,1.413245,3/8/2021,0.378,3506,22.4793,9.099,8.251
GJ 1132,b,Transit,GO,1981,1,23,Executed,BOTS,G395M,SUB2048,NRSRAPID,6,45330.92,45331.11,4.6,Stevenson,0,10 14 50.1768 -47 09 17.77,8.322,12.61,3270,0.181,0.216,4.881,1.6289302,0.015,88.16,0.005,0.106,12.86,6.48,591.6,0.2,0.8,44.36,0.44,X,-0.12,,,GJ 1132 b,GJ 1132 b,1,GJ 1132,1.83704819,0.19069704,-0.18751876,5.97,0.96,-0.79,583.8,b,1.62892911,0.0157,1.19151465,0.03811053,-0.04483592,0.76646,3/9/2024,0.2211,3229,12.613,9.245,8.322
TOI-270,b,Eclipse,GO,3730,2,20,Executed,F1500W,X,SUB256,FASTR1,25,45332.44,45332.68,5.93,Diamond-Lowe,12,04 33 39.8638 -51 57 26.75,8.251,22.48,3446,0.4,0.379,4.856,3.3601458,0.031,88.65,0.005,0.108,12.17,6.05,578.4,0.1,1.4,15.54,0.11,X,-0.17,,,TOI-270 b,TOI-270 b,1,TOI-270,1.58,0.26,-0.26,4.97,0.94,-0.94,581,b,3.3601538,0.03197,1.206,0.039,-0.039,1.413245,3/8/2021,0.378,3506,22.4793,9.099,8.251
TOI-1685,b,PhaseC,GO,3263,2,1,Executed,BOTS,G395H,SUB2048,NRSRAPID,16,45336.92,45337.77,23.03,Luque,12,04 34 22.5487 +43 02 13.34,8.758,37.62,3457,0.478,0.462,4.814,0.6691406,0.011,85.59,0.00953,0.131,12.64,5.3,1058.5,0.1,1,136.19,3.75,X,0,flat,yes,TOI-1685 b,TOI-1685 b,1,TOI-1685,3.03,0.33,-0.32,5.3,0.8,-0.8,1062,b,0.66913924,0.01138,1.468,0.05,-0.051,0.918,7/8/2024,0.4555,3575,37.6153,9.616,8.758
TOI-270,b,Eclipse,GO,3730,2,19,Executed,F1500W,X,SUB256,FASTR1,25,45339.16,45339.4,5.93,Diamond-Lowe,12,04 33 39.8638 -51 57 26.75,8.251,22.48,3446,0.4,0.379,4.856,3.3601458,0.031,88.65,0.005,0.108,12.17,6.05,578.4,0.1,1.4,15.54,0.11,X,-0.17,,,TOI-270 b,TOI-270 b,1,TOI-270,1.58,0.26,-0.26,4.97,0.94,-0.94,581,b,3.3601538,0.03197,1.206,0.039,-0.039,1.413245,3/8/2021,0.378,3506,22.4793,9.099,8.251
L 98-59,b,Transit,GO,3942,2,4,Executed,BOTS,G395H,SUB2048,NRSRAPID,3,45341.53,45341.71,4.37,Damiano,12,08 18 7.8865 -68 18 52.08,7.101,10.62,3413.5,0.312,0.313,4.925,2.2531138,0.023,87.9,0.001,0.074,7.62,5.53,613.1,0.1,1,44.88,0.21,X,-0.5,,,L 98-59 b,L 98-59 b,1,L 98-59,0.46,0.11,-0.11,4.3,1.1,-1,620,b,2.253114,0.0223,0.837,0.019,-0.019,1.01,29/7/2025,0.3155,3415,10.6194,7.933,7.101
KELT-7,b,Transit,GO,3838,2,2,Executed,BOTS,G395H,SUB2048,NRSRAPID,5,45345.66,45346.04,9.78,Kirk,12,05 13 10.9419 +33 19 4.63,7.543,136.68,6768,1.535,1.751,4.149,2.7347656,0.044,83.76,1.335,1.588,15,0.51,2055.3,0.8,3.4,259.99,141.96,X,0.14,,,KELT-7 b,KELT-7 b,1,KELT-7,441.7837,69.9226,-69.9226,0.442,0.073,-0.068,1808,b,2.73477,0.04415,17.9344,0.67254,-0.67254,3.205,25/4/2018,1.81,6768,136.681,7.739,7.543
TOI-1685,b,Transit,GO,4195,2,3,Executed,BOTS,G395H,SUB2048,NRSRAPID,16,45347.27,45347.52,6.17,Fisher,12,04 34 22.5504 +43 02 13.30,8.758,37.62,3457,0.478,0.462,4.814,0.6691406,0.011,85.59,0.00953,0.131,12.64,5.3,1058.5,0.1,1,136.19,3.75,X,0,,,TOI-1685 b,TOI-1685 b,1,TOI-1685,3.03,0.33,-0.32,5.3,0.8,-0.8,1062,b,0.66913924,0.01138,1.468,0.05,-0.051,0.918,7/8/2024,0.4555,3575,37.6153,9.616,8.758
TOI-1685,b,Transit,GO,4195,2,1,Executed,BOTS,G395H,SUB2048,NRSRAPID,16,45351.29,45351.53,6.17,Fisher,12,04 34 22.5504 +43 02 13.30,8.758,37.62,3457,0.478,0.462,4.814,0.6691406,0.011,85.59,0.00953,0.131,12.64,5.3,1058.5,0.1,1,136.19,3.75,X,0,,,TOI-1685 b,TOI-1685 b,1,TOI-1685,3.03,0.33,-0.32,5.3,0.8,-0.8,1062,b,0.66913924,0.01138,1.468,0.05,-0.051,0.918,7/8/2024,0.4555,3575,37.6153,9.616,8.758
TOI-3714,b,Transit,GO,3171,2,13,Executed,BOTS,PRISM,SUB512,NRSRAPID,4,45351.82,45352.06,7.16,Kanodia,0,04 38 12.5354 +39 27 29.91,10.852,112.71,3652,0.526,0.508,4.75,2.154848,0.027,88.26,0.694,1.01,19.3,1.02,769.2,5,1.7,124.24,9.95,X,0.24,,,TOI-3714 b,TOI-3714 b,1,TOI-3714,222.4798849,9.53485221,-9.53485221,0.85,0.08,-0.08,750,b,2.154849,0.027,11.32107051,0.33626942,-0.33626942,1.66,27/6/2022,0.51,3660,112.71,11.736,10.852
TOI-1685,b,Transit,GO,4195,2,2,Executed,BOTS,G395H,SUB2048,NRSRAPID,16,45353.3,45353.54,6.17,Fisher,12,04 34 22.5504 +43 02 13.30,8.758,37.62,3457,0.478,0.462,4.814,0.6691406,0.011,85.59,0.00953,0.131,12.64,5.3,1058.5,0.1,1,136.19,3.75,X,0,,,TOI-1685 b,TOI-1685 b,1,TOI-1685,3.03,0.33,-0.32,5.3,0.8,-0.8,1062,b,0.66913924,0.01138,1.468,0.05,-0.051,0.918,7/8/2024,0.4555,3575,37.6153,9.616,8.758
TOI-3714,b,Transit,GO,3171,2,14,Executed,BOTS,PRISM,SUB512,NRSRAPID,4,45353.91,45354.19,7.16,Kanodia,0,04 38 12.5354 +39 27 29.91,10.852,112.71,3652,0.526,0.508,4.75,2.154848,0.027,88.26,0.694,1.01,19.3,1.02,769.2,5,1.7,124.24,9.95,X,0.24,,,TOI-3714 b,TOI-3714 b,1,TOI-3714,222.4798849,9.53485221,-9.53485221,0.85,0.08,-0.08,750,b,2.154849,0.027,11.32107051,0.33626942,-0.33626942,1.66,27/6/2022,0.51,3660,112.71,11.736,10.852
WASP-189,b,Transit,GO,3279,2,1,Executed,SOSS,X,SUBSTRIP256,NISRAPID,7,45356.95,45357.42,13.19,Hoeijmakers,0,15 02 44.8157 -03 01 53.35,6.06,99.73,8000,2.03,2.36,3.9,2.7240319,0.051,84.03,1.99,1.619,21.52,0.71,2636.4,0,4.3,258.16,222.32,X,0.29,,,WASP-189 b,WASP-189 b,1,WASP-189,632.4785299,50.85254512,-44.49597698,0.621987,0.076919,-0.03647,3353,b,2.724033,0.05053,18.14733975,0.23538859,-0.23538859,4.3336,16/3/2022,2.36,8000,99.731,6.166,6.06
TOI-3714,b,Transit,GO,3171,2,15,Executed,BOTS,PRISM,SUB512,NRSRAPID,4,45358.22,45358.5,7.15,Kanodia,0,04 38 12.5354 +39 27 29.91,10.852,112.71,3652,0.526,0.508,4.75,2.154848,0.027,88.26,0.694,1.01,19.3,1.02,769.2,5,1.7,124.24,9.95,X,0.24,,,TOI-3714 b,TOI-3714 b,1,TOI-3714,222.4798849,9.53485221,-9.53485221,0.85,0.08,-0.08,750,b,2.154849,0.027,11.32107051,0.33626942,-0.33626942,1.66,27/6/2022,0.51,3660,112.71,11.736,10.852
HD 260655,b,Eclipse,GO,3730,2,6,Executed,F1500W,X,SUB64,FASTR1,16,45358.6,45358.8,5.28,Diamond-Lowe,12,06 37 9.9436 +17 33 58.74,5.862,10.01,3805,0.439,0.454,4.985,2.7695118,0.029,87.35,0.007,0.112,15.18,7.25,722.3,0.1,1.1,33.87,0.98,X,-0.43,,,HD 260655 b,HD 260655 b,1,HD 260655,2.14,0.34,-0.34,6.2,1,-1,709,b,2.76953,0.02933,1.24,0.023,-0.023,1.15,27/6/2022,0.439,3803,10.0055,6.674,5.862
HAT-P-30,b,Transit,GO,3838,2,5,Executed,BOTS,G395H,SUB2048,NRSRAPID,26,45361.93,45362.25,8.33,Kirk,12,08 15 47.9623 +05 50 12.72,9.151,213.98,6304,1.242,1.215,4.36,2.810601,0.042,83.6,0.733,1.427,10.2,0.38,1636.9,1.1,2.2,270.81,69.01,X,0.13,,,HAT-P-30 b,HAT-P-30 b,1,HAT-P-30,263.7989,57.2094,-57.2094,0.385,0.062,-0.053,1578.69,b,2.8106,0.0419,16.14096,1.68135,-1.68135,2.2499254,25/4/2018,1.31,6304,213.985,9.442,9.151
GJ 3473,b,Eclipse,GO,3730,2,1,Executed,F1500W,X,SUB256,FASTR1,39,45363.45,45363.62,4.78,Diamond-Lowe,12,08 02 22.4521 +03 20 13.60,8.829,27.36,3339.5,0.36,0.359,4.863,1.1980015,0.016,87.95,0.006,0.11,13.61,6.6,765.7,0.1,1,16.1,0.69,X,0.11,,,GJ 3473 b,GJ 3473 b,1,GJ 3473,1.86,0.3,-0.3,5.03,1.07,-0.93,773,b,1.1980035,0.01589,1.264,0.05,-0.049,0.95,16/10/2020,0.364,3347,27.3644,9.627,8.829001
GJ 3473,b,Eclipse,GO,3730,2,2,Executed,F1500W,X,SUB256,FASTR1,39,45364.63,45364.81,4.78,Diamond-Lowe,12,08 02 22.4521 +03 20 13.60,8.829,27.36,3339.5,0.36,0.359,4.863,1.1980015,0.016,87.95,0.006,0.11,13.61,6.6,765.7,0.1,1,16.1,0.69,X,0.11,,,GJ 3473 b,GJ 3473 b,1,GJ 3473,1.86,0.3,-0.3,5.03,1.07,-0.93,773,b,1.1980035,0.01589,1.264,0.05,-0.049,0.95,16/10/2020,0.364,3347,27.3644,9.627,8.829001
HD 260655,b,Eclipse,GO,3730,2,7,Executed,F1500W,X,SUB64,FASTR1,16,45366.89,45367.11,5.28,Diamond-Lowe,12,06 37 9.9436 +17 33 58.74,5.862,10.01,3805,0.439,0.454,4.985,2.7695118,0.029,87.35,0.007,0.112,15.18,7.25,722.3,0.1,1.1,33.87,0.98,X,-0.43,,,HD 260655 b,HD 260655 b,1,HD 260655,2.14,0.34,-0.34,6.2,1,-1,709,b,2.76953,0.02933,1.24,0.023,-0.023,1.15,27/6/2022,0.439,3803,10.0055,6.674,5.862
TOI-3757,b,Transit,GO,3171,2,4,Executed,BOTS,PRISM,SUB512,NRSRAPID,4,45370.97,45371.24,7.47,Kanodia,0,06 04 0.8904 +55 01 12.59,11.152,181.14,3907.5,0.64,0.629,4.65,3.4389742,0.038,86.76,0.268,1.09,6.4,0.31,761.9,3.3,1.8,228.12,5.55,X,0,,,TOI-3757 b,TOI-3757 b,1,TOI-3757,85.3,8.8,-8.7,0.27,0.05,-0.04,759,b,3.438753,0.03845,12,0.4,-0.5,1.92,22/8/2022,0.62,3913,181.139,12,11.152
TOI-3757,b,Transit,GO,3171,2,5,Executed,BOTS,PRISM,SUB512,NRSRAPID,4,45374.39,45374.68,7.47,Kanodia,0,06 04 0.8904 +55 01 12.59,11.152,181.14,3907.5,0.64,0.629,4.65,3.4389742,0.038,86.76,0.268,1.09,6.4,0.31,761.9,3.3,1.8,228.12,5.55,X,0,,,TOI-3757 b,TOI-3757 b,1,TOI-3757,85.3,8.8,-8.7,0.27,0.05,-0.04,759,b,3.438753,0.03845,12,0.4,-0.5,1.92,22/8/2022,0.62,3913,181.139,12,11.152
GJ 3473,b,Eclipse,GO,3730,2,4,Executed,F1500W,X,SUB256,FASTR1,39,45381.38,45381.58,4.78,Diamond-Lowe,12,08 02 22.4521 +03 20 13.60,8.829,27.36,3339.5,0.36,0.359,4.863,1.1980015,0.016,87.95,0.006,0.11,13.61,6.6,765.7,0.1,1,16.1,0.69,X,0.11,,,GJ 3473 b,GJ 3473 b,1,GJ 3473,1.86,0.3,-0.3,5.03,1.07,-0.93,773,b,1.1980035,0.01589,1.264,0.05,-0.049,0.95,16/10/2020,0.364,3347,27.3644,9.627,8.829001
WASP-121,b,Eclipse,GO,2961,2,1,Executed,LRS,X,SLITLESSPRISM,FASTR1,83,45392.68,45393.03,9.04,Molliere,12,07 10 24.0555 -39 05 50.17,9.374,269.9,6459,1.353,1.458,4.242,1.274925,0.025,88.04,1.17,1.8,10.24,0.3,2357.9,1.7,2.9,307.36,165.69,X,0.13,,,WASP-121 b,WASP-121 b,1,WASP-121,367.7274669,22.24798849,-22.24798849,0.266,0.024,-0.022,2473,b,1.27492504,0.02596,19.64934317,0.40352331,-0.40352331,2.9053,1/8/2022,1.458,6459,269.898,9.625,9.374
LTT 3780,c,Transit,GO,3557,2,4,Executed,SOSS,X,SUBSTRIP256,NISRAPID,2,45402.79,45402.98,4.67,Madhusudhan,12,10 18 34.7652 -11 43 4.21,8.204,21.98,3344.5,0.381,0.377,4.873,12.252202,0.076,89.13,0.024,0.208,15.54,4,358.8,0.3,1.5,99.86,0,X,0.09,,,LTT 3780 c,LTT 3780 c,1,LTT 3780,8.04,0.5,-0.48,3.24,0.55,-0.43,359,c,12.252284,0.0757,2.39,0.1,-0.11,1.54,26/3/2024,0.38,3358,21.9814,9.007,8.204001
Kepler-12,b,Transit,GO,3969,2,5,Executed,BOTS,PRISM,SUB512,NRSRAPID,5,45403.94,45404.46,13.93,Espinoza,12,19 04 58.4270 +50 02 25.32,12.066,881.39,5953,1.106,1.483,4.175,4.437963,0.055,89.26,0.432,1.695,4.26,0.13,1491.9,1.7,4.7,123.2,14.07,X,0.07,,,Kepler-12 b,Kepler-12 b,1,Kepler-12,137.30256,16.84499,-16.20933,0.11,0.02,-0.02,1480,b,4.4379629,0.0553,19.660586,0.347479,-0.403524,4.7176624,7/10/2015,1.483,5947,881.386,12.406,12.066
K2-22,b,Transit,GO,3315,2,2,Executed,LRS,X,SLITLESSPRISM,FASTR1,450,45406.61,45406.8,4.57,Wright,12,11 17 55.8491 +02 37 8.53,11.924,243.84,3872,0.595,0.57,4.675,0.381078,0.009,83,1.4,0.385,267.71,37.2,1485.9,0.6,0.7,3.2,10.26,X,0.03,,,K2-22 b,K2-22 b,1,K2-22,444.962,,,,,,2100,b,0.381073,0.009,2.3,0.1,-0.1,0.5856,28/3/2022,0.58,3879,243.836,12.726,11.924
K2-18,b,Transit,GO,2722,1,2,Executed,LRS,X,SLITLESSPRISM,FASTR1,25,45407.91,45408.21,7.86,Madhusudhan,12,11 30 14.4311 +07 35 16.13,8.899,38.03,3457,0.413,0.411,4.786,32.9398375,0.146,89.58,0.027,0.203,18.6,4.89,279.6,0.3,2.7,38.9,0,X,0.12,,,K2-18 b,K2-18 b,1,K2-18,8.92,1.7,-1.6,4.11,1.72,-1.18,284,b,32.939623,0.1429,2.37,0.22,-0.22,2.3059589,18/3/2019,0.411,3457,38.0266,9.763,8.899
K2-22,b,Transit,GO,3315,2,1,Executed,LRS,X,SLITLESSPRISM,FASTR1,450,45408.53,45408.7,4.57,Wright,12,11 17 55.8491 +02 37 8.53,11.924,243.84,3872,0.595,0.57,4.675,0.381078,0.009,83,1.4,0.385,267.71,37.2,1485.9,0.6,0.7,3.2,10.26,X,0.03,,,K2-22 b,K2-22 b,1,K2-22,444.962,,,,,,2100,b,0.381073,0.009,2.3,0.1,-0.1,0.5856,28/3/2022,0.58,3879,243.836,12.726,11.924
K2-22,b,PhaseC,GO,3315,2,3,Executed,LRS,X,SLITLESSPRISM,FASTR1,450,45409.28,45409.85,15.2,Wright,12,11 17 55.8491 +02 37 8.53,11.924,243.84,3872,0.595,0.57,4.675,0.381078,0.009,83,1.4,0.385,267.71,37.2,1485.9,0.6,0.7,3.2,10.26,X,0.03,,,K2-22 b,K2-22 b,1,K2-22,444.962,,,,,,2100,b,0.381073,0.009,2.3,0.1,-0.1,0.5856,28/3/2022,0.58,3879,243.836,12.726,11.924
TOI-3984 A,b,Transit,GO,3171,2,1,Executed,BOTS,PRISM,SUB512,NRSRAPID,4,45410.29,45410.56,7.71,Kanodia,0,15 05 20.9784 +36 47 12.45,11.052,108.88,3449,0.49,0.465,4.79,4.3533236,0.041,89.5,0.14,0.675,8.71,0.69,560.1,2.2,2,146.03,0.65,X,0.18,,,TOI-3984 A b,TOI-3984 A b,1,TOI-3984 A,44,8.7,-8,0.49,0.11,-0.1,563,b,4.353326,0.041,7.9,0.24,-0.24,2.01,21/7/2023,0.47,3476,108.883,11.934,11.052
TOI-1231,b,Transit,GO,3557,2,2,Executed,BOTS,G395H,SUB2048,NRSRAPID,7,45412.12,45412.39,7.36,Madhusudhan,12,10 26 59.3375 -52 28 4.16,8.069,27.62,3544,0.485,0.471,4.808,24.2455413,0.129,89.73,0.048,0.336,12.18,1.94,326.7,0.6,3.3,130.1,0,X,0.04,clear,no,TOI-1231 b,TOI-1231 b,1,TOI-1231,15.4,3.3,-3.3,1.74,0.47,-0.42,329.6,b,24.245586,0.1288,3.65,0.16,-0.15,3.24,9/11/2021,0.476,3553,27.6227,8.876,8.069
TOI-561,b,PhaseC,GO,3860,2,1,Executed,BOTS,G395H,SUB2048,NRSRAPID,6,45413.92,45415.52,44.22,Teske,12,09 52 44.4364 +06 12 57.97,8.394,85.8,5357,0.805,0.843,4.5,0.4465697,0.011,87.1,0.007,0.127,11.75,4.95,2303.6,0,1.3,14.33,4.85,X,-0.4,,,TOI-561 b,TOI-561 b,1,TOI-561,2.02,0.23,-0.23,4.1,0.5,-0.5,2319,b,0.4465697,0.01064,1.397,0.027,-0.027,1.308,24/2/2025,0.843,5342,85.799,8.879,8.394
LHS 3844,b,Eclipse,GO,1846,1,3,Executed,LRS,X,SLITLESSPRISM,FASTR1,30,45415.96,45416.13,4.08,Kreidberg,12,22 41 59.0890 -69 10 19.59,9.145,14.88,3036,0.151,0.189,5.06,0.4629294,0.006,88.5,-1,0.119,-1,-1,807,0.4,0.5,-1,4.03,X,-999,,,LHS 3844 b,LHS 3844 b,1,LHS 3844,,,,,,,805,b,0.46292913,0.00622,1.303,0.022,-0.022,0.5212,22/1/2019,0.189,3036,14.8846,10.046,9.145001
LTT 3780,b,Eclipse,GO,3730,2,15,Executed,F1500W,X,SUB256,FASTR1,22,45416.63,45416.82,4.67,Diamond-Lowe,12,10 18 34.7652 -11 43 4.21,8.204,21.98,3358,0.38,0.38,4.85,0.7683793,0.012,86.1,0.008,0.118,15.73,7.12,910.1,0.1,0.8,21.13,2.33,X,0.09,,,LTT 3780 b,LTT 3780 b,1,LTT 3780,2.46,0.19,-0.19,5.8,1,-0.8,903,b,0.76837931,0.01195,1.325,0.057,-0.058,0.7883,26/3/2024,0.38,3358,21.9814,9.007,8.204001
LTT 3780,b,Eclipse,GO,3730,2,14,Executed,F1500W,X,SUB256,FASTR1,22,45417.4,45417.59,4.67,Diamond-Lowe,12,10 18 34.7652 -11 43 4.21,8.204,21.98,3358,0.38,0.38,4.85,0.7683793,0.012,86.1,0.008,0.118,15.73,7.12,910.1,0.1,0.8,21.13,2.33,X,0.09,,,LTT 3780 b,LTT 3780 b,1,LTT 3780,2.46,0.19,-0.19,5.8,1,-0.8,903,b,0.76837931,0.01195,1.325,0.057,-0.058,0.7883,26/3/2024,0.38,3358,21.9814,9.007,8.204001
GJ 357,b,Eclipse,GO,3730,2,27,Executed,F1500W,X,SUB64,FASTR1,22,45423.43,45423.64,5.98,Diamond-Lowe,12,09 36 1.7964 -21 39 54.72,6.475,9.44,3505,0.342,0.337,4.94,3.9306128,0.036,89.12,0.006,0.109,13.92,6.86,520.7,0.1,1.3,35.38,0.14,X,-0.12,,,GJ 357 b,GJ 357 b,1,GJ 357,1.84,0.31,-0.31,5.6,1.7,-1.3,518,b,3.9306,0.036,1.2,0.06,-0.06,1.291,22/8/2023,0.337,3505,9.44181,7.337,6.475
LTT 3780,c,Transit,GO,3557,2,5,Executed,BOTS,G395H,SUB2048,NRSRAPID,7,45439.57,45439.75,4.6,Madhusudhan,12,10 18 34.7652 -11 43 4.21,8.204,21.98,3344.5,0.381,0.377,4.873,12.252202,0.076,89.13,0.024,0.208,15.54,4,358.8,0.3,1.5,99.86,0,X,0.09,,,LTT 3780 c,LTT 3780 c,1,LTT 3780,8.04,0.5,-0.48,3.24,0.55,-0.43,359,c,12.252284,0.0757,2.39,0.1,-0.11,1.54,26/3/2024,0.38,3358,21.9814,9.007,8.204001
K2-18,b,Transit,GO,2372,1,7,Executed,BOTS,G395H,SUB2048,NRSRAPID,16,45440.8,45441.23,11.34,Hu,12,11 30 14.4338 +07 35 16.19,8.899,38.03,3457,0.413,0.411,4.786,32.9398375,0.146,89.58,0.027,0.203,18.6,4.89,279.6,0.3,2.7,38.9,0,X,0.12,,,K2-18 b,K2-18 b,1,K2-18,8.92,1.7,-1.6,4.11,1.72,-1.18,284,b,32.939623,0.1429,2.37,0.22,-0.22,2.3059589,18/3/2019,0.411,3457,38.0266,9.763,8.899
GJ 1132,b,Transit,GO,1981,1,24,Executed,BOTS,G395M,SUB2048,NRSRAPID,6,45448.21,45448.41,4.95,Stevenson,0,10 14 50.1768 -47 09 17.77,8.322,12.61,3270,0.181,0.216,4.881,1.6289302,0.015,88.16,0.005,0.106,12.86,6.48,591.6,0.2,0.8,44.36,0.44,X,-0.12,,,GJ 1132 b,GJ 1132 b,1,GJ 1132,1.83704819,0.19069704,-0.18751876,5.97,0.96,-0.79,583.8,b,1.62892911,0.0157,1.19151465,0.03811053,-0.04483592,0.76646,3/9/2024,0.2211,3229,12.613,9.245,8.322
TOI-3984 A,b,Transit,GO,3171,2,2,Executed,BOTS,PRISM,SUB512,NRSRAPID,4,45449.45,45449.74,7.71,Kanodia,0,15 05 20.9784 +36 47 12.45,11.052,108.88,3449,0.49,0.465,4.79,4.3533236,0.041,89.5,0.14,0.675,8.71,0.69,560.1,2.2,2,146.03,0.65,X,0.18,,,TOI-3984 A b,TOI-3984 A b,1,TOI-3984 A,44,8.7,-8,0.49,0.11,-0.1,563,b,4.353326,0.041,7.9,0.24,-0.24,2.01,21/7/2023,0.47,3476,108.883,11.934,11.052
WASP-94 A,b,Transit,GO,3154,2,1,Executed,BOTS,G395H,SUB2048,NRSRAPID,21,45450.57,45450.95,10.35,Ahrer,12,20 55 7.9774 -34 08 8.70,8.874,211.21,6153,1.45,1.62,4.181,3.9501954,0.055,88.7,0.456,1.72,4.37,0.14,1607.3,1.2,4.5,478.31,62.93,X,0.26,,,WASP-94 A b,WASP-94 A b,1,WASP-94 A,158.915,41.3179,-41.3179,0.114,0.014,-0.013,1570,b,3.95019,0.0554,17.71022,1.45717,-1.45717,4.444,25/4/2018,1.48,6170,211.211,9.159,8.874
GJ 9827,d,Transit,GO,4098,2,10,Executed,BOTS,G395H,SUB2048,NRSRAPID,4,45451.12,45451.33,5.09,Benneke,0,23 27 5.2388 -01 17 7.13,7.193,29.66,4255,0.62,0.602,4.68,6.2014698,0.056,87.44,0.01,0.18,8.98,2.66,671.8,0.1,1.2,175.62,0.41,X,-0.29,,,GJ 9827 d,GJ 9827 d,1,GJ 9827,3.02,0.58,-0.57,2.51,0.57,-0.51,675,d,6.20183,0.053,1.98,0.11,-0.1,1.248,15/10/2024,0.58,4236,29.661,7.984,7.193
HAT-P-65,b,Transit,GO,3969,2,4,Executed,BOTS,PRISM,SUB512,NRSRAPID,3,45452.43,45452.92,13.16,Espinoza,12,21 03 37.3175 +11 59 21.72,11.528,738.52,5835,1.212,1.86,3.983,2.6054475,0.04,84.2,0.54,1.611,5.9,0.2,1919.5,1.1,4.3,88.49,21.56,X,0.1,,,HAT-P-65 b,HAT-P-65 b,1,HAT-P-65,176.0769375,29.24021344,-28.92238504,0.164,0.027,-0.027,1818,b,2.60544751,0.04042,18.05766791,0.26901554,-0.26901554,4.24521,10/6/2024,1.666,5872,738.519,11.892,11.528
WASP-47,e,Eclipse,GO,3615,2,2,Executed,BOTS,G395H,SUB2048,NRSRAPID,44,45453.03,45453.34,8.28,Zieba,12,22 04 48.7426 -12 01 8.66,10.192,264.78,5565,1.04,1.137,4.34,0.7896035,0.017,86.46,0.028,0.161,30.85,10.23,2193.6,0,1.9,10.51,1.58,X,0.38,,,WASP-47 e,WASP-47 e,1,WASP-47,9,0.6,-0.4,6.1,1.9,-1.4,1992,e,0.78961,0.01673,1.83,0.02,-0.02,1.899,16/8/2024,1.156,5476,264.78,10.613,10.192
TOI-3984 A,b,Transit,GO,3171,2,3,Executed,BOTS,PRISM,SUB512,NRSRAPID,4,45453.8,45454.1,7.71,Kanodia,0,15 05 20.9784 +36 47 12.45,11.052,108.88,3449,0.49,0.465,4.79,4.3533236,0.041,89.5,0.14,0.675,8.71,0.69,560.1,2.2,2,146.03,0.65,X,0.18,,,TOI-3984 A b,TOI-3984 A b,1,TOI-3984 A,44,8.7,-8,0.49,0.11,-0.1,563,b,4.353326,0.041,7.9,0.24,-0.24,2.01,21/7/2023,0.47,3476,108.883,11.934,11.052
HAT-P-65,b,Transit,GO,3969,2,6,Executed,BOTS,PRISM,SUB512,NRSRAPID,3,45455.03,45455.53,13.16,Espinoza,12,21 03 37.3175 +11 59 21.72,11.528,738.52,5835,1.212,1.86,3.983,2.6054475,0.04,84.2,0.54,1.611,5.9,0.2,1919.5,1.1,4.3,88.49,21.56,X,0.1,,,HAT-P-65 b,HAT-P-65 b,1,HAT-P-65,176.0769375,29.24021344,-28.92238504,0.164,0.027,-0.027,1818,b,2.60544751,0.04042,18.05766791,0.26901554,-0.26901554,4.24521,10/6/2024,1.666,5872,738.519,11.892,11.528
HD 106315,c,Transit,GO,2950,2,2,Executed,LRS,X,SLITLESSPRISM,FASTR1,19,45456.01,45456.54,14.17,Waters,12,12 13 53.3938 -00 23 36.37,7.853,109.35,6290,1.079,1.277,4.251,21.057175,0.153,88.75,0.047,0.386,8.9,1.23,876.5,0.1,4.7,73.99,0.78,X,-0.26,,,HD 106315 c,HD 106315 c,1,HD 106315,15.2,3.7,-3.7,1.01,0.29,-0.29,886,c,21.05704,0.1536,4.35,0.23,-0.23,4.638,19/7/2019,1.296,6327,109.353,8.116,7.853
WASP-47,e,Eclipse,GO,3615,2,1,Executed,BOTS,G395H,SUB2048,NRSRAPID,44,45456.97,45457.29,8.28,Zieba,12,22 04 48.7426 -12 01 8.66,10.192,264.78,5565,1.04,1.137,4.34,0.7896035,0.017,86.46,0.028,0.161,30.85,10.23,2193.6,0,1.9,10.51,1.58,X,0.38,,,WASP-47 e,WASP-47 e,1,WASP-47,9,0.6,-0.4,6.1,1.9,-1.4,1992,e,0.78961,0.01673,1.83,0.02,-0.02,1.899,16/8/2024,1.156,5476,264.78,10.613,10.192
TrES-4,b,Transit,GO,3838,2,1,Executed,BOTS,G395H,SUB2048,NRSRAPID,80,45460.02,45460.38,9.91,Kirk,12,17 53 13.0407 +37 12 42.26,10.33,515.98,6200,1.394,1.816,4.062,3.553929,0.051,82.81,0.887,1.791,7.84,0.23,1785.5,1,3.6,125.52,36.82,X,0.14,,,TrES-4 b,TrES-4 b,1,TrES-4,247.9074,60.3877,-60.3877,0.202,0.038,-0.032,1761.68,b,3.55395,0.05105,18.04649,2.01762,-2.01762,3.6341388,25/4/2018,1.66,6200,515.98,10.583,10.33
LHS 3844,b,PhaseC,GO,4008,2,1,Executed,BOTS,G395H,SUB2048,NRSRAPID,15,45468.04,45468.71,18.63,Zieba,12,22 41 59.1203 -69 10 19.95,9.145,14.88,3036,0.151,0.189,5.06,0.4629294,0.006,88.5,-1,0.119,-1,-1,807,0.4,0.5,-1,4.03,X,-999,,,LHS 3844 b,LHS 3844 b,1,LHS 3844,,,,,,,805,b,0.46292913,0.00622,1.303,0.022,-0.022,0.5212,22/1/2019,0.189,3036,14.8846,10.046,9.145001
WASP-107,b,Eclipse,GTO,1201,1,502,Executed,BOTS,G395M,SUB2048,NRSRAPID,6,45469.37,45469.75,10.85,Lafreniere,12,12 33 32.7426 -10 08 46.37,8.637,64.74,4430,0.69,0.66,4.5,5.7214886,0.055,89.56,0.12,0.944,3.8,0.22,738,2.2,2.7,930.94,8.08,X,0.02,,,WASP-107 b,WASP-107 b,1,WASP-107,30.5,1.7,-1.7,0.134,0.015,-0.013,672.5,b,5.7214742,0.0553,10.55,0.32,-0.32,2.7528,10/12/2020,0.67,4425,64.7414,9.378,8.637
TOI-5293 A,b,Transit,GO,3171,2,11,Executed,BOTS,PRISM,SUB512,NRSRAPID,5,45470.46,45470.76,7.44,Kanodia,0,23 43 18.8831 -02 02 42.34,11.639,162.23,3639,0.54,0.51,4.77,2.930363,0.034,88.8,0.54,1.061,13.61,0.69,679.6,5.1,1.8,113.06,3.61,X,-0.03,,,TOI-5293 A b,TOI-5293 A b,1,TOI-5293 A,170.4,21.8,-21.9,0.56,0.09,-0.09,675,b,2.930289,0.034,11.9,0.4,-0.4,1.94,21/7/2023,0.52,3586,162.229,12.465,11.639
Kepler-12,b,Transit,GO,3969,2,1,Executed,BOTS,PRISM,SUB512,NRSRAPID,5,45474.94,45475.47,13.93,Espinoza,12,19 04 58.4270 +50 02 25.32,12.066,881.39,5953,1.106,1.483,4.175,4.437963,0.055,89.26,0.432,1.695,4.26,0.13,1491.9,1.7,4.7,123.2,14.07,X,0.07,,,Kepler-12 b,Kepler-12 b,1,Kepler-12,137.30256,16.84499,-16.20933,0.11,0.02,-0.02,1480,b,4.4379629,0.0553,19.660586,0.347479,-0.403524,4.7176624,7/10/2015,1.483,5947,881.386,12.406,12.066
GJ 3090,b,Transit,GO,4098,2,111,Executed,SOSS,X,SUBSTRIP256,NISRAPID,2,45477.31,45477.53,5.19,Benneke,0,01 21 45.2173 -46 42 53.04,7.294,22.48,3629.5,0.519,0.518,4.745,2.8531035,0.032,87.14,0.011,0.185,8.69,2.51,708,0.1,1.2,252.99,1.03,X,-0.06,,,GJ 3090 b,GJ 3090 b,1,GJ 3090,3.34,0.72,-0.72,1.89,0.52,-0.45,693,b,2.8531054,0.03165,2.13,0.11,-0.11,1.281,28/11/2023,0.516,3556,22.4751,8.168,7.294
TRAPPIST-1,b+e,Transit,GO,6456,3,1,Executed,BOTS,PRISM,SUB512,NRSRAPID,5,45478.05,45478.43,10.79,Allen,12,23 06 30.3652 -05 02 36.70,-1,-1,-1,-1,-1,-1,-1,-1,-1,-1,-1,-1,-1,-1,-1,-1,-1,-1,X,-999,,,TRAPPIST-1 b,TRAPPIST-1 b,1,TRAPPIST-1,1.374,0.069,-0.069,5.441939,0.264654,-0.275681,802.86,b,1.510826,0.01154,1.116,0.014,-0.012,0.601,14/11/2022,0.1192,2566,,11.354,10.296
LHS 1140,c,Eclipse,GO,3730,2,9,Executed,F1500W,X,SUB256,FASTR1,36,45480.64,45480.84,5.36,Diamond-Lowe,12,00 44 59.6827 -15 16 27.09,8.821,14.99,3131,0.182,0.214,5.049,3.7779329,0.027,89.92,0.006,0.114,12.44,5.84,425,0.3,1.1,28.57,0.02,X,-0.24,,,LHS 1140 c,LHS 1140 c,1,LHS 1140,1.91,0.06,-0.06,5.1,0.4,-0.4,422,c,3.77794,0.027,1.272,0.026,-0.026,1.13,4/3/2024,0.2159,3096,14.9861,9.612001,8.821
TOI-5293 A,b,Transit,GO,3171,2,20,Executed,BOTS,PRISM,SUB512,NRSRAPID,5,45482.21,45482.49,7.44,Kanodia,0,23 43 18.8831 -02 02 42.34,11.639,162.23,3639,0.54,0.51,4.77,2.930363,0.034,88.8,0.54,1.061,13.61,0.69,679.6,5.1,1.8,113.06,3.61,X,-0.03,,,TOI-5293 A b,TOI-5293 A b,1,TOI-5293 A,170.4,21.8,-21.9,0.56,0.09,-0.09,675,b,2.930289,0.034,11.9,0.4,-0.4,1.94,21/7/2023,0.52,3586,162.229,12.465,11.639
TRAPPIST-1,c,Transit,GO,2420,1,5,Executed,BOTS,PRISM,SUB512,NRSRAPID,6,45482.71,45482.96,6.26,Meech,0,23 06 30.3341 -05 02 36.46,10.296,-1,2559,0.09,0.118,5.24,2.421848,0.016,89.62,0.004,0.096,12.67,7.07,337.4,0.7,0.7,31.19,0,X,0.04,,,TRAPPIST-1 c,TRAPPIST-1 c,1,TRAPPIST-1,1.308,0.056,-0.056,5.463993,0.220545,-0.237085,339.7,c,2.421937,0.0158,1.097,0.014,-0.012,0.7005,14/11/2022,0.1192,2566,,11.354,10.296
NGTS-2,b,Transit,GO,3838,2,3,Executed,BOTS,G395H,SUB2048,NRSRAPID,48,45483.13,45483.55,11.13,Kirk,12,14 20 29.4628 -31 12 7.45,9.799,356.39,6478,1.64,1.702,4.197,4.5111232,0.063,88.5,0.74,1.625,7.94,0.26,1623.6,1.1,4.6,148.53,31.79,X,-0.06,,,NGTS-2 b,NGTS-2 b,1,NGTS-2,235.1942,41.3179,-38.1396,0.226,0.04,-0.038,1468,b,4.511164,0.063,17.878355,0.526823,-0.504405,4.651,5/10/2018,1.702,6478,356.391,10.055,9.799
TRAPPIST-1,b+e,Transit,GO,6456,3,3,Executed,BOTS,PRISM,SUB512,NRSRAPID,5,45484.15,45484.47,9.2,Allen,12,23 06 30.3652 -05 02 36.70,-1,-1,-1,-1,-1,-1,-1,-1,-1,-1,-1,-1,-1,-1,-1,-1,-1,-1,X,-999,,,TRAPPIST-1 b,TRAPPIST-1 b,1,TRAPPIST-1,1.374,0.069,-0.069,5.441939,0.264654,-0.275681,802.86,b,1.510826,0.01154,1.116,0.014,-0.012,0.601,14/11/2022,0.1192,2566,,11.354,10.296
HAT-P-11,b,Transit,GO,4105,2,2,Executed,BOTS,G395H,SUB2048,NRSRAPID,3,45486.75,45487.03,7.1,Alderson,12,19 50 50.4423 +48 04 54.71,7.009,37.76,4777.6,0.81,0.755,4.59,4.8878027,0.053,89.36,0.081,0.43,12.42,1.55,869.5,0.4,2.4,247.39,5.89,X,0.31,,,HAT-P-11 b,HAT-P-11 b,1,HAT-P-11,23.51930212,1.27131363,-1.27131363,1.172,0.085,-0.085,847,b,4.888,0.05258,4.901,0.065,-0.065,2.3565,24/2/2025,0.74,4653,37.7647,7.608,7.009
TOI-1468,c,Transit,GO,3557,2,8,Executed,BOTS,G395H,SUB2048,NRSRAPID,10,45487.93,45488.13,5.16,Madhusudhan,12,01 06 36.9279 +19 13 29.60,8.497,24.74,3382,0.346,0.369,4.855,15.532477,0.086,89.28,0.017,0.184,14.12,4.1,337.8,0.3,1.8,83.49,0,X,-0.02,,,TOI-1468 c,TOI-1468 c,1,TOI-1468,4.1,1.1,-1.1,2.31,0.72,-0.66,338.1,c,15.532477,0.08608,2.126,0.092,-0.093,1.86,11/6/2025,0.3714,3376,24.7399,9.343,8.497
HAT-P-11,b,Transit,GO,4105,2,1,Executed,BOTS,G395H,SUB2048,NRSRAPID,3,45491.63,45491.92,7.1,Alderson,12,19 50 50.4423 +48 04 54.71,7.009,37.76,4777.6,0.81,0.755,4.59,4.8878027,0.053,89.36,0.081,0.43,12.42,1.55,869.5,0.4,2.4,247.39,5.89,X,0.31,,,HAT-P-11 b,HAT-P-11 b,1,HAT-P-11,23.51930212,1.27131363,-1.27131363,1.172,0.085,-0.085,847,b,4.888,0.05258,4.901,0.065,-0.065,2.3565,24/2/2025,0.74,4653,37.7647,7.608,7.009
LHS 1140,c,Eclipse,GO,3730,2,11,Executed,F1500W,X,SUB256,FASTR1,36,45491.97,45492.17,5.36,Diamond-Lowe,12,00 44 59.6827 -15 16 27.09,8.821,14.99,3131,0.182,0.214,5.049,3.7779329,0.027,89.92,0.006,0.114,12.44,5.84,425,0.3,1.1,28.57,0.02,X,-0.24,,,LHS 1140 c,LHS 1140 c,1,LHS 1140,1.91,0.06,-0.06,5.1,0.4,-0.4,422,c,3.77794,0.027,1.272,0.026,-0.026,1.13,4/3/2024,0.2159,3096,14.9861,9.612001,8.821
L 231-32,d,Transit,GO,3557,2,12,Executed,LRS,X,SLITLESSPRISM,FASTR1,17,45499,45499.24,6.05,Madhusudhan,12,04 33 39.8638 -51 57 26.75,-1,-1,-1,-1,-1,-1,-1,-1,-1,-1,-1,-1,-1,-1,-1,-1,-1,-1,X,-999,,,L 231-32 d,,,,,,,,,,,,,,,,,,,,,,,
TOI-3235,b,Transit,GO,3731,2,1,Executed,BOTS,PRISM,SUB512S,NRSRAPID,4,45500.94,45501.22,7.08,Jordan,12,13 49 53.7237 -46 03 59.45,10.819,72.81,3381.9,0.394,0.37,4.874,2.5926192,0.027,88.14,0.665,1,18.86,1.01,602.6,7.8,1.4,189.18,4.48,X,0.26,,,TOI-3235 b,TOI-3235 b,1,TOI-3235,211.3558907,7.94571018,-7.94571018,0.78,0.11,-0.11,604,b,2.59261842,0.02709,11.39953337,0.49319515,-0.49319515,1.48,25/2/2023,0.3697,3388.8,72.811,11.706,10.819
TOI-824,b,Eclipse,GO,4102,2,2,Executed,BOTS,G395M,SUB2048,NRSRAPID,5,45502.14,45502.4,6.63,Roy,12,14 48 39.7097 -57 35 20.00,8.432,63.93,4600,0.71,0.695,4.605,1.3929765,0.022,83.65,0.058,0.262,23.94,4.88,1253.3,0.2,1.1,75.73,6.79,X,-0.09,,,TOI-824 b,TOI-824 b,1,TOI-824,18.467,1.843,-1.875,4.03,0.98,-0.78,1253,b,1.392978,0.02177,2.926,0.202,-0.191,1.15344,17/9/2020,0.695,4600,63.9262,9.145001,8.432
TOI-824,b,Eclipse,GO,4102,2,1,Executed,BOTS,G395M,SUB2048,NRSRAPID,5,45504.92,45505.19,6.63,Roy,12,14 48 39.7097 -57 35 20.00,8.432,63.93,4600,0.71,0.695,4.605,1.3929765,0.022,83.65,0.058,0.262,23.94,4.88,1253.3,0.2,1.1,75.73,6.79,X,-0.09,,,TOI-824 b,TOI-824 b,1,TOI-824,18.467,1.843,-1.875,4.03,0.98,-0.78,1253,b,1.392978,0.02177,2.926,0.202,-0.191,1.15344,17/9/2020,0.695,4600,63.9262,9.145001,8.432
TOI-270,d,Transit,GTO,2759,2,1,Executed,SOSS,X,SUBSTRIP256,NISRAPID,3,45510.36,45510.67,8.53,Lafreniere,12,04 33 39.8638 -51 57 26.75,8.251,22.48,3446,0.4,0.38,4.856,11.379573,0.073,89.69,0.015,0.193,11.46,3.18,379.9,0.3,2.2,128.15,0.01,X,-0.17,clear,yes,TOI-270 d,TOI-270 d,1,TOI-270,4.78,0.43,-0.43,2.72,0.33,-0.33,387,d,11.379573,0.0721,2.133,0.058,-0.058,2.2350305,3/8/2021,0.378,3506,22.4793,9.099,8.251
HATS-75,b,Transit,GO,3171,2,9,Executed,BOTS,PRISM,SUB512,NRSRAPID,5,45513.74,45514.03,7.38,Kanodia,0,04 03 47.8393 -25 24 32.09,11.584,194.96,3722.2,0.602,0.586,4.561,2.7886548,0.033,88.07,0.491,0.873,18.26,1.12,759.3,2.6,1.9,60.24,3.59,X,0.52,,,HATS-75 b,HATS-75 b,1,HATS-75,156.0537478,12.39530787,-12.39530787,0.878,0.084,-0.084,772.3,b,2.7886556,0.032742,9.90873894,0.14571675,-0.14571675,1.91256,13/12/2021,0.5848,3790.4,194.964,12.481,11.584
WASP-96,b,Transit,GO,4082,2,1,Executed,BOTS,G395H,SUB2048,NRSRAPID,128,45514.08,45514.34,6.68,Radica,12,00 04 11.1767 -47 21 38.29,10.914,352.46,5540,1.06,1.05,4.42,3.4252566,0.045,85.6,0.485,1.225,9.17,0.4,1285.4,1.4,2.4,120.78,16.96,X,0.14,,,WASP-96 b,WASP-96 b,1,WASP-96,152.55,9.53,-9.53,0.37,0.05,-0.05,1285,b,3.4252602,0.0453,13.45,0.67,-0.67,2.4264,14/5/2014,1.05,5540,352.464,11.267,10.914
HATS-75,b,Transit,GO,3171,2,10,Executed,BOTS,PRISM,SUB512,NRSRAPID,5,45519.31,45519.61,7.38,Kanodia,0,04 03 47.8393 -25 24 32.09,11.584,194.96,3722.2,0.602,0.586,4.561,2.7886548,0.033,88.07,0.491,0.873,18.26,1.12,759.3,2.6,1.9,60.24,3.59,X,0.52,,,HATS-75 b,HATS-75 b,1,HATS-75,156.0537478,12.39530787,-12.39530787,0.878,0.084,-0.084,772.3,b,2.7886556,0.032742,9.90873894,0.14571675,-0.14571675,1.91256,13/12/2021,0.5848,3790.4,194.964,12.481,11.584
HATS-75,b,Transit,GO,3171,2,19,Executed,BOTS,PRISM,SUB512,NRSRAPID,5,45522.1,45522.39,7.38,Kanodia,0,04 03 47.8393 -25 24 32.09,11.584,194.96,3722.2,0.602,0.586,4.561,2.7886548,0.033,88.07,0.491,0.873,18.26,1.12,759.3,2.6,1.9,60.24,3.59,X,0.52,,,HATS-75 b,HATS-75 b,1,HATS-75,156.0537478,12.39530787,-12.39530787,0.878,0.084,-0.084,772.3,b,2.7886556,0.032742,9.90873894,0.14571675,-0.14571675,1.91256,13/12/2021,0.5848,3790.4,194.964,12.481,11.584
TOI-1130,b,Transit,GO,3385,2,2,Executed,BOTS,G395H,SUB2048,NRSRAPID,8,45524.36,45524.68,8.12,Huang,12,19 05 30.2409 -41 26 15.50,8.351,58.26,4250,0.698,0.695,4.6,4.07445,0.045,87.98,0.061,0.326,16.39,2.69,809.3,0.3,2.1,93.64,1.79,X,0.2,clear,no,TOI-1130 b,TOI-1130 b,1,TOI-1130,19.8,0.2,-0.3,2.23,0.06,-0.06,825,b,4.074554,0.0453,3.66,0.03,-0.04,1.8373729,30/8/2024,0.697,4360,58.2609,9.055,8.351
TOI-1130,b,Transit,GO,3385,2,4,Executed,SOSS,X,SUBSTRIP256,NISRAPID,2,45528.45,45528.77,8.07,Huang,12,19 05 30.2409 -41 26 15.50,8.351,58.26,4250,0.698,0.695,4.6,4.07445,0.045,87.98,0.061,0.326,16.39,2.69,809.3,0.3,2.1,93.64,1.79,X,0.2,,,TOI-1130 b,TOI-1130 b,1,TOI-1130,19.8,0.2,-0.3,2.23,0.06,-0.06,825,b,4.074554,0.0453,3.66,0.03,-0.04,1.8373729,30/8/2024,0.697,4360,58.2609,9.055,8.351
L 231-32,d,Transit,GO,4098,2,16,Executed,BOTS,G395H,SUB2048,NRSRAPID,11,45533.1,45533.39,7.22,Benneke,0,04 33 39.8638 -51 57 26.75,-1,-1,-1,-1,-1,-1,-1,-1,-1,-1,-1,-1,-1,-1,-1,-1,-1,-1,X,-999,,,L 231-32 d,,,,,,,,,,,,,,,,,,,,,,,
TOI-1468,c,Transit,GO,3557,2,9,Executed,LRS,X,SLITLESSPRISM,FASTR1,22,45534.47,45534.72,6.32,Madhusudhan,12,01 06 36.9279 +19 13 29.60,8.497,24.74,3382,0.346,0.369,4.855,15.532477,0.086,89.28,0.017,0.184,14.12,4.1,337.8,0.3,1.8,83.49,0,X,-0.02,,,TOI-1468 c,TOI-1468 c,1,TOI-1468,4.1,1.1,-1.1,2.31,0.72,-0.66,338.1,c,15.532477,0.08608,2.126,0.092,-0.093,1.86,11/6/2025,0.3714,3376,24.7399,9.343,8.497
TOI-1685,b,Transit,GO,4195,2,104,Executed,BOTS,G395H,SUB2048,NRSRAPID,16,45535.97,45536.22,6.17,Fisher,12,04 34 22.5504 +43 02 13.30,8.758,37.62,3457,0.478,0.462,4.814,0.6691406,0.011,85.59,0.00953,0.131,12.64,5.3,1058.5,0.1,1,136.19,3.75,X,0,,,TOI-1685 b,TOI-1685 b,1,TOI-1685,3.03,0.33,-0.32,5.3,0.8,-0.8,1062,b,0.66913924,0.01138,1.468,0.05,-0.051,0.918,7/8/2024,0.4555,3575,37.6153,9.616,8.758
TOI-1130,c,Transit,GO,3385,2,3,Executed,SOSS,X,SUBSTRIP256,NISRAPID,2,45542.89,45543.2,7.74,Huang,12,19 05 30.2409 -41 26 15.50,8.351,58.26,4250,0.684,0.691,4.6,8.3502104,0.072,87.52,0.999,1.188,20.06,0.9,635.3,1.7,1.9,198.94,5.48,X,0.2,,,TOI-1130 c,TOI-1130 c,1,TOI-1130,336,2,-5,0.827042,0.055136,-0.110272,650,c,8.3501898,0.0731,13,0.4,-0.4,1.836,30/8/2024,0.697,4360,58.2609,9.055,8.351
Kepler-86,b,Transit,GO,3235,2,1,Executed,BOTS,PRISM,SUB512,NRSRAPID,6,45545.02,45545.87,23.75,Fortney,12,19 19 3.2691 +51 57 45.66,-1,-1,-1,-1,-1,-1,-1,-1,-1,-1,-1,-1,-1,-1,-1,-1,-1,-1,X,-999,,,Kepler-86 b,,,,,,,,,,,,,,,,,,,,,,,
TOI-125,b,Transit,GO,4126,2,101,Executed,BOTS,G395H,SUB2048,NRSRAPID,22,45564.78,45565.16,9.97,Fisher,12,01 34 22.4221 -66 40 34.86,8.995,111.06,5282,0.871,0.851,4.517,4.6528365,0.052,88.92,0.03,0.243,14.32,3.15,1030.6,0.1,3,49.67,1.12,X,0.07,unsure,no,TOI-125 b,TOI-125 b,1,TOI-125,9.5,0.88,-0.88,2.57,0.33,-0.33,1037,b,4.65382,0.05186,2.726,0.075,-0.075,2.9616,6/2/2020,0.848,5320,111.059,9.466,8.995
WASP-69,b,Transit,GO,3712,2,1,Executed,BOTS,G395H,SUB2048,NRSRAPID,5,45565.28,45565.6,8.27,Cubillos,12,21 00 6.2319 -05 05 41.49,7.459,49.96,4715,0.826,0.813,4.535,3.8681389,0.045,86.71,0.26,1.057,6.6,0.33,963.7,1.8,2.2,889.27,41.77,X,0.14,,,WASP-69 b,WASP-69 b,1,WASP-69,82.58,5.37,-5.37,0.262,0.047,-0.039,971,b,3.86813881,0.0453,11.21,0.22,-0.22,2.1869,28/8/2025,0.801,4792,49.9605,8.032,7.459
WASP-69,b,Transit,GO,3712,2,2,Executed,LRS,X,SLITLESSPRISM,FASTR1,15,45569.15,45569.46,7.93,Cubillos,12,21 00 6.2319 -05 05 41.49,7.459,49.96,4715,0.826,0.813,4.535,3.8681389,0.045,86.71,0.26,1.057,6.6,0.33,963.7,1.8,2.2,889.27,41.77,X,0.14,,,WASP-69 b,WASP-69 b,1,WASP-69,82.58,5.37,-5.37,0.262,0.047,-0.039,971,b,3.86813881,0.0453,11.21,0.22,-0.22,2.1869,28/8/2025,0.801,4792,49.9605,8.032,7.459
TOI-4010,d,Transit,GO,5894,3,3,Executed,BOTS,PRISM,SUB512,NRSRAPID,5,45570.5,45570.89,10.06,Kunimoto,12,01 20 51.5598 +66 04 19.91,10.157,177.5,4924,0.88,0.855,4.495,14.7090131,0.113,89,0.12,0.568,10.56,0.99,653.2,0.5,3.6,52.78,0.34,X,0.37,,,TOI-4010 d,TOI-4010 d,1,TOI-4010,38.15,3.27,-3.22,0.9,0.1,-0.1,650,d,14.70886,0.113,6.18,0.14,-0.15,3.6,27/6/2023,0.83,4960,177.504,10.649,10.157
WASP-94 A,b,Transit,GO,5924,3,4,Executed,SOSS,X,SUBSTRIP256,NISRAPID,3,45576.94,45577.38,11.51,Sing,0,20 55 7.9444 -34 08 8.01,8.874,211.21,6153,1.45,1.62,4.181,3.9501954,0.055,88.7,0.456,1.72,4.37,0.14,1607.3,1.2,4.5,478.31,62.93,X,0.26,,,WASP-94 A b,WASP-94 A b,1,WASP-94 A,158.915,41.3179,-41.3179,0.114,0.014,-0.013,1570,b,3.95019,0.0554,17.71022,1.45717,-1.45717,4.444,25/4/2018,1.48,6170,211.211,9.159,8.874
LTT 9779,b,PhaseC,GO,3231,2,1,Executed,BOTS,G395H,SUB2048,NRSRAPID,7,45582.32,45583.22,24.97,Crossfield,12,23 54 40.5408 -37 37 41.64,8.016,80.44,5443,1.02,0.949,4.386,0.7920642,0.017,76.39,0.092,0.421,14.75,1.87,1973.2,0.1,0.5,184.25,33.89,X,0.27,,,LTT 9779 b,LTT 9779 b,1,LTT 9779,29.32,0.78,-0.81,1.536,0.123,-0.123,1978,b,0.792052,0.01679,4.72,0.23,-0.23,0.466,17/9/2020,0.949,5443,80.4373,8.446,8.016
GJ 3473,b,Eclipse,GO,3730,2,29,Executed,F1500W,X,SUB256,FASTR1,39,45585.04,45585.24,4.78,Diamond-Lowe,12,08 02 22.4521 +03 20 13.60,8.829,27.36,3339.5,0.36,0.359,4.863,1.1980015,0.016,87.95,0.006,0.11,13.61,6.6,765.7,0.1,1,16.1,0.69,X,0.11,,,GJ 3473 b,GJ 3473 b,1,GJ 3473,1.86,0.3,-0.3,5.03,1.07,-0.93,773,b,1.1980035,0.01589,1.264,0.05,-0.049,0.95,16/10/2020,0.364,3347,27.3644,9.627,8.829001
WASP-80,b,Transit,GO,5924,3,3,Executed,SOSS,X,SUBSTRIP256,NISRAPID,3,45585.81,45586.08,7.25,Sing,0,20 12 40.1693 -02 08 39.19,8.351,49.79,4145,0.57,0.571,4.668,3.0678527,0.034,89.02,0.55,0.969,16.6,0.92,814.3,2.9,2.1,367.92,25.26,X,-0.14,,,WASP-80 b,WASP-80 b,1,WASP-80,170.99254,11.12405,-11.44188,0.717,0.039,-0.032,825,b,3.06785234,0.0344,11.197791,0.33627,-0.347479,2.131,16/4/2015,0.586,4143,49.7876,9.218,8.351
Kepler-167,e,Transit,GO,6491,3,1,Executed,BOTS,PRISM,SUB512,NRSRAPID,6,45589.6,45592.17,70.62,Cassese,12,19 30 38.0262 +38 20 43.44,11.832,341.91,4876,0.776,0.746,4.576,1071.23205,1.881,89.96,1.01,0.905,34.96,2.07,148.1,1.9,16.2,3.5,0,X,0.05,,,Kepler-167 e,Kepler-167 e,1,Kepler-167,321.0066911,50.85254512,-47.67426105,1.68,0.34,-0.33,134.4,e,1071.23205,1.883,10.16,0.42,-0.42,16.1784,18/7/2022,0.749,4884,341.908,12.446,11.832
HAT-P-1,b,Transit,GO,2950,2,1,Executed,LRS,X,SLITLESSPRISM,FASTR1,49,45592.17,45592.52,10.01,Waters,12,22 57 46.8872 +38 40 29.71,8.858,158.98,5980,1.133,1.142,4.382,4.4652991,0.055,85.9,0.527,1.297,8.89,0.37,1310.7,1.4,2.8,292.8,39.56,X,0.13,,,HAT-P-1 b,HAT-P-1 b,1,HAT-P-1,166.86075,6.03877,-6.03877,0.282,0.01,-0.009,1322,b,4.46529976,0.05561,14.784671,0.212971,-0.212971,2.85,8/9/2015,1.174,5980,158.979,9.156,8.858
HAT-P-11,b,Transit,GO,2950,2,3,Executed,LRS,X,SLITLESSPRISM,FASTR1,9,45594.26,45594.6,8.88,Waters,12,19 50 50.4423 +48 04 54.71,7.009,37.76,4777.6,0.81,0.755,4.59,4.8878027,0.053,89.36,0.081,0.43,12.42,1.55,869.5,0.4,2.4,247.39,5.89,X,0.31,,,HAT-P-11 b,HAT-P-11 b,1,HAT-P-11,23.51930212,1.27131363,-1.27131363,1.172,0.085,-0.085,847,b,4.888,0.05258,4.901,0.065,-0.065,2.3565,24/2/2025,0.74,4653,37.7647,7.608,7.009
TRAPPIST-1,b+c,Eclipse,GO,5191,3,1,Executed,F1280W,X,SUB256,FASTR1,93,45595.37,45595.52,4.67,Ducrot,12,23 06 29.3685 -05 02 29.04,10.296,-1,2559,0.09,0.118,5.24,2.421848,0.016,89.62,0.004,0.096,12.67,7.07,337.4,0.7,0.7,31.19,0,X,0.04,,,TRAPPIST-1 b,TRAPPIST-1 b,1,TRAPPIST-1,1.374,0.069,-0.069,5.441939,0.264654,-0.275681,802.86,b,1.510826,0.01154,1.116,0.014,-0.012,0.601,14/11/2022,0.1192,2566,,11.354,10.296
TRAPPIST-1,b+c,Eclipse,GO,5191,3,2,Executed,F1280W,X,SUB256,FASTR1,93,45607.45,45607.63,5.43,Ducrot,12,23 06 29.3685 -05 02 29.04,10.296,-1,2559,0.09,0.118,5.24,2.421848,0.016,89.62,0.004,0.096,12.67,7.07,337.4,0.7,0.7,31.19,0,X,0.04,,,TRAPPIST-1 b,TRAPPIST-1 b,1,TRAPPIST-1,1.374,0.069,-0.069,5.441939,0.264654,-0.275681,802.86,b,1.510826,0.01154,1.116,0.014,-0.012,0.601,14/11/2022,0.1192,2566,,11.354,10.296
TOI-4010,b,Transit,GO,5894,3,1,Executed,BOTS,PRISM,SUB512,NRSRAPID,5,45610.91,45611.16,6.22,Kunimoto,12,01 20 51.5598 +66 04 19.91,10.157,177.5,4924,0.88,0.855,4.495,1.3483213,0.023,88.1,0.035,0.277,12.76,2.46,1450.9,0.1,1.8,52.71,3.33,X,0.37,unsure,no,TOI-4010 b,TOI-4010 b,1,TOI-4010,11,1.29,-1.27,2.2,0.3,-0.3,1441,b,1.348335,0.0229,3.02,0.08,-0.08,1.77,27/6/2023,0.83,4960,177.504,10.649,10.157
HAT-P-1,b,Transit,GO,5924,3,8,Executed,BOTS,G395H,SUB2048,NRSRAPID,19,45614.51,45614.85,8.76,Sing,0,22 57 46.8442 +38 40 30.36,8.858,158.98,5980,1.133,1.142,4.382,4.4652991,0.055,85.9,0.527,1.297,8.89,0.37,1310.7,1.4,2.8,292.8,39.56,X,0.13,,,HAT-P-1 b,HAT-P-1 b,1,HAT-P-1,166.86075,6.03877,-6.03877,0.282,0.01,-0.009,1322,b,4.46529976,0.05561,14.784671,0.212971,-0.212971,2.85,8/9/2015,1.174,5980,158.979,9.156,8.858
TRAPPIST-1,b+c,Eclipse,GO,5191,3,3,Executed,F1280W,X,SUB256,FASTR1,93,45619.53,45619.75,6.31,Ducrot,12,23 06 29.3685 -05 02 29.04,10.296,-1,2559,0.09,0.118,5.24,2.421848,0.016,89.62,0.004,0.096,12.67,7.07,337.4,0.7,0.7,31.19,0,X,0.04,,,TRAPPIST-1 b,TRAPPIST-1 b,1,TRAPPIST-1,1.374,0.069,-0.069,5.441939,0.264654,-0.275681,802.86,b,1.510826,0.01154,1.116,0.014,-0.012,0.601,14/11/2022,0.1192,2566,,11.354,10.296
TOI-125,c,Transit,GO,4126,2,201,Executed,BOTS,G395H,SUB2048,NRSRAPID,22,45622.73,45623.12,9.95,Fisher,12,01 34 22.4221 -66 40 34.86,8.995,111.06,5282,0.871,0.851,4.517,9.1526075,0.082,88.54,0.021,0.246,9.76,2.12,822.5,0.1,2.9,58.89,0.39,X,0.07,unsure,no,TOI-125 c,TOI-125 c,1,TOI-125,6.63,0.99,-0.99,1.73,0.33,-0.33,827.8,c,9.15059,0.0814,2.759,0.1,-0.1,2.9544,6/2/2020,0.848,5320,111.059,9.466,8.995
GJ 9827,d,Transit,GO,4098,2,91,Executed,BOTS,G395H,SUB2048,NRSRAPID,4,45624.77,45624.98,5.09,Benneke,0,23 27 5.2388 -01 17 7.13,7.193,29.66,4255,0.62,0.602,4.68,6.2014698,0.056,87.44,0.01,0.18,8.98,2.66,671.8,0.1,1.2,175.62,0.41,X,-0.29,,,GJ 9827 d,GJ 9827 d,1,GJ 9827,3.02,0.58,-0.57,2.51,0.57,-0.51,675,d,6.20183,0.053,1.98,0.11,-0.1,1.248,15/10/2024,0.58,4236,29.661,7.984,7.193
TOI-1468,c,Transit,GO,3557,2,7,Executed,SOSS,X,SUBSTRIP256,NISRAPID,3,45627.7,45627.92,5.44,Madhusudhan,12,01 06 36.9279 +19 13 29.60,8.497,24.74,3382,0.346,0.369,4.855,15.532477,0.086,89.28,0.017,0.184,14.12,4.1,337.8,0.3,1.8,83.49,0,X,-0.02,,,TOI-1468 c,TOI-1468 c,1,TOI-1468,4.1,1.1,-1.1,2.31,0.72,-0.66,338.1,c,15.532477,0.08608,2.126,0.092,-0.093,1.86,11/6/2025,0.3714,3376,24.7399,9.343,8.497
TRAPPIST-1,b+c,Eclipse,GO,5191,3,4,Executed,F1280W,X,SUB256,FASTR1,93,45631.64,45631.86,6.89,Ducrot,12,23 06 29.3685 -05 02 29.04,10.296,-1,2559,0.09,0.118,5.24,2.421848,0.016,89.62,0.004,0.096,12.67,7.07,337.4,0.7,0.7,31.19,0,X,0.04,,,TRAPPIST-1 b,TRAPPIST-1 b,1,TRAPPIST-1,1.374,0.069,-0.069,5.441939,0.264654,-0.275681,802.86,b,1.510826,0.01154,1.116,0.014,-0.012,0.601,14/11/2022,0.1192,2566,,11.354,10.296
LTT 3780,c,Transit,GO,3557,2,6,Executed,LRS,X,SLITLESSPRISM,FASTR1,13,45635.57,45635.79,5.24,Madhusudhan,12,10 18 34.7652 -11 43 4.21,8.204,21.98,3344.5,0.381,0.377,4.873,12.252202,0.076,89.13,0.024,0.208,15.54,4,358.8,0.3,1.5,99.86,0,X,0.09,,,LTT 3780 c,LTT 3780 c,1,LTT 3780,8.04,0.5,-0.48,3.24,0.55,-0.43,359,c,12.252284,0.0757,2.39,0.1,-0.11,1.54,26/3/2024,0.38,3358,21.9814,9.007,8.204001
TRAPPIST-1,b+e,Transit,GO,6456,3,15,Executed,BOTS,PRISM,SUB512,NRSRAPID,5,45636.63,45637.06,11.37,Allen,12,23 06 30.3652 -05 02 36.70,-1,-1,-1,-1,-1,-1,-1,-1,-1,-1,-1,-1,-1,-1,-1,-1,-1,-1,X,-999,,,TRAPPIST-1 b,TRAPPIST-1 b,1,TRAPPIST-1,1.374,0.069,-0.069,5.441939,0.264654,-0.275681,802.86,b,1.510826,0.01154,1.116,0.014,-0.012,0.601,14/11/2022,0.1192,2566,,11.354,10.296
K2-18,b,Transit,GO,2372,1,4,Executed,BOTS,G395H,SUB2048,NRSRAPID,16,45638.44,45638.87,11.34,Hu,12,11 30 14.4338 +07 35 16.19,8.899,38.03,3457,0.413,0.411,4.786,32.9398375,0.146,89.58,0.027,0.203,18.6,4.89,279.6,0.3,2.7,38.9,0,X,0.12,,,K2-18 b,K2-18 b,1,K2-18,8.92,1.7,-1.6,4.11,1.72,-1.18,284,b,32.939623,0.1429,2.37,0.22,-0.22,2.3059589,18/3/2019,0.411,3457,38.0266,9.763,8.899
TOI-3884,b,Transit,GO,5863,3,1,Executed,SOSS,X,SUBSTRIP256,NISRAPID,10,45642.15,45642.4,6.19,Murray,12,12 06 17.2338 +12 30 25.31,10.24,43.14,3192,0.29,0.302,4.921,4.5445697,0.036,89.96,0.077,0.535,7.64,0.76,447.4,3.1,1.6,363.45,0.23,X,0.14,,,TOI-3884 b,TOI-3884 b,1,TOI-3884,32.59,7.31,-7.38,0.67,0.18,-0.16,441,b,4.5445828,0.0361,6.43,0.2,-0.2,1.6,30/8/2024,0.302,3180,43.1448,11.127,10.24
TOI-3884,b,Transit,GO,5863,3,2,Executed,BOTS,G395M,SUB2048,NRSRAPID,23,45646.7,45646.93,5.75,Murray,12,12 06 17.2338 +12 30 25.31,10.24,43.14,3192,0.29,0.302,4.921,4.5445697,0.036,89.96,0.077,0.535,7.64,0.76,447.4,3.1,1.6,363.45,0.23,X,0.14,,,TOI-3884 b,TOI-3884 b,1,TOI-3884,32.59,7.31,-7.38,0.67,0.18,-0.16,441,b,4.5445828,0.0361,6.43,0.2,-0.2,1.6,30/8/2024,0.302,3180,43.1448,11.127,10.24
TOI-199,b,Transit,GO,5177,3,1,Executed,BOTS,G395M,SUB2048,NRSRAPID,7,45649.22,45650.13,24.98,Hu,12,05 20 25.3152 -59 53 44.46,8.814,102.27,5302.5,0.936,0.85,4.553,104.8634818,0.425,90,0.17,0.861,6.5,0.4,361.4,1.2,6.6,135.14,0.01,X,0.22,,,TOI-199 b,TOI-199 b,1,TOI-199,54.03082919,6.35656814,-6.35656814,,,,358,b,104.854,0.4254,9.07927437,0.0560449,-0.0560449,6.554,9/10/2023,0.82,5255,102.27,9.329001,8.814
TOI-3884,b,Transit,GO,5863,3,3,Executed,SOSS,X,SUBSTRIP256,NISRAPID,10,45651.28,45651.52,6.19,Murray,12,12 06 17.2338 +12 30 25.31,10.24,43.14,3192,0.29,0.302,4.921,4.5445697,0.036,89.96,0.077,0.535,7.64,0.76,447.4,3.1,1.6,363.45,0.23,X,0.14,,,TOI-3884 b,TOI-3884 b,1,TOI-3884,32.59,7.31,-7.38,0.67,0.18,-0.16,441,b,4.5445828,0.0361,6.43,0.2,-0.2,1.6,30/8/2024,0.302,3180,43.1448,11.127,10.24
TOI-1231,b,Transit,GO,3557,2,3,Executed,LRS,X,SLITLESSPRISM,FASTR1,12,45654.55,45654.86,8.59,Madhusudhan,12,10 26 59.3375 -52 28 4.16,8.069,27.62,3544,0.485,0.471,4.808,24.2455413,0.129,89.73,0.048,0.336,12.18,1.94,326.7,0.6,3.3,130.1,0,X,0.04,,,TOI-1231 b,TOI-1231 b,1,TOI-1231,15.4,3.3,-3.3,1.74,0.47,-0.42,329.6,b,24.245586,0.1288,3.65,0.16,-0.15,3.24,9/11/2021,0.476,3553,27.6227,8.876,8.069
TOI-3884,b,Transit,GO,5863,3,4,Executed,BOTS,G395M,SUB2048,NRSRAPID,23,45655.84,45656.05,5.75,Murray,12,12 06 17.2338 +12 30 25.31,10.24,43.14,3192,0.29,0.302,4.921,4.5445697,0.036,89.96,0.077,0.535,7.64,0.76,447.4,3.1,1.6,363.45,0.23,X,0.14,,,TOI-3884 b,TOI-3884 b,1,TOI-3884,32.59,7.31,-7.38,0.67,0.18,-0.16,441,b,4.5445828,0.0361,6.43,0.2,-0.2,1.6,30/8/2024,0.302,3180,43.1448,11.127,10.24
WASP-76,b,PhaseC,GO,5268,3,1,Executed,BOTS,G395H,SUB2048,NRSRAPID,8,45660,45662.15,59.43,Wardenier,12,01 46 31.9100 +02 42 1.38,8.243,194.46,6264.1,1.46,1.737,4.128,1.8098813,0.033,88.25,0.91,1.85,7.54,0.22,2191.5,1.2,3.8,472.58,183.84,X,0.23,,,WASP-76 b,WASP-76 b,1,WASP-76,284.1385959,4.4495977,-4.13176929,0.17,0.02,-0.02,2228,b,1.80988198,0.033,20.78145022,0.86309151,-0.85188253,3.8,12/7/2024,1.756,6329,194.459,8.541,8.243
K2-18,b,Transit,GO,2372,1,2,Executed,BOTS,G235H,SUB2048,NRSRAPID,9,45671.38,45671.81,11.34,Hu,12,11 30 14.4338 +07 35 16.19,8.899,38.03,3457,0.413,0.411,4.786,32.9398375,0.146,89.58,0.027,0.203,18.6,4.89,279.6,0.3,2.7,38.9,0,X,0.12,,,K2-18 b,K2-18 b,1,K2-18,8.92,1.7,-1.6,4.11,1.72,-1.18,284,b,32.939623,0.1429,2.37,0.22,-0.22,2.3059589,18/3/2019,0.411,3457,38.0266,9.763,8.899
TOI-1685,b,Transit,GO,4098,2,3,Executed,SOSS,X,SUBSTRIP256,NISRAPID,5,45672.5,45672.69,4.45,Benneke,0,04 34 22.5504 +43 02 13.30,8.758,37.62,3457,0.478,0.462,4.814,0.6691406,0.011,85.59,0.00953,0.131,12.64,5.3,1058.5,0.1,1,136.19,3.75,X,0,,,TOI-1685 b,TOI-1685 b,1,TOI-1685,3.03,0.33,-0.32,5.3,0.8,-0.8,1062,b,0.66913924,0.01138,1.468,0.05,-0.051,0.918,7/8/2024,0.4555,3575,37.6153,9.616,8.758
TOI-1685,b,Transit,GO,4098,2,4,Executed,SOSS,X,SUBSTRIP256,NISRAPID,5,45673.17,45673.36,4.45,Benneke,0,04 34 22.5504 +43 02 13.30,8.758,37.62,3457,0.478,0.462,4.814,0.6691406,0.011,85.59,0.00953,0.131,12.64,5.3,1058.5,0.1,1,136.19,3.75,X,0,,,TOI-1685 b,TOI-1685 b,1,TOI-1685,3.03,0.33,-0.32,5.3,0.8,-0.8,1062,b,0.66913924,0.01138,1.468,0.05,-0.051,0.918,7/8/2024,0.4555,3575,37.6153,9.616,8.758
TOI-1231,b,Transit,GO,3557,2,1,Executed,SOSS,X,SUBSTRIP256,NISRAPID,2,45678.79,45679.1,7.66,Madhusudhan,12,10 26 59.3375 -52 28 4.16,8.069,27.62,3544,0.485,0.471,4.808,24.2455413,0.129,89.73,0.048,0.336,12.18,1.94,326.7,0.6,3.3,130.1,0,X,0.04,,,TOI-1231 b,TOI-1231 b,1,TOI-1231,15.4,3.3,-3.3,1.74,0.47,-0.42,329.6,b,24.245586,0.1288,3.65,0.16,-0.15,3.24,9/11/2021,0.476,3553,27.6227,8.876,8.069
LP 791-18,d,Eclipse,GO,6457,3,4,Executed,F1500W,X,SUB256,FASTR1,130,45685.05,45685.24,4.62,Benneke,12,11 02 45.9546 -16 24 22.29,10.644,26.49,2960,0.139,0.182,5.115,2.753436,0.02,89.34,0.003,0.092,9.47,5.5,431.4,0,0.9,18.37,0.01,X,-0.09,,,LP 791-18 d,LP 791-18 d,1,LP 791-18,0.9,0.5,-0.4,,,,395.5,d,2.753436,0.01992,1.032,0.044,-0.043,0.9152,14/5/2023,0.182,2960,26.4927,11.559,10.644
WASP-63,b,Transit,GO,5924,3,9,Executed,BOTS,G395H,SUB2048,NRSRAPID,33,45688.07,45688.62,14.34,Sing,0,06 17 20.7485 -38 19 23.75,9.393,290.68,5560,1.28,1.86,4.01,4.378082,0.056,87.8,0.37,1.382,5.49,0.21,1548.1,0.6,5.4,175.92,25.2,X,0.08,,,WASP-63 b,WASP-63 b,1,WASP-63,117.5971,28.6047,-28.6047,0.179,0.14,-0.07,1469.91,b,4.37808,0.05417,15.80469,1.56926,-1.56926,5.3900978,25/4/2018,1.86,5550,290.684,9.818,9.393
TOI-431,b,Eclipse,GO,4818,3,19,Executed,LRS,X,SLITLESSPRISM,FASTR1,8,45689.37,45689.58,5.4,Weiner Mansfield,12,05 33 4.6005 -26 43 28.27,6.723,32.57,4850,0.78,0.731,4.6,0.490052,0.011,84.3,0.01,0.123,18.14,7.9,1881,0,1,21.04,9.33,X,0.2,,,TOI-431 b,TOI-431 b,1,TOI-431,3.07,0.35,-0.35,8,1,-1,1862,b,0.490047,0.0113,1.28,0.04,-0.04,1.0123328,16/8/2021,0.731,4850,32.5686,7.305,6.723
KELT-7,b,Transit,GO,5924,3,7,Executed,SOSS,X,SUBSTRIP96,NISRAPID,3,45703.91,45704.29,9.84,Sing,0,05 13 10.9289 +33 19 5.40,7.543,136.68,6768,1.535,1.751,4.149,2.7347656,0.044,83.76,1.335,1.588,15,0.51,2055.3,0.8,3.4,259.99,141.96,X,0.14,,,KELT-7 b,KELT-7 b,1,KELT-7,441.7837,69.9226,-69.9226,0.442,0.073,-0.068,1808,b,2.73477,0.04415,17.9344,0.67254,-0.67254,3.205,25/4/2018,1.81,6768,136.681,7.739,7.543
TOI-1416,b,Eclipse,GO,4818,3,5,Executed,LRS,X,SLITLESSPRISM,FASTR1,18,45705.77,45705.97,5.89,Weiner Mansfield,12,14 27 41.7656 +41 57 12.32,7.708,55.01,4915,0.798,0.796,4.529,1.0697594,0.019,85.7,0.011,0.144,15.04,5.6,1534.5,0,1.4,85.91,3.79,X,0.08,,,TOI-1416 b,TOI-1416 b,1,TOI-1416,3.48,0.47,-0.47,4.5,0.99,-0.83,1517,b,1.0697568,0.019,1.62,0.08,-0.08,1.5,12/6/2023,0.793,4884,55.0135,8.266,7.708
TOI-500,b,Eclipse,GO,4818,3,7,Executed,LRS,X,SLITLESSPRISM,FASTR1,18,45706.29,45706.51,5.3,Weiner Mansfield,12,07 06 13.9753 -47 35 13.87,7.715,47.39,4590,0.81,0.75,4.618,0.5481579,0.012,82.09,0.004,0.104,11.7,6.02,1725.2,0,1,15.24,3.49,X,0.12,,,TOI-500 b,TOI-500 b,1,TOI-500,1.42,0.18,-0.18,4.89,1.03,-0.88,1617,b,0.548177,0.01189,1.166,0.061,-0.058,0.998,9/5/2022,0.678,4440,47.3924,8.403,7.715
TOI-1807,b,Eclipse,GO,4818,3,15,Executed,LRS,X,SLITLESSPRISM,FASTR1,15,45710.37,45710.58,5.32,Weiner Mansfield,12,13 25 7.9957 +38 55 20.94,7.568,42.58,4743.5,0.76,0.715,4.58,0.5493715,0.012,79.85,0.008,0.128,13.66,5.72,1765.6,0,1,19.34,6.28,X,-0.03,,,TOI-1807 b,TOI-1807 b,1,TOI-1807,2.44,0.6,-0.57,3.98,1.18,-1.53,1694.1,b,0.54937097,0.0122,1.49681583,0.08089145,-0.06779467,0.9772115,23/7/2024,0.746,4914,42.5775,8.103,7.568
TOI-1442,b,Eclipse,GO,4818,3,9,Executed,LRS,X,SLITLESSPRISM,FASTR1,108,45711.19,45711.36,4.91,Weiner Mansfield,12,19 09 9.7936 +74 10 20.22,10.089,41.17,3329,0.29,0.309,4.918,0.4090679,0.007,-1,-1,0.105,-1,-1,1059.7,0.1,0.6,-1,2.34,X,-999,,,TOI-1442 b,TOI-1442 b,1,TOI-1442,,,,,,,1072,b,0.4090677,0.0071,1.17,0.06,-0.06,0.6165726,15/2/2022,0.31,3330,41.1659,10.925,10.089
V1298 Tau,d,Transit,GO,5959,3,16,Executed,BOTS,G395H,SUB2048,NRSRAPID,4,45712.07,45712.6,13.77,Feinstein,0,04 05 19.5971 +20 09 25.31,8.094,108.2,5050,1.101,1.33,-1,12.4032,0.109,88.67,0.31,0.572,26.86,2.51,849.5,0,5.6,29.06,1.66,X,0.1,,,V1298 Tau d,V1298 Tau d,1,V1298 Tau,98.52680617,,,2.4,,,845,d,12.4032,0.1083,6.41,0.45,-0.4,5.59,18/10/2019,1.345,5050,108.199,8.687,8.094
L 98-59,c,Transit,GTO,1201,1,302,Executed,SOSS,X,SUBSTRIP96,NISRAPID,4,45718.01,45718.23,5.44,Lafreniere,12,08 18 7.8865 -68 18 52.08,7.101,10.62,3412,0.312,0.312,4.94,3.6906745,0.031,88.5,0.007,0.12,13.83,6.15,519.5,0.2,1.3,34.45,0.16,X,-0.5,,,L 98-59 c,L 98-59 c,1,L 98-59,2,0.13,-0.13,4.7,0.5,-0.4,526,c,3.6906764,0.0309,1.329,0.029,-0.029,1.28,29/7/2025,0.3155,3415,10.6194,7.933,7.101
GJ 3470,b,Transit,GTO,4536,3,1,Executed,BOTS,G395H,SUB2048,NRSRAPID,9,45723.07,45723.36,7.06,Greene,12,07 59 5.6341 +15 23 28.32,7.989,29.42,3600,0.524,0.5,4.738,3.3366496,0.036,88.88,0.044,0.37,9.05,1.31,651.3,0.6,1.9,353.73,1.9,X,0.2,clear,no,GJ 3470 b,GJ 3470 b,1,GJ 3470,13.9,1.5,-1.5,0.8,0.13,-0.13,593.5,b,3.3366496,0.0355,4.57,0.18,-0.18,1.8580034,28/1/2019,0.547,3600,29.4214,8.794,7.989
WASP-19,b,Transit,GO,5924,3,12,Executed,BOTS,PRISM,SUB512,NRSRAPID,4,45738.43,45738.67,5.93,Sing,0,09 53 40.0766 -45 39 33.06,10.481,268.32,5503,0.965,1.004,4.401,0.7888391,0.017,79.24,1.147,1.394,16.74,0.64,2069.6,2.1,1.6,161.73,117.77,X,0.15,,,WASP-19 b,WASP-19 b,1,WASP-19,366.7739817,24.79061575,-25.42627256,0.506,0.031,-0.03,2113,b,0.78883852,0.01652,15.86070769,0.49319515,-0.53803107,1.607,31/1/2022,1.006,5616,268.325,10.911,10.481
TOI-700,d,Transit,GO,6193,3,1,Executed,SOSS,X,SUBSTRIP256,NISRAPID,4,45744.27,45744.71,11.65,Pass,12,06 28 22.9720 -65 34 43.01,8.634,31.13,3470.5,0.415,0.42,4.806,37.424355,0.163,89.79,-1,0.104,-1,-1,268.5,0.1,3.3,-1,0,X,-0.07,,,TOI-700 d,TOI-700 d,1,TOI-700,,,,,,,247.18,d,37.42396,0.1633,1.073,0.059,-0.054,3.314,18/1/2023,0.421,3459,31.1265,9.469,8.634
HAT-P-30,b,Transit,GO,5924,3,6,Executed,SOSS,X,SUBSTRIP256,NISRAPID,4,45746.99,45747.29,7.47,Sing,0,08 15 47.9802 +05 50 12.35,9.151,213.98,6304,1.242,1.215,4.36,2.810601,0.042,83.6,0.733,1.427,10.2,0.38,1636.9,1.1,2.2,270.81,69.01,X,0.13,,,HAT-P-30 b,HAT-P-30 b,1,HAT-P-30,263.7989,57.2094,-57.2094,0.385,0.062,-0.053,1578.69,b,2.8106,0.0419,16.14096,1.68135,-1.68135,2.2499254,25/4/2018,1.31,6304,213.985,9.442,9.151
TOI-1130,c,Transit,GO,3385,2,1,Executed,BOTS,G395H,SUB2048,NRSRAPID,8,45751.63,45751.94,7.8,Huang,12,19 05 30.2409 -41 26 15.50,8.351,58.26,4250,0.684,0.691,4.6,8.3502104,0.072,87.52,0.999,1.188,20.06,0.9,635.3,1.7,1.9,198.94,5.48,X,0.2,,,TOI-1130 c,TOI-1130 c,1,TOI-1130,336,2,-5,0.827042,0.055136,-0.110272,650,c,8.3501898,0.0731,13,0.4,-0.4,1.836,30/8/2024,0.697,4360,58.2609,9.055,8.351
TOI-700,e,Transit,GO,6193,3,2,Executed,SOSS,X,SUBSTRIP256,NISRAPID,4,45753.71,45754.11,10.81,Pass,12,06 28 22.9720 -65 34 43.01,8.634,31.13,3470.5,0.415,0.42,4.624,27.8097349,0.134,89.6,-1,0.085,-1,-1,296.4,0,2.9,-1,0,X,-0.07,,,TOI-700 e,TOI-700 e,1,TOI-700,,,,,,,272.9,e,27.80978,0.134,0.953,0.089,-0.075,2.777,18/1/2023,0.421,3459,31.1265,9.469,8.634
HD 80606,b,PhaseC,GO,2008,1,1,Executed,LRS,X,SLITLESSPRISM,FASTR1,14,45757.67,45758.63,26.04,Kataria,12,09 22 37.6680 +50 36 13.60,7.316,66.47,5569.4,1.018,1.038,4.408,111.43639,0.456,89.26,4.115,1.003,115.94,6.18,405.1,1.1,11.9,13.21,0.04,X,0.34,,,HD 80606 b,HD 80606 b,1,HD 80606,1392.0954,235.1942,-235.1942,5.06,0.38,-0.35,405,b,111.4367,0.4602,11.99363,0.33627,-0.33627,11.9,25/4/2018,1.04,5561,66.4711,7.702,7.316
TOI-561,b,Eclipse,GO,4818,3,11,Executed,LRS,X,SLITLESSPRISM,FASTR1,32,45761.36,45761.59,5.65,Weiner Mansfield,12,09 52 44.5492 +06 12 58.92,8.394,85.8,5357,0.805,0.843,4.5,0.4465697,0.011,87.1,0.007,0.127,11.75,4.95,2303.6,0,1.3,14.33,4.85,X,-0.4,,,TOI-561 b,TOI-561 b,1,TOI-561,2.02,0.23,-0.23,4.1,0.5,-0.5,2319,b,0.4465697,0.01064,1.397,0.027,-0.027,1.308,24/2/2025,0.843,5342,85.799,8.879,8.394
HAT-P-18,b,Transit,GO,5844,3,1,Executed,BOTS,G395M,SUB2048,NRSRAPID,27,45777.17,45777.46,7.28,Radica,12,17 05 23.1475 +33 00 44.94,10.234,161.4,4803,0.77,0.749,4.579,5.5080287,0.056,88.79,0.196,0.976,5.85,0.32,847.8,2.2,2.7,267.61,6.09,X,0.1,,,HAT-P-18 b,HAT-P-18 b,1,HAT-P-18,62.61,4.132,-4.132,0.25,0.04,-0.04,852,b,5.508023,0.0559,11.153,0.583,-0.583,2.7144,14/5/2014,0.749,4803,161.4,10.822,10.234
WASP-69,b,Transit,GO,5924,3,2,Executed,SOSS,X,SUBSTRIP96,NISRAPID,3,45781.93,45782.21,7.03,Sing,0,21 00 6.1968 -05 05 40.03,7.459,49.96,4715,0.826,0.813,4.535,3.8681389,0.045,86.71,0.26,1.057,6.6,0.33,963.7,1.8,2.2,889.27,41.77,X,0.14,,,WASP-69 b,WASP-69 b,1,WASP-69,82.58,5.37,-5.37,0.262,0.047,-0.039,971,b,3.86813881,0.0453,11.21,0.22,-0.22,2.1869,28/8/2025,0.801,4792,49.9605,8.032,7.459
TOI-1899,b,Transit,GO,4227,2,11,Executed,BOTS,PRISM,SUB512,NRSRAPID,5,45787.72,45788.18,12.6,Claringbold,12,19 57 42.3954 +40 08 35.75,10.509,128.44,3854,0.63,0.607,4.669,29.0902271,0.156,89.7,0.665,1.087,15.96,0.79,367.1,3.8,4.7,63.4,0.02,X,0.3,,,TOI-1899 b,TOI-1899 b,1,TOI-1899,212.9450327,12.71313628,-12.71313628,0.85,0.1,-0.1,378,b,29.090312,0.1525,11.09689089,0.33626942,-0.33626942,4.7,15/4/2024,0.607,3926,128.438,11.342,10.509
LP 791-18,d,Eclipse,GO,6457,3,2,Executed,F1500W,X,SUB256,FASTR1,130,45797.94,45798.13,4.62,Benneke,12,11 02 45.9546 -16 24 22.29,10.644,26.49,2960,0.139,0.182,5.115,2.753436,0.02,89.34,0.003,0.092,9.47,5.5,431.4,0,0.9,18.37,0.01,X,-0.09,,,LP 791-18 d,LP 791-18 d,1,LP 791-18,0.9,0.5,-0.4,,,,395.5,d,2.753436,0.01992,1.032,0.044,-0.043,0.9152,14/5/2023,0.182,2960,26.4927,11.559,10.644
TOI-3884,b,Transit,GO,5799,3,3,Executed,BOTS,G395H,SUB2048,NRSRAPID,70,45801.2,45801.48,7.23,Garcia,12,12 06 17.4371 +12 30 24.88,10.24,43.14,3192,0.29,0.302,4.921,4.5445697,0.036,89.96,0.077,0.535,7.64,0.76,447.4,3.1,1.6,363.45,0.23,X,0.14,,,TOI-3884 b,TOI-3884 b,1,TOI-3884,32.59,7.31,-7.38,0.67,0.18,-0.16,441,b,4.5445828,0.0361,6.43,0.2,-0.2,1.6,30/8/2024,0.302,3180,43.1448,11.127,10.24
K2-18,b,Transit,GO,2372,1,5,Executed,BOTS,G395H,SUB2048,NRSRAPID,16,45803.14,45803.57,11.34,Hu,12,11 30 14.4338 +07 35 16.19,8.899,38.03,3457,0.413,0.411,4.786,32.9398375,0.146,89.58,0.027,0.203,18.6,4.89,279.6,0.3,2.7,38.9,0,X,0.12,,,K2-18 b,K2-18 b,1,K2-18,8.92,1.7,-1.6,4.11,1.72,-1.18,284,b,32.939623,0.1429,2.37,0.22,-0.22,2.3059589,18/3/2019,0.411,3457,38.0266,9.763,8.899
GJ 486,b,Transit,GO,5866,3,2,Executed,SOSS,X,SUBSTRIP96,NISRAPID,3,45805.08,45805.3,5.22,MacDonald,12,12 47 55.5675 +09 44 57.91,6.362,8.07,3307,0.323,0.33,4.89,1.4671198,0.017,88.9,0.009,0.117,18.28,8.34,699.4,0.1,1,43,1.72,X,-0.15,,,GJ 486 b,GJ 486 b,1,GJ 486,2.77,0.076,-0.073,6.66,0.23,-0.29,696.3,b,1.46712127,0.01714,1.289,0.019,-0.014,1.0158,16/4/2025,0.3243,3317,8.07426,7.195,6.362
LP 791-18,d,Eclipse,GO,6457,3,1,Executed,F1500W,X,SUB256,FASTR1,130,45808.96,45809.15,4.62,Benneke,12,11 02 45.9546 -16 24 22.29,10.644,26.49,2960,0.139,0.182,5.115,2.753436,0.02,89.34,0.003,0.092,9.47,5.5,431.4,0,0.9,18.37,0.01,X,-0.09,,,LP 791-18 d,LP 791-18 d,1,LP 791-18,0.9,0.5,-0.4,,,,395.5,d,2.753436,0.01992,1.032,0.044,-0.043,0.9152,14/5/2023,0.182,2960,26.4927,11.559,10.644
GJ 486,b,Transit,GO,5866,3,1,Executed,SOSS,X,SUBSTRIP96,NISRAPID,3,45809.52,45809.7,5.22,MacDonald,12,12 47 55.5675 +09 44 57.91,6.362,8.07,3307,0.323,0.33,4.89,1.4671198,0.017,88.9,0.009,0.117,18.28,8.34,699.4,0.1,1,43,1.72,X,-0.15,,,GJ 486 b,GJ 486 b,1,GJ 486,2.77,0.076,-0.073,6.66,0.23,-0.29,696.3,b,1.46712127,0.01714,1.289,0.019,-0.014,1.0158,16/4/2025,0.3243,3317,8.07426,7.195,6.362
TOI-3884,b,Transit,GO,5799,3,1,Executed,SOSS,X,SUBSTRIP256,NISRAPID,10,45810.28,45810.57,7.3,Garcia,12,12 06 17.4371 +12 30 24.88,10.24,43.14,3192,0.29,0.302,4.921,4.5445697,0.036,89.96,0.077,0.535,7.64,0.76,447.4,3.1,1.6,363.45,0.23,X,0.14,,,TOI-3884 b,TOI-3884 b,1,TOI-3884,32.59,7.31,-7.38,0.67,0.18,-0.16,441,b,4.5445828,0.0361,6.43,0.2,-0.2,1.6,30/8/2024,0.302,3180,43.1448,11.127,10.24
GJ 486,b,Transit,GO,5866,3,3,Executed,SOSS,X,SUBSTRIP96,NISRAPID,3,45810.99,45811.17,5.22,MacDonald,12,12 47 55.5675 +09 44 57.91,6.362,8.07,3307,0.323,0.33,4.89,1.4671198,0.017,88.9,0.009,0.117,18.28,8.34,699.4,0.1,1,43,1.72,X,-0.15,,,GJ 486 b,GJ 486 b,1,GJ 486,2.77,0.076,-0.073,6.66,0.23,-0.29,696.3,b,1.46712127,0.01714,1.289,0.019,-0.014,1.0158,16/4/2025,0.3243,3317,8.07426,7.195,6.362
TRAPPIST-1,b+e,Transit,GO,6456,3,4,Executed,BOTS,PRISM,SUB512,NRSRAPID,5,45813.5,45813.83,8.47,Allen,12,23 06 30.3652 -05 02 36.70,-1,-1,-1,-1,-1,-1,-1,-1,-1,-1,-1,-1,-1,-1,-1,-1,-1,-1,X,-999,,,TRAPPIST-1 b,TRAPPIST-1 b,1,TRAPPIST-1,1.374,0.069,-0.069,5.441939,0.264654,-0.275681,802.86,b,1.510826,0.01154,1.116,0.014,-0.012,0.601,14/11/2022,0.1192,2566,,11.354,10.296
GJ 806,b,Eclipse,GO,4931,3,1,Executed,LRS,X,SLITLESSPRISM,FASTR1,5,45814.08,45814.29,4.99,Weiner Mansfield,12,20 45 4.0992 +44 29 56.65,6.533,12.04,3586.5,0.413,0.422,4.892,0.9263237,0.014,87.7,0.006,0.134,9.4,3.75,947.7,0.1,0.9,73.1,5.63,X,-0.28,,,GJ 806 b,GJ 806 b,1,GJ 806,1.9,0.17,-0.17,4.4,0.45,-0.45,940,b,0.9263237,0.01406,1.331,0.023,-0.023,0.93,28/11/2023,0.4144,3600,12.0445,7.329,6.533
TRAPPIST-1,b+e,Transit,GO,6456,3,5,Executed,BOTS,PRISM,SUB512,NRSRAPID,5,45819.6,45819.87,6.89,Allen,12,23 06 30.3652 -05 02 36.70,-1,-1,-1,-1,-1,-1,-1,-1,-1,-1,-1,-1,-1,-1,-1,-1,-1,-1,X,-999,,,TRAPPIST-1 b,TRAPPIST-1 b,1,TRAPPIST-1,1.374,0.069,-0.069,5.441939,0.264654,-0.275681,802.86,b,1.510826,0.01154,1.116,0.014,-0.012,0.601,14/11/2022,0.1192,2566,,11.354,10.296
LP 791-18,d,Eclipse,GO,6457,3,5,Executed,F1500W,X,SUB256,FASTR1,130,45819.97,45820.16,4.62,Benneke,12,11 02 45.9546 -16 24 22.29,10.644,26.49,2960,0.139,0.182,5.115,2.753436,0.02,89.34,0.003,0.092,9.47,5.5,431.4,0,0.9,18.37,0.01,X,-0.09,,,LP 791-18 d,LP 791-18 d,1,LP 791-18,0.9,0.5,-0.4,,,,395.5,d,2.753436,0.01992,1.032,0.044,-0.043,0.9152,14/5/2023,0.182,2960,26.4927,11.559,10.644
GJ 806,b,Eclipse,GO,4931,3,5,Executed,LRS,X,SLITLESSPRISM,FASTR1,5,45820.57,45820.77,4.99,Weiner Mansfield,12,20 45 4.0992 +44 29 56.65,6.533,12.04,3586.5,0.413,0.422,4.892,0.9263237,0.014,87.7,0.006,0.134,9.4,3.75,947.7,0.1,0.9,73.1,5.63,X,-0.28,,,GJ 806 b,GJ 806 b,1,GJ 806,1.9,0.17,-0.17,4.4,0.45,-0.45,940,b,0.9263237,0.01406,1.331,0.023,-0.023,0.93,28/11/2023,0.4144,3600,12.0445,7.329,6.533
WASP-39,b,Eclipse,GO,5634,3,1,Executed,BOTS,G395H,SUB2048,NRSRAPID,70,45821.19,45821.5,7.98,Baeyens,12,14 29 18.3955 -03 26 40.20,10.202,213.98,5326.6,0.918,1.013,4.389,4.0552804,0.049,87.76,0.28,1.279,4.85,0.2,1173.1,2.2,2.8,324.05,20.93,X,-0.03,,,WASP-39 b,WASP-39 b,1,WASP-39,89.31023,10.17056,-10.17056,0.167,0.023,-0.023,1166,b,4.0552941,0.04828,14.336311,0.44836,-0.44836,2.8063409,27/11/2019,0.939,5485,213.982,10.663,10.202
GJ 9827,b,Eclipse,GO,4818,3,1,Executed,LRS,X,SLITLESSPRISM,FASTR1,10,45821.81,45822.01,5.65,Weiner Mansfield,12,23 27 4.8377 -01 17 10.58,7.193,29.66,4255,0.617,0.613,4.68,1.2089755,0.019,86.07,0.014,0.141,20.62,7.83,1168.8,0.1,1.3,15.1,3.91,X,-0.28,,,GJ 9827 b,GJ 9827 b,1,GJ 9827,4.28,0.35,-0.33,7.858,1.467,-1.467,1035.01,b,1.208974,0.0189,1.44,0.09,-0.07,1.286,9/1/2025,0.58,4236,29.661,7.984,7.193
GJ 806,b,Eclipse,GO,4931,3,3,Executed,LRS,X,SLITLESSPRISM,FASTR1,5,45822.42,45822.62,4.99,Weiner Mansfield,12,20 45 4.0992 +44 29 56.65,6.533,12.04,3586.5,0.413,0.422,4.892,0.9263237,0.014,87.7,0.006,0.134,9.4,3.75,947.7,0.1,0.9,73.1,5.63,X,-0.28,,,GJ 806 b,GJ 806 b,1,GJ 806,1.9,0.17,-0.17,4.4,0.45,-0.45,940,b,0.9263237,0.01406,1.331,0.023,-0.023,0.93,28/11/2023,0.4144,3600,12.0445,7.329,6.533
TOI-1075,b,Eclipse,GO,4818,3,13,Executed,LRS,X,SLITLESSPRISM,FASTR1,55,45823.2,45823.42,5.3,Weiner Mansfield,12,20 39 53.3385 -65 26 57.99,9.115,61.46,3921,0.602,0.58,4.65,0.6047328,0.012,84.67,0.031,0.16,34.76,11.64,1331.9,0.1,1,35.36,4.26,X,-0.08,,,TOI-1075 b,TOI-1075 b,1,TOI-1075,9.95,1.36,-1.3,9.32,2.05,-1.85,1323,b,0.6047328,0.01159,1.791,0.116,-0.081,1.0403847,7/11/2022,0.581,3875,61.4592,9.935,9.115
TOI-3884,b,Transit,GO,5799,3,2,Executed,SOSS,X,SUBSTRIP256,NISRAPID,10,45823.92,45824.21,7.3,Garcia,12,12 06 17.4371 +12 30 24.88,10.24,43.14,3192,0.29,0.302,4.921,4.5445697,0.036,89.96,0.077,0.535,7.64,0.76,447.4,3.1,1.6,363.45,0.23,X,0.14,,,TOI-3884 b,TOI-3884 b,1,TOI-3884,32.59,7.31,-7.38,0.67,0.18,-0.16,441,b,4.5445828,0.0361,6.43,0.2,-0.2,1.6,30/8/2024,0.302,3180,43.1448,11.127,10.24
HATS-72,b,Transit,GO,5924,3,10,Executed,BOTS,PRISM,SUB512,NRSRAPID,3,45824.25,45824.56,8.02,Sing,0,22 36 6.3190 -16 59 59.79,9.764,127.59,4656.1,0.731,0.721,4.585,7.3279485,0.067,89.56,0.125,0.785,5.77,0.39,739.4,1.4,3,254.14,2.59,X,0.1,,,HATS-72 b,HATS-72 b,1,HATS-72,39.855882,1.239537,-1.239537,0.411,0.015,-0.01,739.3,b,7.3279474,0.066517,8.0973816,0.0358688,-0.0358688,3.08472,21/2/2020,0.7214,4656.1,127.589,10.424,9.764
LP 791-18,d,Eclipse,GO,6457,3,3,Executed,F1500W,X,SUB256,FASTR1,130,45825.48,45825.67,4.62,Benneke,12,11 02 45.9546 -16 24 22.29,10.644,26.49,2960,0.139,0.182,5.115,2.753436,0.02,89.34,0.003,0.092,9.47,5.5,431.4,0,0.9,18.37,0.01,X,-0.09,,,LP 791-18 d,LP 791-18 d,1,LP 791-18,0.9,0.5,-0.4,,,,395.5,d,2.753436,0.01992,1.032,0.044,-0.043,0.9152,14/5/2023,0.182,2960,26.4927,11.559,10.644
TRAPPIST-1,b+e,Transit,GO,6456,3,2,Executed,BOTS,PRISM,SUB512,NRSRAPID,5,45825.7,45825.92,5.35,Allen,12,23 06 30.3652 -05 02 36.70,-1,-1,-1,-1,-1,-1,-1,-1,-1,-1,-1,-1,-1,-1,-1,-1,-1,-1,X,-999,,,TRAPPIST-1 b,TRAPPIST-1 b,1,TRAPPIST-1,1.374,0.069,-0.069,5.441939,0.264654,-0.275681,802.86,b,1.510826,0.01154,1.116,0.014,-0.012,0.601,14/11/2022,0.1192,2566,,11.354,10.296
NGTS-2,b,Transit,GO,5924,3,5,Executed,SOSS,X,SUBSTRIP256,NISRAPID,6,45835.02,45835.46,11.86,Sing,0,14 20 29.4891 -31 12 7.44,9.799,356.39,6478,1.64,1.702,4.197,4.5111232,0.063,88.5,0.74,1.625,7.94,0.26,1623.6,1.1,4.6,148.53,31.79,X,-0.06,,,NGTS-2 b,NGTS-2 b,1,NGTS-2,235.1942,41.3179,-38.1396,0.226,0.04,-0.038,1468,b,4.511164,0.063,17.878355,0.526823,-0.504405,4.651,5/10/2018,1.702,6478,356.391,10.055,9.799
TOI-4336 A,b,Transit,GO,4711,3,1,Executed,SOSS,X,SUBSTRIP96,NISRAPID,9,45836.16,45836.48,8.59,Hu,12,13 44 25.4773 -40 20 15.52,8.632,22.55,3331.5,0.331,0.327,4.912,16.3363503,0.087,89.55,-1,0.186,-1,-1,311.2,0.4,2,-1,0,X,-0.21,,,TOI-4336 A b,TOI-4336 A b,1,TOI-4336 A,,,,,,,308,b,16.336334,0.0872,2.12,0.08,-0.09,2.0897,8/5/2024,0.328,3298,22.5455,9.453,8.632
HD 3167,b,Eclipse,GO,4818,3,17,Executed,LRS,X,SLITLESSPRISM,FASTR1,9,45836.69,45836.93,6,Weiner Mansfield,12,00 34 57.5242 +04 22 53.28,7.066,47.29,5300,0.868,0.865,4.515,0.9596365,0.018,87.59,0.016,0.145,21.26,7.84,1770.7,0,1.6,80.71,5.9,X,0.03,,,HD 3167 b,HD 3167 b,1,HD 3167,4.97,0.24,-0.23,5.6,1.2,-1.3,1774,b,0.959641,0.01796,1.67,0.17,-0.1,1.609,17/4/2023,0.88,5261,47.2899,7.548,7.066
HD 207496,b,Transit,GO,6284,3,2,Executed,GTS,GRISMR+F444W,SUBGRISM64,BRIGHT1,7,45842.92,45843.19,6.93,Coy,12,21 54 51.3013 -77 20 16.79,5.967,23.61,4843,0.8,0.784,4.472,6.441007,0.063,88.79,0.019,0.215,11.8,2.94,824.7,0.1,1.8,202.18,1.64,X,0.1,,,HD 207496 b,HD 207496 b,1,HD 207496,6.1,1.6,-1.6,3.17,0.97,-0.91,743,b,6.441008,0.0629,2.25,0.12,-0.1,1.762,26/5/2023,0.769,4819,23.606,6.57,5.967
HAT-P-18,b,Transit,GO,5844,3,2,Executed,LRS,X,SLITLESSPRISM,FASTR1,164,45843.2,45843.56,9.12,Radica,12,17 05 23.1475 +33 00 44.94,10.234,161.4,4803,0.77,0.749,4.579,5.5080287,0.056,88.79,0.196,0.976,5.85,0.32,847.8,2.2,2.7,267.61,6.09,X,0.1,,,HAT-P-18 b,HAT-P-18 b,1,HAT-P-18,62.61,4.132,-4.132,0.25,0.04,-0.04,852,b,5.508023,0.0559,11.153,0.583,-0.583,2.7144,14/5/2014,0.749,4803,161.4,10.822,10.234
WASP-103,b,PhaseC,GO,5022,3,1,Executed,BOTS,PRISM,SUB512,NRSRAPID,5,45844.14,45845.44,35.46,Barros,12,16 37 15.5766 +07 11 0.11,10.767,375.65,6110,1.22,1.436,4.22,0.9255454,0.02,86.3,1.48,1.528,17.97,0.63,2505.9,1.2,2.6,85.74,79.99,X,0.06,,,WASP-103 b,WASP-103 b,1,WASP-103,473.547,27.968,-27.968,0.55,0.061,-0.07,2508,b,0.925542,0.01985,17.127,0.818,-0.527,2.593,14/5/2014,1.436,6110,375.647,11.1,10.767
GJ 3929,b,Eclipse,DD,9235,3,1,Executed,F1500W,X,SUB128,FASTR1,47,45846.32,45846.56,7.7,Espinoza,0,15 58 18.6104 +35 24 29.37,7.869,15.81,3369,0.311,0.32,4.89,2.6162745,0.025,89.05,0.005,0.098,13.77,7.53,576.1,0.1,1.2,20.82,0.16,X,-0.01,,,GJ 3929 b,GJ 3929 b,1,GJ 3929,1.75,0.44,-0.45,7.3,2,-2,568,b,2.616235,0.0252,1.09,0.04,-0.04,1.19,1/8/2022,0.32,3384,15.8095,8.694,7.869
LHS 3844,b,Eclipse,GO,7953,4,6,Executed,LRS,X,SLITLESSPRISM,FASTR1,30,45848.31,45848.5,4.59,Paragas,12,22 41 59.1203 -69 10 19.95,9.145,14.88,3036,0.151,0.189,5.06,0.4629294,0.006,88.5,-1,0.119,-1,-1,807,0.4,0.5,-1,4.03,X,-999,,,LHS 3844 b,LHS 3844 b,1,LHS 3844,,,,,,,805,b,0.46292913,0.00622,1.303,0.022,-0.022,0.5212,22/1/2019,0.189,3036,14.8846,10.046,9.145001
LHS 1140,b,Transit,GO,7073,4,24,Executed,BOTS,G395M,SUB2048,NRSRAPID,7,45854.97,45855.24,6.82,Lustig-Yaeger,0,00 44 59.3309 -15 16 17.54,8.821,14.99,3131,0.179,0.214,5.049,24.737165,0.094,89.89,0.0176,0.1543,24.48,5.9,227.5,0.5,2.1,69.87,0,X,-0.24,,,LHS 1140 b,LHS 1140 b,1,LHS 1140,5.6,0.19,-0.19,5.9,0.3,-0.3,226,b,24.73723,0.0946,1.73,0.025,-0.025,2.15,4/3/2024,0.2159,3096,14.9861,9.612001,8.821
WASP-76,b,Transit,GO,6045,3,1,Executed,LRS,X,SLITLESSPRISM,FASTR1,25,45859.97,45860.35,10.22,Baeyens,12,01 46 31.8576 +02 42 2.03,8.243,194.46,6264.1,1.46,1.737,4.128,1.8098813,0.033,88.25,0.91,1.85,7.54,0.22,2191.5,1.2,3.8,472.58,183.84,X,0.23,,,WASP-76 b,WASP-76 b,1,WASP-76,284.1385959,4.4495977,-4.13176929,0.17,0.02,-0.02,2228,b,1.80988198,0.033,20.78145022,0.86309151,-0.85188253,3.8,12/7/2024,1.756,6329,194.459,8.541,8.243
LHS 1140,c,Transit,GO,7073,4,31,Executed,SOSS,X,SUBSTRIP256,NISRAPID,5,45864.06,45864.31,6,Lustig-Yaeger,0,00 44 59.3309 -15 16 17.54,8.821,14.99,3131,0.182,0.214,5.049,3.7779329,0.027,89.92,0.006,0.114,12.44,5.84,425,0.3,1.1,28.57,0.02,X,-0.24,,,LHS 1140 c,LHS 1140 c,1,LHS 1140,1.91,0.06,-0.06,5.1,0.4,-0.4,422,c,3.77794,0.027,1.272,0.026,-0.026,1.13,4/3/2024,0.2159,3096,14.9861,9.612001,8.821
KELT-8,b,Eclipse,GO,5687,3,1,Executed,LRS,X,SLITLESSPRISM,FASTR1,85,45866.32,45866.67,9.44,Valentine,12,18 53 13.3242 +24 07 38.58,9.177,197.57,5754,1.114,1.46,4.08,3.24406,0.046,82.65,0.858,1.86,7.03,0.2,1569.9,1.3,3.6,336.23,81.09,X,0.27,,,KELT-8 b,KELT-8 b,1,KELT-8,209.7678,38.1396,-38.1396,0.165,0.054,-0.039,1428.21,b,3.24406,0.0455,18.15858,1.1209,-1.1209,3.6774272,25/4/2018,1.46,5754,197.572,9.586,9.177
TOI-4336 A,b,Transit,GO,4711,3,2,Executed,BOTS,G395H,SUB2048,NRSRAPID,14,45868.82,45869.15,8.41,Hu,12,13 44 25.4773 -40 20 15.52,8.632,22.55,3331.5,0.331,0.327,4.912,16.3363503,0.087,89.55,-1,0.186,-1,-1,311.2,0.4,2,-1,0,X,-0.21,,,TOI-4336 A b,TOI-4336 A b,1,TOI-4336 A,,,,,,,308,b,16.336334,0.0872,2.12,0.08,-0.09,2.0897,8/5/2024,0.328,3298,22.5455,9.453,8.632
GJ 3929,b,Eclipse,DD,9235,3,2,Executed,F1500W,X,SUB128,FASTR1,47,45869.76,45870.08,8.58,Espinoza,0,15 58 18.6104 +35 24 29.37,7.869,15.81,3369,0.311,0.32,4.89,2.6162745,0.025,89.05,0.005,0.098,13.77,7.53,576.1,0.1,1.2,20.82,0.16,X,-0.01,,,GJ 3929 b,GJ 3929 b,1,GJ 3929,1.75,0.44,-0.45,7.3,2,-2,568,b,2.616235,0.0252,1.09,0.04,-0.04,1.19,1/8/2022,0.32,3384,15.8095,8.694,7.869
WASP-39,b,Transit,GO,8017,4,1,Executed,BOTS,G140H,SUB2048,NRSRAPID,21,45871.86,45872.21,9.23,Welbanks,0,14 29 18.4152 -03 26 40.20,10.202,213.98,5326.6,0.918,1.013,4.389,4.0552804,0.049,87.76,0.28,1.279,4.85,0.2,1173.1,2.2,2.8,324.05,20.93,X,-0.03,,,WASP-39 b,WASP-39 b,1,WASP-39,89.31023,10.17056,-10.17056,0.167,0.023,-0.023,1166,b,4.0552941,0.04828,14.336311,0.44836,-0.44836,2.8063409,27/11/2019,0.939,5485,213.982,10.663,10.202
KELT-8,b,Eclipse,GO,5687,3,2,Executed,LRS,X,SLITLESSPRISM,FASTR1,85,45872.57,45873.16,15.54,Valentine,12,18 53 13.3242 +24 07 38.58,9.177,197.57,5754,1.114,1.46,4.08,3.24406,0.046,82.65,0.858,1.86,7.03,0.2,1569.9,1.3,3.6,336.23,81.09,X,0.27,,,KELT-8 b,KELT-8 b,1,KELT-8,209.7678,38.1396,-38.1396,0.165,0.054,-0.039,1428.21,b,3.24406,0.0455,18.15858,1.1209,-1.1209,3.6774272,25/4/2018,1.46,5754,197.572,9.586,9.177
TOI-4010,c,Transit,GO,5894,3,2,Executed,BOTS,PRISM,SUB512,NRSRAPID,5,45876.46,45876.79,8.32,Kunimoto,12,01 20 51.5598 +66 04 19.91,10.157,177.5,4924,0.88,0.855,4.495,5.4146387,0.058,88.8,0.064,0.56,5.79,0.55,911.7,0.5,2.9,132.5,2.2,X,0.37,,,TOI-4010 c,TOI-4010 c,1,TOI-4010,20.31,2.13,-2.11,0.5,0.1,-0.1,907,c,5.414654,0.058,5.93,0.11,-0.12,2.77,27/6/2023,0.83,4960,177.504,10.649,10.157
HAT-P-11,b,Transit,GO,5924,3,1,Executed,SOSS,X,SUBSTRIP96,NISRAPID,3,45877.79,45878.1,7.78,Sing,0,19 50 50.2473 +48 04 51.10,7.009,37.76,4777.6,0.81,0.755,4.59,4.8878027,0.053,89.36,0.081,0.43,12.42,1.55,869.5,0.4,2.4,247.39,5.89,X,0.31,clear,no,HAT-P-11 b,HAT-P-11 b,1,HAT-P-11,23.51930212,1.27131363,-1.27131363,1.172,0.085,-0.085,847,b,4.888,0.05258,4.901,0.065,-0.065,2.3565,24/2/2025,0.74,4653,37.7647,7.608,7.009
LHS 1140,b,Transit,GO,7073,4,21,Executed,SOSS,X,SUBSTRIP256,NISRAPID,5,45879.7,45879.98,7.04,Lustig-Yaeger,0,00 44 59.3309 -15 16 17.54,8.821,14.99,3131,0.179,0.214,5.049,24.737165,0.094,89.89,0.0176,0.1543,24.48,5.9,227.5,0.5,2.1,69.87,0,X,-0.24,,,LHS 1140 b,LHS 1140 b,1,LHS 1140,5.6,0.19,-0.19,5.9,0.3,-0.3,226,b,24.73723,0.0946,1.73,0.025,-0.025,2.15,4/3/2024,0.2159,3096,14.9861,9.612001,8.821
LP 890-9,b,Transit,GO,7073,4,47,Executed,BOTS,PRISM,SUB512,NRSRAPID,5,45881.47,45881.7,5.45,Lustig-Yaeger,0,04 16 31.1618 -28 18 52.95,11.344,32.43,2868.5,0.118,0.156,5.143,2.7299037,0.019,89.67,0.042,0.119,82.9,37.22,398.4,0.7,0.8,2.49,0.01,X,-0.03,,,LP 890-9 b,LP 890-9 b,1,LP 890-9,13.2,,,,,,396,b,2.7299025,0.01875,1.32,0.053,-0.027,0.8457,14/9/2022,0.1556,2850,32.4298,12.258,11.344
TOI-849,b,Eclipse,GO,5967,3,3,Executed,BOTS,G395M,SUB2048,NRSRAPID,33,45882.79,45883.04,7.11,Roy,12,01 54 51.7938 -29 25 18.14,10.418,225.73,5311,0.95,0.92,4.475,0.765548,0.016,86.8,0.127,0.316,36.13,6.12,1957.9,0.1,1.5,21.93,6.84,X,0.19,,,TOI-849 b,TOI-849 b,1,TOI-849,41.8,2.5,-2.4,5.6,0.76,-0.92,1932,b,0.765548,0.0155,3.64,0.38,-0.38,1.452,22/7/2024,0.97,5257,225.734,10.832,10.418
TOI-2109,b,PhaseC,GO,8877,4,1,Executed,BOTS,G395H,SUB2048,NRSRAPID,26,45883.92,45884.88,25.82,Wallack,12,16 52 44.7203 +16 34 47.84,9.07,262.04,6593.5,1.453,1.699,4.13,0.6724821,0.018,70.74,5.02,1.375,75.25,2.93,3096.7,0.7,1.8,35.53,137.97,X,0.07,,,TOI-2109 b,TOI-2109 b,1,TOI-2109,1595.498603,238.3713053,-238.3713053,,,,3646,b,0.67247414,0.01791,15.098497,0.52682209,-0.52682209,1.801,13/12/2021,1.698,6540,262.041,9.382,9.07
LHS 3844,b,Eclipse,GO,7953,4,3,Executed,LRS,X,SLITLESSPRISM,FASTR1,30,45885.34,45885.53,4.59,Paragas,12,22 41 59.1203 -69 10 19.95,9.145,14.88,3036,0.151,0.189,5.06,0.4629294,0.006,88.5,-1,0.119,-1,-1,807,0.4,0.5,-1,4.03,X,-999,,,LHS 3844 b,LHS 3844 b,1,LHS 3844,,,,,,,805,b,0.46292913,0.00622,1.303,0.022,-0.022,0.5212,22/1/2019,0.189,3036,14.8846,10.046,9.145001
LP 890-9,b,Transit,GO,7073,4,44,Executed,BOTS,PRISM,SUB512,NRSRAPID,5,45886.93,45887.16,5.45,Lustig-Yaeger,0,04 16 31.1618 -28 18 52.95,11.344,32.43,2868.5,0.118,0.156,5.143,2.7299037,0.019,89.67,0.042,0.119,82.9,37.22,398.4,0.7,0.8,2.49,0.01,X,-0.03,,,LP 890-9 b,LP 890-9 b,1,LP 890-9,13.2,,,,,,396,b,2.7299025,0.01875,1.32,0.053,-0.027,0.8457,14/9/2022,0.1556,2850,32.4298,12.258,11.344
LP 890-9,c,Transit,GO,7073,4,51,Executed,BOTS,PRISM,SUB512,NRSRAPID,5,45889.07,45889.3,5.58,Lustig-Yaeger,0,04 16 31.1618 -28 18 52.95,11.344,32.43,2850,0.118,0.156,5.126,8.457463,0.04,89.29,0.08,0.122,151.7,66.55,271.6,0.7,1,0.95,0,X,-0.03,,,LP 890-9 c,LP 890-9 c,1,LP 890-9,25.3,,,,,,272,c,8.457463,0.03984,1.367,0.055,-0.039,0.9593,14/9/2022,0.1556,2850,32.4298,12.258,11.344
WASP-76,b,Transit,GO,5924,3,14,Scheduled,SOSS,X,SUBSTRIP96,NISRAPID,4,45890.72,45891.05,9.88,Sing,0,01 46 31.8576 +02 42 2.03,8.243,194.46,6264.1,1.46,1.737,4.128,1.8098813,0.033,88.25,0.91,1.85,7.54,0.22,2191.5,1.2,3.8,472.58,183.84,X,0.23,,,WASP-76 b,WASP-76 b,1,WASP-76,284.1385959,4.4495977,-4.13176929,0.17,0.02,-0.02,2228,b,1.80988198,0.033,20.78145022,0.86309151,-0.85188253,3.8,12/7/2024,1.756,6329,194.459,8.541,8.243
LP 890-9,b,Transit,GO,7073,4,45,Scheduled,BOTS,PRISM,SUB512,NRSRAPID,5,45892.39,45892.56,5.45,Lustig-Yaeger,0,04 16 31.1618 -28 18 52.95,11.344,32.43,2868.5,0.118,0.156,5.143,2.7299037,0.019,89.67,0.042,0.119,82.9,37.22,398.4,0.7,0.8,2.49,0.01,X,-0.03,,,LP 890-9 b,LP 890-9 b,1,LP 890-9,13.2,,,,,,396,b,2.7299025,0.01875,1.32,0.053,-0.027,0.8457,14/9/2022,0.1556,2850,32.4298,12.258,11.344
HD 207496,b,Transit,GO,6284,3,3,Scheduled,GTS,GRISMR+F322W2,SUBGRISM64,BRIGHT1,4,45894.44,45894.67,6.94,Coy,12,21 54 51.3013 -77 20 16.79,5.967,23.61,4843,0.8,0.784,4.472,6.441007,0.063,88.79,0.019,0.215,11.8,2.94,824.7,0.1,1.8,202.18,1.64,X,0.1,,,HD 207496 b,HD 207496 b,1,HD 207496,6.1,1.6,-1.6,3.17,0.97,-0.91,743,b,6.441008,0.0629,2.25,0.12,-0.1,1.762,26/5/2023,0.769,4819,23.606,6.57,5.967
HD 20329,b,Eclipse,GO,4818,3,3,Scheduled,LRS,X,SLITLESSPRISM,FASTR1,10,45894.88,45895.06,5.59,Weiner Mansfield,12,03 16 42.6298 +15 39 26.01,7.116,63.68,5618,0.9,1.12,4.375,0.9260906,0.018,76.01,0.023,0.152,28.81,10.17,2136.9,0,1.1,43.76,5.51,X,-0.07,,,HD 20329 b,HD 20329 b,1,HD 20329,7.42,1.09,-1.09,8.06,1.53,-1.53,2141,b,0.926118,0.018,1.72,0.07,-0.07,1.26,29/11/2022,1.13,5596,63.6796,7.492,7.116
LP 890-9,b,Transit,GO,7073,4,42,Scheduled,BOTS,PRISM,SUB512,NRSRAPID,5,45900.58,45900.75,5.45,Lustig-Yaeger,0,04 16 31.1618 -28 18 52.95,11.344,32.43,2868.5,0.118,0.156,5.143,2.7299037,0.019,89.67,0.042,0.119,82.9,37.22,398.4,0.7,0.8,2.49,0.01,X,-0.03,,,LP 890-9 b,LP 890-9 b,1,LP 890-9,13.2,,,,,,396,b,2.7299025,0.01875,1.32,0.053,-0.027,0.8457,14/9/2022,0.1556,2850,32.4298,12.258,11.344
K2-34,b,Transit,COM,1541,0,3,Withdrawn,SOSS,X,SUBSTRIP256,NISRAPID,16,X,X,7.23,Espinoza,12,08 30 18.8936 +22 14 9.31,10.193,348.65,6133.7,1.162,1.411,4.19,2.9956351,0.044,82.6,1.729,1.23,32.39,1.41,1671.2,0.8,2.4,34.44,25.95,X,0.03,,,K2-34 b,K2-34 b,1,K2-34,352.7913,149.3801,-149.3801,0.8,0.26,-0.18,1687,b,2.9956348,0.0442,13.75,0.58,-0.59,2.287,20/9/2021,1.42,6168,348.646,10.528,10.193
WASP-164,b,Transit,COM,1541,0,4,Withdrawn,SOSS,X,SUBSTRIP256,NISRAPID,30,X,X,7.38,Espinoza,12,22 59 29.6611 -60 26 52.15,10.959,327.51,5806,0.946,0.932,4.456,1.7771363,0.028,82.73,2.13,1.14,46.47,2.18,1610.1,1.5,1.6,34.53,34.95,X,-0.01,,,WASP-164 b,WASP-164 b,1,WASP-164,676.9779,38.1396,-41.3179,1.96,0.2,-0.17,1610,b,1.7771255,0.02818,12.643752,0.459569,-0.481987,1.60368,2/11/2018,0.932,5806,327.506,11.365,10.959
WASP-18,b,Transit,COM,1442,0,2,Withdrawn,GTS,GRISMR+F322W2,SUBGRISM128,BRIGHT2,11,X,X,6.8,Schlawin,12,01 37 25.0709 -45 40 40.06,8.131,123.48,6400,1.274,1.26,4.366,0.9414524,0.02,85,10.39,1.191,207.61,9.33,2432.6,0.9,2.2,24.55,186.65,X,0.05,,,WASP-18 b,WASP-18 b,1,WASP-18,3241.849751,111.2399425,-111.2399425,6.6,1.2,-1.1,2429,b,0.94145223,0.02024,13.89913607,0.88550948,-0.88550948,2.21,31/1/2022,1.319,6432,123.483,8.409,8.131
WASP-18,b,Transit,COM,1541,0,2,Withdrawn,SOSS,X,SUBSTRIP256,NISRAPID,3,X,X,7.05,Espinoza,12,01 37 25.0708 -45 40 40.06,8.131,123.48,6400,1.274,1.26,4.366,0.9414524,0.02,85,10.39,1.191,207.61,9.33,2432.6,0.9,2.2,24.55,186.65,X,0.05,,,WASP-18 b,WASP-18 b,1,WASP-18,3241.849751,111.2399425,-111.2399425,6.6,1.2,-1.1,2429,b,0.94145223,0.02024,13.89913607,0.88550948,-0.88550948,2.21,31/1/2022,1.319,6432,123.483,8.409,8.131
TRAPPIST-1,e,Transit,GTO,1331,1,4,Skipped,BOTS,PRISM,SUB512,NRSRAPID,5,X,X,5.65,Lewis,12,23 06 30.3652 -05 02 36.70,10.296,-1,2559,0.089,0.119,5.24,6.0995899,0.029,89.79,0.002,0.082,9.2,6.01,249.1,0.5,0.9,26.57,0,X,0.05,,,TRAPPIST-1 e,TRAPPIST-1 e,1,TRAPPIST-1,0.692,0.022,-0.022,4.901605,0.165408,-0.181949,249.7,e,6.101013,0.02925,0.92,0.013,-0.012,0.9293,14/11/2022,0.1192,2566,,11.354,10.296
K2-18,b,Transit,GO,2372,1,6,Flight Ready,BOTS,G395H,SUB2048,NRSRAPID,16,X,X,11.34,Hu,12,11 30 14.4338 +07 35 16.19,8.899,38.03,3457,0.413,0.411,4.786,32.9398375,0.146,89.58,0.027,0.203,18.6,4.89,279.6,0.3,2.7,38.9,0,"Dec 9, 2025 - Dec 9, 2025 (2025.343 - 2025.343)",0.12,,,K2-18 b,K2-18 b,1,K2-18,8.92,1.7,-1.6,4.11,1.72,-1.18,284,b,32.939623,0.1429,2.37,0.22,-0.22,2.3059589,18/3/2019,0.411,3457,38.0266,9.763,8.899
HD 209458,b,Transit,GO,2667,1,1,Skipped,LRS,X,SLITLESSPRISM,FASTR1,7,X,X,9.37,Wakeford,12,22 03 10.8053 +18 53 3.27,6.308,48.3,6065,1.119,1.18,4.361,3.5247486,0.047,86.71,0.685,1.38,10.2,0.4,1464.3,1.6,3,920.51,191.81,X,0,,,HD 209458 b,HD 209458 b,1,HD 209458,232.0159,12.7132,-12.7132,0.333,0.014,-0.013,1371,b,3.52474859,0.04634,15.58051,0.22418,-0.22418,2.958,3/12/2018,1.19,6091,48.3016,6.591,6.308
TRAPPIST-1,g,Transit,GO,2589,1,5,Skipped,BOTS,PRISM,SUB512,NRSRAPID,6,X,X,6.71,Lim,0,23 06 30.3341 -05 02 36.46,10.296,-1,2559,0.089,0.119,5.24,12.35294,0.047,89.71,0.004,0.101,11.61,6.17,196.9,0.8,1.1,20.46,0,X,0.05,,,TRAPPIST-1 g,TRAPPIST-1 g,1,TRAPPIST-1,1.321,0.038,-0.038,5.055986,0.13784,-0.159895,197.3,g,12.352446,0.04683,1.129,0.015,-0.013,1.137,14/11/2022,0.1192,2566,,11.354,10.296
LHS 475,b,Transit,GO,1981,1,42,Skipped,BOTS,G395H,SUB2048,NRSRAPID,9,X,X,4.4,Stevenson,0,19 20 57.1076 -82 33 35.24,7.686,12.48,3289,0.268,0.286,4.967,2.029101,0.02,87.29,-1,0.088,-1,-1,594.3,0.1,0.7,-1,0.24,X,-999,,,LHS 475 b,LHS 475 b,1,LHS 475,,,,,,,586,b,2.029088,0.02037,0.991,0.05,-0.05,0.725,19/9/2023,0.2789,3300,12.4814,8.555,7.686
TOI-2109,b,PhaseC,SURVEY,2765,1,5,Withdrawn,BOTS,G395H,SUB2048,NRSRAPID,23,X,X,30.51,Valenti,0,16 52 44.7110 +16 34 47.69,9.07,262.04,6593.5,1.453,1.699,4.13,0.6724821,0.018,70.74,5.02,1.375,75.25,2.93,3096.7,0.7,1.8,35.53,137.97,X,0.07,,,TOI-2109 b,TOI-2109 b,1,TOI-2109,1595.498603,238.3713053,-238.3713053,,,,3646,b,0.67247414,0.01791,15.098497,0.52682209,-0.52682209,1.801,13/12/2021,1.698,6540,262.041,9.382,9.07
TOI-2109,b,PhaseC,SURVEY,2765,1,6,Withdrawn,BOTS,G395H,SUB2048,NRSRAPID,23,X,X,40.45,Valenti,0,16 52 44.7110 +16 34 47.69,9.07,262.04,6593.5,1.453,1.699,4.13,0.6724821,0.018,70.74,5.02,1.375,75.25,2.93,3096.7,0.7,1.8,35.53,137.97,X,0.07,,,TOI-2109 b,TOI-2109 b,1,TOI-2109,1595.498603,238.3713053,-238.3713053,,,,3646,b,0.67247414,0.01791,15.098497,0.52682209,-0.52682209,1.801,13/12/2021,1.698,6540,262.041,9.382,9.07
TOI-2109,b,PhaseC,SURVEY,2765,1,4,Withdrawn,BOTS,G395H,SUB2048,NRSRAPID,23,X,X,20.76,Valenti,0,16 52 44.7110 +16 34 47.69,9.07,262.04,6593.5,1.453,1.699,4.13,0.6724821,0.018,70.74,5.02,1.375,75.25,2.93,3096.7,0.7,1.8,35.53,137.97,X,0.07,,,TOI-2109 b,TOI-2109 b,1,TOI-2109,1595.498603,238.3713053,-238.3713053,,,,3646,b,0.67247414,0.01791,15.098497,0.52682209,-0.52682209,1.801,13/12/2021,1.698,6540,262.041,9.382,9.07
TOI-178,g,Transit,GO,2319,1,2,Skipped,BOTS,G395M,SUB2048,NRSRAPID,7,X,X,8.21,Hooton,12,00 29 12.4828 -30 27 14.82,8.656,62.7,4213.5,0.65,0.676,4.503,20.709002,0.128,88.82,0.012,0.295,4.03,0.73,467.9,0.2,2.2,183.19,0.03,X,-0.23,unsure,no,TOI-178 g,TOI-178 g,1,TOI-178,3.94,1.31,-1.62,0.915,0.36,-0.37,470,g,20.7095,0.1275,2.87,0.14,-0.13,2.167,12/3/2021,0.651,4316,62.699,9.372,8.656
TRAPPIST-1,b,Eclipse,GTO,1279,1,1,Skipped,F1280W,X,FULL,FASTR1,17,X,X,5.25,Lagage,12,23 06 29.3600 -05 02 29.20,10.296,-1,2562.5,0.09,0.117,5.258,1.51087,0.012,89.53,0.003,0.1,9.15,4.92,393.5,0.8,0.6,53.26,0.02,X,0.04,,,TRAPPIST-1 b,TRAPPIST-1 b,1,TRAPPIST-1,1.374,0.069,-0.069,5.441939,0.264654,-0.275681,802.86,b,1.510826,0.01154,1.116,0.014,-0.012,0.601,14/11/2022,0.1192,2566,,11.354,10.296
TOI-849,b,PhaseC,SURVEY,2765,1,1,Withdrawn,BOTS,PRISM,SUB512,NRSRAPID,3,X,X,23.41,Valenti,0,01 54 51.7910 -29 25 18.15,10.418,225.73,5311,0.95,0.92,4.475,0.765548,0.016,86.8,0.127,0.316,36.13,6.12,1957.9,0.1,1.5,21.93,6.84,X,0.19,,,TOI-849 b,TOI-849 b,1,TOI-849,41.8,2.5,-2.4,5.6,0.76,-0.92,1932,b,0.765548,0.0155,3.64,0.38,-0.38,1.452,22/7/2024,0.97,5257,225.734,10.832,10.418
TOI-849,b,PhaseC,SURVEY,2765,1,3,Withdrawn,BOTS,PRISM,SUB512,NRSRAPID,3,X,X,45.87,Valenti,0,01 54 51.7910 -29 25 18.15,10.418,225.73,5311,0.95,0.92,4.475,0.765548,0.016,86.8,0.127,0.316,36.13,6.12,1957.9,0.1,1.5,21.93,6.84,X,0.19,,,TOI-849 b,TOI-849 b,1,TOI-849,41.8,2.5,-2.4,5.6,0.76,-0.92,1932,b,0.765548,0.0155,3.64,0.38,-0.38,1.452,22/7/2024,0.97,5257,225.734,10.832,10.418
TOI-849,b,PhaseC,SURVEY,2765,1,2,Withdrawn,BOTS,PRISM,SUB512,NRSRAPID,3,X,X,34.64,Valenti,0,01 54 51.7910 -29 25 18.15,10.418,225.73,5311,0.95,0.92,4.475,0.765548,0.016,86.8,0.127,0.316,36.13,6.12,1957.9,0.1,1.5,21.93,6.84,X,0.19,,,TOI-849 b,TOI-849 b,1,TOI-849,41.8,2.5,-2.4,5.6,0.76,-0.92,1932,b,0.765548,0.0155,3.64,0.38,-0.38,1.452,22/7/2024,0.97,5257,225.734,10.832,10.418
WASP-52,b,Transit,GTO,1201,1,5,Skipped,SOSS,X,SUBSTRIP256,NISRAPID,15,X,X,6.43,Lafreniere,12,23 13 58.7504 +08 45 39.89,10.086,174.82,5000,0.87,0.79,4.503,1.7497812,0.027,85.35,0.46,1.27,8.08,0.34,1300.2,2.9,1.9,371.56,57.4,X,0.03,,,WASP-52 b,WASP-52 b,1,WASP-52,146.2,6.36,-6.36,0.29,0.03,-0.03,1315,b,1.7497798,0.0272,14.24,0.34,-0.34,1.8096,14/5/2014,0.79,5000,174.818,10.588,10.086
55 Cnc,e,Eclipse,GO,2084,1,4,Skipped,GTS,GRISMR+F444W,SUBGRISM64,RAPID,2,X,X,6.25,Brandeker,12,08 52 35.2410 +28 19 47.34,4.015,12.59,5250,0.905,0.964,4.425,0.7365462,0.016,84.65,0.025,0.172,24.24,7.52,1983.8,0,1.6,309.73,37.28,X,0.35,,,55 Cnc e,55 Cnc e,1,55 Cnc,7.99,0.32,-0.33,6.66,0.43,-0.4,1831.27,e,0.7365474,0.01544,1.875,0.029,-0.029,1.5439,5/2/2021,0.943,5172,12.5855,4.768,4.015
WD 1856+534,b,Transit,GO,2358,1,3,Skipped,BOTS,PRISM,SUB2048,NRSRAPID,33,X,X,3.33,MacDonald,12,18 57 39.3437 +53 30 33.30,15.548,24.74,5245,0.518,0.013,6.176,1.4079387,0.02,88.78,13.8,0.928,454.37,26.2,202.7,52.6,0.2,221.31,0,X,-999,,,WD 1856+534 b,WD 1856+534 b,1,WD 1856+534,4386.054,,,,,,163,b,1.4079405,0.0204,10.4,1,-1,0.1333,10/12/2020,0.0131,4710,24.7359,15.677,15.548
WASP-80,b,Transit,GTO,1185,1,3,Skipped,GTS,GRISMR+F444W,SUBGRISM256,BRIGHT2,12,X,X,7.95,Greene,12,20 12 40.0319 -02 08 39.97,8.351,49.79,4145,0.57,0.571,4.668,3.0678527,0.034,89.02,0.55,0.969,16.6,0.92,814.3,2.9,2.1,367.92,25.26,X,-0.14,,,WASP-80 b,WASP-80 b,1,WASP-80,170.99254,11.12405,-11.44188,0.717,0.039,-0.032,825,b,3.06785234,0.0344,11.197791,0.33627,-0.347479,2.131,16/4/2015,0.586,4143,49.7876,9.218,8.351
HAT-P-26,b,Eclipse,GTO,1312,1,4,Skipped,BOTS,G395H,SUB2048,NRSRAPID,48,X,X,9.1,Lewis,12,14 12 37.5735 +04 03 33.83,9.581,141.84,5079,0.816,0.788,4.56,4.2345024,0.048,88.6,0.06,0.63,4.25,0.36,993.4,0.5,2.5,339.76,6.06,X,-0.04,,,HAT-P-26 b,HAT-P-26 b,1,HAT-P-26,22.2481,6.3566,-6.3566,0.4,0.1,-0.1,940.71,b,4.23452,0.0479,7.06167,0.44836,-0.44836,2.5166257,25/4/2018,0.87,5079,141.837,10.08,9.581
WASP-166,b,Transit,GO,2062,1,1,Skipped,SOSS,X,SUBSTRIP96,NISRAPID,2,X,X,11.52,Mayo,12,09 39 30.0251 -20 58 56.71,8.032,114.17,6050,1.19,1.22,4.34,5.44354,0.064,88,0.101,0.641,6.97,0.58,1272.7,0.3,3.6,229.7,11,X,0.19,,,WASP-166 b,WASP-166 b,1,WASP-166,32.10083,1.58915,-1.58915,0.54,0.09,-0.09,1270,b,5.44354,0.0641,7.06167,0.33627,-0.33627,3.6,19/7/2019,1.22,6050,114.173,8.35,8.032
TOI-1899,b,Transit,GO,4227,2,1,Skipped,BOTS,PRISM,SUB512,NRSRAPID,5,X,X,12.6,Claringbold,12,19 57 42.3954 +40 08 35.75,10.509,128.44,3854,0.63,0.607,4.669,29.0902271,0.156,89.7,0.665,1.087,15.96,0.79,367.1,3.8,4.7,63.4,0.02,X,0.3,,,TOI-1899 b,TOI-1899 b,1,TOI-1899,212.9450327,12.71313628,-12.71313628,0.85,0.1,-0.1,378,b,29.090312,0.1525,11.09689089,0.33626942,-0.33626942,4.7,15/4/2024,0.607,3926,128.438,11.342,10.509
TOI-1685,b,Transit,GO,4195,2,4,Skipped,BOTS,G395H,SUB2048,NRSRAPID,16,X,X,6.17,Fisher,12,04 34 22.5504 +43 02 13.30,8.758,37.62,3457,0.478,0.462,4.814,0.6691406,0.011,85.59,0.00953,0.131,12.64,5.3,1058.5,0.1,1,136.19,3.75,X,0,,,TOI-1685 b,TOI-1685 b,1,TOI-1685,3.03,0.33,-0.32,5.3,0.8,-0.8,1062,b,0.66913924,0.01138,1.468,0.05,-0.051,0.918,7/8/2024,0.4555,3575,37.6153,9.616,8.758
TOI-125,c,Transit,GO,4126,2,2,Skipped,BOTS,G395H,SUB2048,NRSRAPID,22,X,X,9.95,Fisher,12,01 34 22.4221 -66 40 34.86,8.995,111.06,5282,0.871,0.851,4.517,9.1526075,0.082,88.54,0.021,0.246,9.76,2.12,822.5,0.1,2.9,58.89,0.39,X,0.07,unsure,no,TOI-125 c,TOI-125 c,1,TOI-125,6.63,0.99,-0.99,1.73,0.33,-0.33,827.8,c,9.15059,0.0814,2.759,0.1,-0.1,2.9544,6/2/2020,0.848,5320,111.059,9.466,8.995
TOI-125,b,Transit,GO,4126,2,1,Skipped,BOTS,G395H,SUB2048,NRSRAPID,22,X,X,9.97,Fisher,12,01 34 22.4221 -66 40 34.86,8.995,111.06,5282,0.871,0.851,4.517,4.6528365,0.052,88.92,0.03,0.243,14.32,3.15,1030.6,0.1,3,49.67,1.12,X,0.07,,,TOI-125 b,TOI-125 b,1,TOI-125,9.5,0.88,-0.88,2.57,0.33,-0.33,1037,b,4.65382,0.05186,2.726,0.075,-0.075,2.9616,6/2/2020,0.848,5320,111.059,9.466,8.995
TOI-5293 A,b,Transit,GO,3171,2,12,Skipped,BOTS,PRISM,SUB512,NRSRAPID,5,X,X,7.44,Kanodia,0,23 43 18.8831 -02 02 42.34,11.639,162.23,3639,0.54,0.51,4.77,2.930363,0.034,88.8,0.54,1.061,13.61,0.69,679.6,5.1,1.8,113.06,3.61,X,-0.03,,,TOI-5293 A b,TOI-5293 A b,1,TOI-5293 A,170.4,21.8,-21.9,0.56,0.09,-0.09,675,b,2.930289,0.034,11.9,0.4,-0.4,1.94,21/7/2023,0.52,3586,162.229,12.465,11.639
TOI-5205,b,Transit,GO,3731,2,2,Withdrawn,BOTS,PRISM,SUB512,NRSRAPID,3,X,X,6.96,Jordan,12,20 55 4.9600 +24 21 39.54,11.006,86.45,3346,0.392,0.397,4.835,1.6307046,0.02,88.21,1.08,1.011,29.97,1.59,720.7,6.8,1.3,114.6,12.19,X,0,,,TOI-5205 b,TOI-5205 b,1,TOI-5205,343,18,-17,1.21,0.11,-0.11,737,b,1.630757,0.0199,11.6,0.3,-0.3,1.4,15/3/2023,0.394,3430,86.4493,11.926,11.006
GJ 9827,d,Transit,GO,4098,2,9,Skipped,BOTS,G395H,SUB2048,NRSRAPID,4,X,X,5.09,Benneke,0,23 27 5.2388 -01 17 7.13,7.193,29.66,4255,0.62,0.602,4.68,6.2014698,0.056,87.44,0.01,0.18,8.98,2.66,671.8,0.1,1.2,175.62,0.41,X,-0.29,,,GJ 9827 d,GJ 9827 d,1,GJ 9827,3.02,0.58,-0.57,2.51,0.57,-0.51,675,d,6.20183,0.053,1.98,0.11,-0.1,1.248,15/10/2024,0.58,4236,29.661,7.984,7.193
HATS-75,b,Transit,GO,3171,2,8,Skipped,BOTS,PRISM,SUB512,NRSRAPID,5,X,X,7.38,Kanodia,0,04 03 47.8393 -25 24 32.09,11.584,194.96,3722.2,0.602,0.586,4.561,2.7886548,0.033,88.07,0.491,0.873,18.26,1.12,759.3,2.6,1.9,60.24,3.59,X,0.52,,,HATS-75 b,HATS-75 b,1,HATS-75,156.0537478,12.39530787,-12.39530787,0.878,0.084,-0.084,772.3,b,2.7886556,0.032742,9.90873894,0.14571675,-0.14571675,1.91256,13/12/2021,0.5848,3790.4,194.964,12.481,11.584
GJ 357,b,Eclipse,GO,3730,2,5,Skipped,F1500W,X,SUB64,FASTR1,22,X,X,5.98,Diamond-Lowe,12,09 36 1.7964 -21 39 54.72,6.475,9.44,3505,0.342,0.337,4.94,3.9306128,0.036,89.12,0.006,0.109,13.92,6.86,520.7,0.1,1.3,35.38,0.14,X,-0.12,,,GJ 357 b,GJ 357 b,1,GJ 357,1.84,0.31,-0.31,5.6,1.7,-1.3,518,b,3.9306,0.036,1.2,0.06,-0.06,1.291,22/8/2023,0.337,3505,9.44181,7.337,6.475
L 231-32,d,Transit,GO,3557,2,10,Withdrawn,SOSS,X,SUBSTRIP256,NISRAPID,2,X,X,6.33,Madhusudhan,12,04 33 39.8638 -51 57 26.75,-1,-1,-1,-1,-1,-1,-1,-1,-1,-1,-1,-1,-1,-1,-1,-1,-1,-1,X,-999,,,L 231-32 d,,,,,,,,,,,,,,,,,,,,,,,
L 231-32,d,Transit,GO,3818,2,2,Withdrawn,BOTS,G395H,SUB2048,NRSRAPID,11,X,X,7.23,Gapp,12,04 33 39.8593 -51 57 26.62,-1,-1,-1,-1,-1,-1,-1,-1,-1,-1,-1,-1,-1,-1,-1,-1,-1,-1,X,-999,,,L 231-32 d,,,,,,,,,,,,,,,,,,,,,,,
GJ 3090,b,Transit,GO,4098,2,11,Skipped,SOSS,X,SUBSTRIP256,NISRAPID,2,X,X,5.19,Benneke,0,01 21 45.2173 -46 42 53.04,7.294,22.48,3629.5,0.519,0.518,4.745,2.8531035,0.032,87.14,0.011,0.185,8.69,2.51,708,0.1,1.2,252.99,1.03,X,-0.06,,,GJ 3090 b,GJ 3090 b,1,GJ 3090,3.34,0.72,-0.72,1.89,0.52,-0.45,693,b,2.8531054,0.03165,2.13,0.11,-0.11,1.281,28/11/2023,0.516,3556,22.4751,8.168,7.294
GJ 3473,b,Eclipse,GO,3730,2,3,Skipped,F1500W,X,SUB256,FASTR1,39,X,X,4.78,Diamond-Lowe,12,08 02 22.4521 +03 20 13.60,8.829,27.36,3339.5,0.36,0.359,4.863,1.1980015,0.016,87.95,0.006,0.11,13.61,6.6,765.7,0.1,1,16.1,0.69,X,0.11,,,GJ 3473 b,GJ 3473 b,1,GJ 3473,1.86,0.3,-0.3,5.03,1.07,-0.93,773,b,1.1980035,0.01589,1.264,0.05,-0.049,0.95,16/10/2020,0.364,3347,27.3644,9.627,8.829001
Kepler-167,e,Transit,GO,5531,3,1,Withdrawn,SOSS,X,SUBSTRIP256,NISRAPID,30,X,X,39.26,Changeat,12,19 30 38.0262 +38 20 43.44,11.832,341.91,4876,0.776,0.746,4.576,1071.23205,1.881,89.96,1.01,0.905,34.96,2.07,148.1,1.9,16.2,3.5,0,X,0.05,,,Kepler-167 e,Kepler-167 e,1,Kepler-167,321.0066911,50.85254512,-47.67426105,1.68,0.34,-0.33,134.4,e,1071.23205,1.883,10.16,0.42,-0.42,16.1784,18/7/2022,0.749,4884,341.908,12.446,11.832
WASP-12,b,Transit,GO,5924,3,13,Flight Ready,BOTS,PRISM,SUB512,NRSRAPID,3,X,X,8.77,Sing,0,06 30 32.7966 +29 40 20.26,10.188,427.25,6300,1.35,1.638,4.134,1.0914203,0.023,83.2,1.41,1.825,12,0.35,2552.6,1.4,3,156.73,113.89,"Mar 10, 2026 - Mar 10, 2026 (2026.069 - 2026.069)",0.3,,,WASP-12 b,WASP-12 b,1,WASP-12,448.1403,31.783,-31.783,0.311,0.051,-0.051,2428.54,b,1.091418901,0.0234,22.02564708,0.9863903,-0.97518132,3.001,12/2/2025,1.69,6265,427.246,10.477,10.188
TOI-849,b,Eclipse,GO,5967,3,11,Implementation,BOTS,G395M,SUB2048,NRSRAPID,33,X,X,7.11,Roy,12,01 54 51.7938 -29 25 18.14,10.418,225.73,5311,0.95,0.92,4.475,0.765548,0.016,86.8,0.127,0.316,36.13,6.12,1957.9,0.1,1.5,21.93,6.84,"Ready for long range planning, plan window not yet assigned",0.19,,,TOI-849 b,TOI-849 b,1,TOI-849,41.8,2.5,-2.4,5.6,0.76,-0.92,1932,b,0.765548,0.0155,3.64,0.38,-0.38,1.452,22/7/2024,0.97,5257,225.734,10.832,10.418
TOI-849,b,Eclipse,GO,5967,3,2,Flight Ready,BOTS,G395M,SUB2048,NRSRAPID,33,X,X,7.11,Roy,12,01 54 51.7938 -29 25 18.14,10.418,225.73,5311,0.95,0.92,4.475,0.765548,0.016,86.8,0.127,0.316,36.13,6.12,1957.9,0.1,1.5,21.93,6.84,"Sep 5, 2025 - Sep 5, 2025 (2025.248 - 2025.248)",0.19,,,TOI-849 b,TOI-849 b,1,TOI-849,41.8,2.5,-2.4,5.6,0.76,-0.92,1932,b,0.765548,0.0155,3.64,0.38,-0.38,1.452,22/7/2024,0.97,5257,225.734,10.832,10.418
V1298 Tau,c,Transit,GO,5959,3,2,Flight Ready,SOSS,X,SUBSTRIP96,NISRAPID,5,X,X,12.28,Feinstein,0,04 05 19.5971 +20 09 25.31,8.094,108.2,5050,1.101,1.33,-1,8.24925,0.083,88,0.24,0.46,32.15,3.74,973,0,4.7,22.36,2.07,"Sep 6, 2025 - Sep 6, 2025 (2025.249 - 2025.249)",0.1,,,V1298 Tau c,V1298 Tau c,1,V1298 Tau,76.27881768,,,3.5,,,968,c,8.24958,0.0825,5.59,0.36,-0.32,4.66,18/10/2019,1.345,5050,108.199,8.687,8.094
TOI-849,b,Eclipse,GO,5967,3,1,Skipped,BOTS,G395M,SUB2048,NRSRAPID,33,X,X,7.11,Roy,12,01 54 51.7938 -29 25 18.14,10.418,225.73,5311,0.95,0.92,4.475,0.765548,0.016,86.8,0.127,0.316,36.13,6.12,1957.9,0.1,1.5,21.93,6.84,"Ready for long range planning, plan window not yet assigned",0.19,,,TOI-849 b,TOI-849 b,1,TOI-849,41.8,2.5,-2.4,5.6,0.76,-0.92,1932,b,0.765548,0.0155,3.64,0.38,-0.38,1.452,22/7/2024,0.97,5257,225.734,10.832,10.418
V1298 Tau,c,Transit,GO,5959,3,1,Implementation,BOTS,G395H,SUB2048,NRSRAPID,4,X,X,12.14,Feinstein,0,04 05 19.5971 +20 09 25.31,8.094,108.2,5050,1.101,1.33,-1,8.24925,0.083,88,0.24,0.46,32.15,3.74,973,0,4.7,22.36,2.07,"Feb 1, 2026 - Feb 1, 2026 (2026.032 - 2026.032)",0.1,,,V1298 Tau c,V1298 Tau c,1,V1298 Tau,76.27881768,,,3.5,,,968,c,8.24958,0.0825,5.59,0.36,-0.32,4.66,18/10/2019,1.345,5050,108.199,8.687,8.094
V1298 Tau,d,Transit,GO,5959,3,3,Withdrawn,BOTS,G395H,SUB2048,NRSRAPID,4,X,X,13.76,Feinstein,0,04 05 19.5971 +20 09 25.31,8.094,108.2,5050,1.101,1.33,-1,12.4032,0.109,88.67,0.31,0.572,26.86,2.51,849.5,0,5.6,29.06,1.66,"Sep 10, 2025 - Sep 10, 2025 (2025.253 - 2025.253)",0.1,,,V1298 Tau d,V1298 Tau d,1,V1298 Tau,98.52680617,,,2.4,,,845,d,12.4032,0.1083,6.41,0.45,-0.4,5.59,18/10/2019,1.345,5050,108.199,8.687,8.094
V1298 Tau,d,Transit,GO,5959,3,4,Flight Ready,SOSS,X,SUBSTRIP96,NISRAPID,5,X,X,13.9,Feinstein,0,04 05 19.5971 +20 09 25.31,8.094,108.2,5050,1.101,1.33,-1,12.4032,0.109,88.67,0.31,0.572,26.86,2.51,849.5,0,5.6,29.06,1.66,"Sep 10, 2025 - Sep 10, 2025 (2025.253 - 2025.253)",0.1,,,V1298 Tau d,V1298 Tau d,1,V1298 Tau,98.52680617,,,2.4,,,845,d,12.4032,0.1083,6.41,0.45,-0.4,5.59,18/10/2019,1.345,5050,108.199,8.687,8.094
V1298 Tau,e,Transit,GO,5882,3,3,Implementation,BOTS,G395H,SUB2048,NRSRAPID,8,X,X,18.71,Dai,12,04 05 19.5910 +20 09 25.31,8.094,108.2,4995.5,1.136,1.338,4.227,48.83495,0.274,89.2,1.085,0.835,44.11,2.83,531.8,0,7.4,15.99,0.16,"Sep 23, 2025 - Sep 23, 2025 (2025.266 - 2025.266)",0.1,,,V1298 Tau e,V1298 Tau e,1,V1298 Tau,321.0066911,111.2399425,-82.63538582,1.79,0.66,-0.51,492,e,53.5,0.2409,9.97599282,0.80704661,-0.80704661,7.44,25/3/2024,1.43,4941,108.199,8.687,8.094
HD 207496,b,Transit,GO,6284,3,1,Skipped,GTS,GRISMR+F322W2,SUBGRISM64,BRIGHT1,4,X,X,6.94,Coy,12,21 54 51.3013 -77 20 16.79,5.967,23.61,4843,0.8,0.784,4.472,6.441007,0.063,88.79,0.019,0.215,11.8,2.94,824.7,0.1,1.8,202.18,1.64,X,0.1,,,HD 207496 b,HD 207496 b,1,HD 207496,6.1,1.6,-1.6,3.17,0.97,-0.91,743,b,6.441008,0.0629,2.25,0.12,-0.1,1.762,26/5/2023,0.769,4819,23.606,6.57,5.967
V1298 Tau,e,Transit,GO,5882,3,2,Skipped,BOTS,G395H,SUB2048,NRSRAPID,8,X,X,18.71,Dai,12,04 05 19.5910 +20 09 25.31,8.094,108.2,4995.5,1.136,1.338,4.227,48.83495,0.274,89.2,1.085,0.835,44.11,2.83,531.8,0,7.4,15.99,0.16,"Sep 23, 2025 - Sep 23, 2025 (2025.266 - 2025.266)",0.1,,,V1298 Tau e,V1298 Tau e,1,V1298 Tau,321.0066911,111.2399425,-82.63538582,1.79,0.66,-0.51,492,e,53.5,0.2409,9.97599282,0.80704661,-0.80704661,7.44,25/3/2024,1.43,4941,108.199,8.687,8.094
WASP-6,b,Transit,GO,5924,3,11,Skipped,BOTS,PRISM,SUB512,NRSRAPID,4,X,X,8.19,Sing,0,23 12 37.7368 -22 40 26.27,10.325,197.12,5450,0.88,0.818,4.581,3.3610023,0.042,88.47,0.485,1.22,9.24,0.41,1158.2,2.1,2.6,232.67,25.42,"Oct 16, 2025 - Oct 16, 2025 (2025.289 - 2025.289)",-0.2,,,WASP-6 b,WASP-6 b,1,WASP-6,117.5971,25.4264,-25.4264,0.326,0.048,-0.043,1036.74,b,3.36101,0.04217,11.54527,1.1209,-1.1209,2.5685869,4/9/2018,0.73,5450,197.119,10.769,10.325
GJ 3929,b,Eclipse,DD,9235,3,3,On Hold (Inactive),F1500W,X,SUB128,FASTR1,47,X,X,8.03,Espinoza,0,15 58 18.6104 +35 24 29.37,7.869,15.81,3369,0.311,0.32,4.89,2.6162745,0.025,89.05,0.005,0.098,13.77,7.53,576.1,0.1,1.2,20.82,0.16,"Jan 28, 2026 - Jan 28, 2026 (2026.028 - 2026.028)",-0.01,,,GJ 3929 b,GJ 3929 b,1,GJ 3929,1.75,0.44,-0.45,7.3,2,-2,568,b,2.616235,0.0252,1.09,0.04,-0.04,1.19,1/8/2022,0.32,3384,15.8095,8.694,7.869
WASP-6,b,Transit,GO,5924,3,16,Flight Ready,BOTS,PRISM,SUB512,NRSRAPID,4,X,X,8.19,Sing,0,23 12 37.7368 -22 40 26.27,10.325,197.12,5450,0.88,0.818,4.581,3.3610023,0.042,88.47,0.485,1.22,9.24,0.41,1158.2,2.1,2.6,232.67,25.42,"Oct 16, 2025 - Oct 16, 2025 (2025.289 - 2025.289)",-0.2,,,WASP-6 b,WASP-6 b,1,WASP-6,117.5971,25.4264,-25.4264,0.326,0.048,-0.043,1036.74,b,3.36101,0.04217,11.54527,1.1209,-1.1209,2.5685869,4/9/2018,0.73,5450,197.119,10.769,10.325
GJ 3929,b,Eclipse,DD,9235,3,4,On Hold (Inactive),F1500W,X,SUB128,FASTR1,47,X,X,6.34,Espinoza,0,15 58 18.6104 +35 24 29.37,7.869,15.81,3369,0.311,0.32,4.89,2.6162745,0.025,89.05,0.005,0.098,13.77,7.53,576.1,0.1,1.2,20.82,0.16,"Jan 30, 2026 - Jan 30, 2026 (2026.030 - 2026.030)",-0.01,,,GJ 3929 b,GJ 3929 b,1,GJ 3929,1.75,0.44,-0.45,7.3,2,-2,568,b,2.616235,0.0252,1.09,0.04,-0.04,1.19,1/8/2022,0.32,3384,15.8095,8.694,7.869
GJ 3929,X,Eclipse,DD,9235,3,5,On Hold (Inactive),F1500W,X,SUB128,FASTR1,47,X,X,3.18,Espinoza,0,15 58 18.6104 +35 24 29.37,-1,-1,-1,-1,-1,-1,-1,-1,-1,-1,-1,-1,-1,-1,-1,-1,-1,-1,"Jan 31, 2026 - Jan 31, 2026 (2026.031 - 2026.031)",-999,,,GJ 3929 x,,,,,,,,,,,,,,,,,,,,,,,
WD 1856+534,b,Transit,GO,9033,4,3,Flight Ready,BOTS,PRISM,SUB512,NRSRAPID,105,X,X,3.38,MacDonald,12,18 57 39.3437 +53 30 33.30,15.548,24.74,5245,0.518,0.013,6.176,1.4079387,0.02,88.78,13.8,0.928,454.37,26.2,202.7,52.6,0.2,221.31,0,"Oct 22, 2025 - Oct 23, 2025 (2025.295 - 2025.296)",-999,,,WD 1856+534 b,WD 1856+534 b,1,WD 1856+534,4386.054,,,,,,163,b,1.4079405,0.0204,10.4,1,-1,0.1333,10/12/2020,0.0131,4710,24.7359,15.677,15.548
55 Cnc,e,Eclipse,GO,7875,4,2,Implementation,MRS,X,FULL,FASTR1,50,X,X,6.58,Zhang,12,08 52 35.8111 +28 19 50.95,4.015,12.59,5250,0.905,0.964,4.425,0.7365462,0.016,84.65,0.025,0.172,24.24,7.52,1983.8,0,1.6,309.73,37.28,"Apr 2, 2026 - Apr 2, 2026 (2026.092 - 2026.092)",0.35,,,55 Cnc e,55 Cnc e,1,55 Cnc,7.99,0.32,-0.33,6.66,0.43,-0.4,1831.27,e,0.7365474,0.01544,1.875,0.029,-0.029,1.5439,5/2/2021,0.943,5172,12.5855,4.768,4.015
55 Cnc,e,Eclipse,GO,7875,4,1,Implementation,MRS,X,FULL,FASTR1,50,X,X,6.58,Zhang,12,08 52 35.8111 +28 19 50.95,4.015,12.59,5250,0.905,0.964,4.425,0.7365462,0.016,84.65,0.025,0.172,24.24,7.52,1983.8,0,1.6,309.73,37.28,"Mar 25, 2027 - Mar 25, 2027 (2027.084 - 2027.084)",0.35,,,55 Cnc e,55 Cnc e,1,55 Cnc,7.99,0.32,-0.33,6.66,0.43,-0.4,1831.27,e,0.7365474,0.01544,1.875,0.029,-0.029,1.5439,5/2/2021,0.943,5172,12.5855,4.768,4.015
HAT-P-13,b,Transit,GO,8233,4,2,Implementation,BOTS,G395M,SUB2048,NRSRAPID,8,X,X,9.57,Miguel,12,08 39 31.7694 +47 21 6.85,8.975,246.81,5653,1.22,1.56,4.13,2.9162419,0.043,83.4,0.891,1.384,13.18,0.51,1643.8,0.7,3.3,134.26,50.64,"Mar 25, 2026 - Mar 26, 2026 (2026.084 - 2026.085)",0.41,,,HAT-P-13 b,HAT-P-13 b,1,HAT-P-13,270.462,12.077,-12.077,0.517,0.11,-0.087,1701,b,2.91625,0.0427,14.258,0.729,-0.729,3.28681,15/10/2014,1.56,5653,246.81,9.328,8.975
55 Cnc,e,Eclipse,GO,7875,4,3,Implementation,MRS,X,FULL,FASTR1,50,X,X,6.58,Zhang,12,08 52 35.8111 +28 19 50.95,4.015,12.59,5250,0.905,0.964,4.425,0.7365462,0.016,84.65,0.025,0.172,24.24,7.52,1983.8,0,1.6,309.73,37.28,"Apr 4, 2026 - Apr 4, 2026 (2026.094 - 2026.094)",0.35,,,55 Cnc e,55 Cnc e,1,55 Cnc,7.99,0.32,-0.33,6.66,0.43,-0.4,1831.27,e,0.7365474,0.01544,1.875,0.029,-0.029,1.5439,5/2/2021,0.943,5172,12.5855,4.768,4.015
WASP-25,b,Transit,GO,9025,4,1,Implementation,BOTS,G395H,SUB2048,NRSRAPID,99,X,X,8.89,Gao,12,13 01 26.3760 -27 31 19.92,10.174,211.42,5736,1,0.92,4.505,3.7648327,0.047,88,0.58,1.22,11.05,0.48,1219.3,1.9,2.8,173.47,24.21,"May 28, 2026 - May 28, 2026 (2026.148 - 2026.148)",-0.05,,,WASP-25 b,WASP-25 b,1,WASP-25,139.8452,31.783,-31.783,0.406,0.065,-0.056,1108.64,b,3.76483,0.0473,11.99363,1.1209,-1.1209,2.759996,25/4/2018,0.8,5750,211.416,10.596,10.174
WD 1856+534,b,Transit,GO,9033,4,2,Flight Ready,LRS,X,SLITLESSPRISM,FASTR1,380,X,X,3.46,MacDonald,12,18 57 39.3437 +53 30 33.30,15.548,24.74,5245,0.518,0.013,6.176,1.4079387,0.02,88.78,13.8,0.928,454.37,26.2,202.7,52.6,0.2,221.31,0,"Sep 13, 2025 - Sep 13, 2025 (2025.256 - 2025.256)",-999,,,WD 1856+534 b,WD 1856+534 b,1,WD 1856+534,4386.054,,,,,,163,b,1.4079405,0.0204,10.4,1,-1,0.1333,10/12/2020,0.0131,4710,24.7359,15.677,15.548
WASP-39,b,Transit,GO,8017,4,2,Implementation,BOTS,G235H,SUB2048,NRSRAPID,38,X,X,9.23,Welbanks,0,14 29 18.4152 -03 26 40.20,10.202,213.98,5326.6,0.918,1.013,4.389,4.0552804,0.049,87.76,0.28,1.279,4.85,0.2,1173.1,2.2,2.8,324.05,20.93,"Jun 15, 2026 - Jun 15, 2026 (2026.166 - 2026.166)",-0.03,,,WASP-39 b,WASP-39 b,1,WASP-39,89.31023,10.17056,-10.17056,0.167,0.023,-0.023,1166,b,4.0552941,0.04828,14.336311,0.44836,-0.44836,2.8063409,27/11/2019,0.939,5485,213.982,10.663,10.202
WD 1856+534,b,Transit,GO,9033,4,1,Flight Ready,LRS,X,SLITLESSPRISM,FASTR1,380,X,X,3.46,MacDonald,12,18 57 39.3437 +53 30 33.30,15.548,24.74,5245,0.518,0.013,6.176,1.4079387,0.02,88.78,13.8,0.928,454.37,26.2,202.7,52.6,0.2,221.31,0,"Sep 5, 2025 - Sep 5, 2025 (2025.248 - 2025.248)",-999,,,WD 1856+534 b,WD 1856+534 b,1,WD 1856+534,4386.054,,,,,,163,b,1.4079405,0.0204,10.4,1,-1,0.1333,10/12/2020,0.0131,4710,24.7359,15.677,15.548
WASP-193,b,Transit,GO,9101,4,2,Implementation,LRS,X,SLITLESSPRISM,FASTR1,75,X,X,13.34,Radica,12,10 57 23.8522 -29 59 49.67,10.745,362.09,6105,1.059,1.19,4.336,6.2462799,0.068,88.49,0.139,1.332,2.22,0.09,1235.3,1.3,4.3,438.74,12.7,"Feb 7, 2026 - Feb 8, 2026 (2026.038 - 2026.039)",-0.06,,,WASP-193 b,WASP-193 b,1,WASP-193,44.17814857,9.2170238,-9.2170238,0.059,0.015,-0.013,1254,b,6.2463345,0.0676,16.40994774,0.66132986,-0.6389119,4.349,26/7/2023,1.239,6078,362.087,10.952,10.745
K2-232,b,Transit,GO,9025,4,2,Implementation,BOTS,G395H,SUB2048,NRSRAPID,20,X,X,13.85,Gao,12,04 55 3.9626 +18 39 16.31,8.434,130.72,6067.5,1.188,1.19,4.344,11.1684482,0.101,89.14,0.392,1.058,9.94,0.5,1002.9,0.9,5.2,182.98,10.16,"Sep 14, 2026 - Sep 15, 2026 (2026.257 - 2026.258)",0.1,,,K2-232 b,K2-232 b,1,K2-232,126.49634,11.75971,-11.75971,0.405,0.046,-0.044,1030,b,11.168454,0.10356,11.209,0.246598,-0.22418,5.354,4/4/2018,1.161,6154,130.72,8.739,8.434
HAT-P-32,b,Transit,GO,7849,4,6,Implementation,LRS,X,SLITLESSPRISM,FASTR1,109,X,X,9.49,Moran,12,02 04 10.2774 +46 41 16.21,9.99,289.2,6207,1.16,1.219,4.33,2.1500082,0.034,88.94,0.81,1.789,7.17,0.21,1784.7,2.3,3.1,355.4,95.09,"Feb 2, 2026 - Feb 3, 2026 (2026.033 - 2026.034)",-0.04,,,HAT-P-32 b,HAT-P-32 b,1,HAT-P-32,216.1244,34.9613,-31.783,0.108,0.018,-0.017,1835.7,b,2.1500082,0.03397,22.19382,0.504405,-0.504405,3.12048,8/7/2019,1.367,6001,289.205,10.251,9.99
HIP 9618,b,Transit,GO,8004,4,3,Flight Ready,BOTS,G395H,SUB2048,NRSRAPID,6,X,X,14.13,Batalha,12,02 03 37.0253 +21 16 51.11,7.559,67.55,5617.3,0.942,0.963,4.45,20.772869,0.144,-1,0.026,0.345,6.3,0.98,700.4,0.1,4.9,167.2,0.42,"Sep 9, 2025 - Sep 9, 2025 (2025.252 - 2025.252)",-0.06,,,HIP 9618 b,HIP 9618 b,1,HIP 9618,8.3,1.7,-1.7,0.81,0.21,-0.25,640.88,b,20.772858,0.145,3.82838127,0.10440228,-0.08816578,4.9427299,22/7/2024,0.9593,5649,67.5478,7.922,7.559
WASP-17,b,Eclipse,GO,8309,4,5,Implementation,LRS,X,SLITLESSPRISM,FASTR1,168,X,X,12.74,Mullens,12,15 59 50.9492 -28 03 42.31,10.224,405.91,6550,1.306,1.572,4.176,3.7354417,0.051,86.83,0.49,1.892,3.88,0.11,1748.8,1.7,4.4,367.69,50.36,"Aug 6, 2026 - Aug 6, 2026 (2026.218 - 2026.218)",-0.19,,,WASP-17 b,WASP-17 b,1,WASP-17,247.9074,73.1009,-73.1009,0.08,0.013,-0.011,1670,b,3.73543,0.05151,20.96083,2.69016,-2.69016,4.142,25/4/2018,1.49,6550,405.908,10.509,10.224
HAT-P-13,b,Transit,GO,8233,4,1,Implementation,SOSS,X,SUBSTRIP256,NISRAPID,3,X,X,9.81,Miguel,12,08 39 31.7694 +47 21 6.85,8.975,246.81,5653,1.22,1.56,4.13,2.9162419,0.043,83.4,0.891,1.384,13.18,0.51,1643.8,0.7,3.3,134.26,50.64,"Mar 14, 2026 - Mar 14, 2026 (2026.073 - 2026.073)",0.41,,,HAT-P-13 b,HAT-P-13 b,1,HAT-P-13,270.462,12.077,-12.077,0.517,0.11,-0.087,1701,b,2.91625,0.0427,14.258,0.729,-0.729,3.28681,15/10/2014,1.56,5653,246.81,9.328,8.975
WASP-17,b,Transit,GO,8309,4,3,Implementation,LRS,X,SLITLESSPRISM,FASTR1,168,X,X,12.74,Mullens,12,15 59 50.9492 -28 03 42.31,10.224,405.91,6550,1.306,1.572,4.176,3.7354417,0.051,86.83,0.49,1.892,3.88,0.11,1748.8,1.7,4.4,367.69,50.36,"Jul 31, 2026 - Jul 31, 2026 (2026.212 - 2026.212)",-0.19,,,WASP-17 b,WASP-17 b,1,WASP-17,247.9074,73.1009,-73.1009,0.08,0.013,-0.011,1670,b,3.73543,0.05151,20.96083,2.69016,-2.69016,4.142,25/4/2018,1.49,6550,405.908,10.509,10.224
WASP-193,b,Transit,GO,9101,4,3,Implementation,BOTS,G395M,SUB2048,NRSRAPID,54,X,X,12.21,Radica,12,10 57 23.8522 -29 59 49.67,10.745,362.09,6105,1.059,1.19,4.336,6.2462799,0.068,88.49,0.139,1.332,2.22,0.09,1235.3,1.3,4.3,438.74,12.7,"Apr 23, 2026 - Apr 23, 2026 (2026.113 - 2026.113)",-0.06,,,WASP-193 b,WASP-193 b,1,WASP-193,44.17814857,9.2170238,-9.2170238,0.059,0.015,-0.013,1254,b,6.2463345,0.0676,16.40994774,0.66132986,-0.6389119,4.349,26/7/2023,1.239,6078,362.087,10.952,10.745
WASP-127,b,Transit,GO,9101,4,1,Implementation,LRS,X,SLITLESSPRISM,FASTR1,45,X,X,13.53,Radica,12,10 42 14.0837 -03 50 6.26,8.641,159.51,5620,1.08,1.369,4.18,4.178062,0.05,88.2,0.172,1.311,2.84,0.12,1415,1,4.3,769.49,44.07,"May 6, 2026 - May 7, 2026 (2026.126 - 2026.127)",-0.18,,,WASP-127 b,WASP-127 b,1,WASP-127,52.346601,6.801562,-5.466676,0.097,0.013,-0.012,1313.74,b,4.17806203,0.0484,14.694999,0.280225,-0.325061,4.35288,13/11/2020,1.333,5620,159.507,9.092,8.641
WASP-193,b,Transit,GO,9101,4,4,Implementation,BOTS,G235M,SUB2048,NRSRAPID,24,X,X,12.23,Radica,12,10 57 23.8522 -29 59 49.67,10.745,362.09,6105,1.059,1.19,4.336,6.2462799,0.068,88.49,0.139,1.332,2.22,0.09,1235.3,1.3,4.3,438.74,12.7,"Apr 30, 2026 - Apr 30, 2026 (2026.120 - 2026.120)",-0.06,,,WASP-193 b,WASP-193 b,1,WASP-193,44.17814857,9.2170238,-9.2170238,0.059,0.015,-0.013,1254,b,6.2463345,0.0676,16.40994774,0.66132986,-0.6389119,4.349,26/7/2023,1.239,6078,362.087,10.952,10.745
WASP-193,b,Transit,GO,9101,4,5,Implementation,BOTS,G140H,SUB2048,NRSRAPID,26,X,X,12.24,Radica,12,10 57 23.8522 -29 59 49.67,10.745,362.09,6105,1.059,1.19,4.336,6.2462799,0.068,88.49,0.139,1.332,2.22,0.09,1235.3,1.3,4.3,438.74,12.7,"May 25, 2026 - May 25, 2026 (2026.145 - 2026.145)",-0.06,,,WASP-193 b,WASP-193 b,1,WASP-193,44.17814857,9.2170238,-9.2170238,0.059,0.015,-0.013,1254,b,6.2463345,0.0676,16.40994774,0.66132986,-0.6389119,4.349,26/7/2023,1.239,6078,362.087,10.952,10.745
HATS-72,b,Transit,GO,7849,4,1,Implementation,LRS,X,SLITLESSPRISM,FASTR1,116,X,X,10.01,Moran,12,22 36 6.3190 -16 59 59.79,9.764,127.59,4656.1,0.731,0.721,4.585,7.3279485,0.067,89.56,0.125,0.785,5.77,0.39,739.4,1.4,3,254.14,2.59,"Jun 2, 2026 - Jun 3, 2026 (2026.153 - 2026.154)",0.1,,,HATS-72 b,HATS-72 b,1,HATS-72,39.855882,1.239537,-1.239537,0.411,0.015,-0.01,739.3,b,7.3279474,0.066517,8.0973816,0.0358688,-0.0358688,3.08472,21/2/2020,0.7214,4656.1,127.589,10.424,9.764
WASP-17,b,Transit,GO,8309,4,1,Implementation,LRS,X,SLITLESSPRISM,FASTR1,168,X,X,12.74,Mullens,12,15 59 50.9492 -28 03 42.31,10.224,405.91,6550,1.306,1.572,4.176,3.7354417,0.051,86.83,0.49,1.892,3.88,0.11,1748.8,1.7,4.4,367.69,50.36,"Jul 27, 2026 - Jul 27, 2026 (2026.208 - 2026.208)",-0.19,,,WASP-17 b,WASP-17 b,1,WASP-17,247.9074,73.1009,-73.1009,0.08,0.013,-0.011,1670,b,3.73543,0.05151,20.96083,2.69016,-2.69016,4.142,25/4/2018,1.49,6550,405.908,10.509,10.224
HD 86226,c,Transit,GO,7407,4,2,Implementation,GTS,GRISMR+F322W2,SUB164S4_8-SPECTRA,DHS4,2,X,X,10.53,Nixon,12,09 56 29.8442 -24 05 57.80,6.463,45.68,5863,1.019,1.053,4.4,3.9846589,0.049,86.45,0.023,0.191,17.67,4.94,1310.6,0,2.6,84.41,3.14,Not a candidate for the long range plan,0.02,,,HD 86226 c,HD 86226 c,1,HD 86226,7.25,1.19,-1.12,3.97,0.78,-0.73,1311,c,3.98442,0.049,2.16,0.08,-0.08,3.12,6/8/2020,1.053,5863,45.683,6.839,6.463
HD 86226,c,Transit,GO,7407,4,3,Implementation,LRS,X,SLITLESSPRISM,FASTR1,6,X,X,10.34,Nixon,12,09 56 29.8442 -24 05 57.80,6.463,45.68,5863,1.019,1.053,4.4,3.9846589,0.049,86.45,0.023,0.191,17.67,4.94,1310.6,0,2.6,84.41,3.14,Not a candidate for the long range plan,0.02,,,HD 86226 c,HD 86226 c,1,HD 86226,7.25,1.19,-1.12,3.97,0.78,-0.73,1311,c,3.98442,0.049,2.16,0.08,-0.08,3.12,6/8/2020,1.053,5863,45.683,6.839,6.463
HD 86226,c,Transit,GO,7407,4,1,Implementation,GTS,GRISMR+F444W,SUB164S4_8-SPECTRA,DHS4,3,X,X,10.47,Nixon,12,09 56 29.8442 -24 05 57.80,6.463,45.68,5863,1.019,1.053,4.4,3.9846589,0.049,86.45,0.023,0.191,17.67,4.94,1310.6,0,2.6,84.41,3.14,Not a candidate for the long range plan,0.02,,,HD 86226 c,HD 86226 c,1,HD 86226,7.25,1.19,-1.12,3.97,0.78,-0.73,1311,c,3.98442,0.049,2.16,0.08,-0.08,3.12,6/8/2020,1.053,5863,45.683,6.839,6.463
HIP 9618,b,Transit,GO,8004,4,4,Flight Ready,BOTS,G395H,SUB2048,NRSRAPID,6,X,X,14.13,Batalha,12,02 03 37.0253 +21 16 51.11,7.559,67.55,5617.3,0.942,0.963,4.45,20.772869,0.144,-1,0.026,0.345,6.3,0.98,700.4,0.1,4.9,167.2,0.42,"Jan 11, 2026 - Jan 11, 2026 (2026.011 - 2026.011)",-0.06,,,HIP 9618 b,HIP 9618 b,1,HIP 9618,8.3,1.7,-1.7,0.81,0.21,-0.25,640.88,b,20.772858,0.145,3.82838127,0.10440228,-0.08816578,4.9427299,22/7/2024,0.9593,5649,67.5478,7.922,7.559
BD+05 4868 A,b,PhaseC,GO,8739,4,1,Flight Ready,LRS,X,SLITLESSPRISM,FASTR1,16,X,X,43.66,Hon,12,21 47 26.7438 +06 36 19.20,7.448,43.57,4596,0.7,0.69,4.6,1.271869,0.021,-1,0.02,-1,-1,-1,1276.5,1.4,-1,-1,-1,"Oct 9, 2025 - Oct 9, 2025 (2025.282 - 2025.282)",-0.05,,,BD+05 4868 A b,BD+05 4868 A b,1,BD+05 4868 A,6.2,,,,,,1820,b,1.271869,0.0208,,,,,21/3/2025,0.69,4596,43.5687,8.113,7.448
WASP-84,b,Transit,GO,9025,4,3,Implementation,BOTS,G395H,SUB2048,NRSRAPID,30,X,X,8.97,Gao,12,08 44 25.7032 +01 51 36.11,8.855,100.59,5307,0.842,0.748,4.4,8.5234963,0.077,88.37,0.693,0.956,21.49,1.2,796.1,1.7,2.8,126.65,6.76,"Nov 29, 2026 - Nov 30, 2026 (2026.333 - 2026.334)",0,,,WASP-84 b,WASP-84 b,1,WASP-84,220,18,-18,0.98,0.13,-0.12,732,b,8.52349648,0.0778,10.72,0.27,-0.27,2.76,10/7/2023,0.768,5314,100.588,9.346,8.855
KELT-9,b,PhaseC,GO,7255,4,2,Flight Ready,SOSS,X,SUBSTRIP96,NISRAPID,3,X,X,24.9,Stevenson,12,20 31 26.3534 +39 56 19.77,7.482,204.46,10170,2.52,2.362,4.093,1.4811187,0.035,86.79,2.66,1.815,22.9,0.68,4050.7,0.7,4,216.71,232.28,"Nov 6, 2026 - Nov 6, 2026 (2026.310 - 2026.310)",-0.03,,,KELT-9 b,KELT-9 b,1,KELT-9,915.3504,266.9772,-266.9772,0.53,0.15,-0.15,4050,b,1.4811235,0.03462,21.196219,0.683749,-0.594077,3.91584,2/6/2017,2.362,10170,204.455,7.458,7.482
LP 890-9,c,Transit,GO,7073,4,62,Flight Ready,BOTS,PRISM,SUB512,NRSRAPID,5,X,X,5.58,Lustig-Yaeger,0,04 16 31.1618 -28 18 52.95,11.344,32.43,2850,0.118,0.156,5.126,8.457463,0.04,89.29,0.08,0.122,151.7,66.55,271.6,0.7,1,0.95,0,"Nov 21, 2025 - Nov 21, 2025 (2025.325 - 2025.325)",-0.03,,,LP 890-9 c,LP 890-9 c,1,LP 890-9,25.3,,,,,,272,c,8.457463,0.03984,1.367,0.055,-0.039,0.9593,14/9/2022,0.1556,2850,32.4298,12.258,11.344
LP 890-9,c,Transit,GO,7073,4,60,Flight Ready,BOTS,PRISM,SUB512,NRSRAPID,5,X,X,5.58,Lustig-Yaeger,0,04 16 31.1618 -28 18 52.95,11.344,32.43,2850,0.118,0.156,5.126,8.457463,0.04,89.29,0.08,0.122,151.7,66.55,271.6,0.7,1,0.95,0,"Jan 19, 2026 - Jan 19, 2026 (2026.019 - 2026.019)",-0.03,,,LP 890-9 c,LP 890-9 c,1,LP 890-9,25.3,,,,,,272,c,8.457463,0.03984,1.367,0.055,-0.039,0.9593,14/9/2022,0.1556,2850,32.4298,12.258,11.344
LP 890-9,c,Transit,GO,7073,4,57,Flight Ready,BOTS,PRISM,SUB512,NRSRAPID,5,X,X,5.58,Lustig-Yaeger,0,04 16 31.1618 -28 18 52.95,11.344,32.43,2850,0.118,0.156,5.126,8.457463,0.04,89.29,0.08,0.122,151.7,66.55,271.6,0.7,1,0.95,0,"Dec 8, 2025 - Dec 8, 2025 (2025.342 - 2025.342)",-0.03,,,LP 890-9 c,LP 890-9 c,1,LP 890-9,25.3,,,,,,272,c,8.457463,0.03984,1.367,0.055,-0.039,0.9593,14/9/2022,0.1556,2850,32.4298,12.258,11.344
LP 890-9,c,Transit,GO,7073,4,56,Flight Ready,BOTS,PRISM,SUB512,NRSRAPID,5,X,X,5.58,Lustig-Yaeger,0,04 16 31.1618 -28 18 52.95,11.344,32.43,2850,0.118,0.156,5.126,8.457463,0.04,89.29,0.08,0.122,151.7,66.55,271.6,0.7,1,0.95,0,"Sep 4, 2026 - Sep 4, 2026 (2026.247 - 2026.247)",-0.03,,,LP 890-9 c,LP 890-9 c,1,LP 890-9,25.3,,,,,,272,c,8.457463,0.03984,1.367,0.055,-0.039,0.9593,14/9/2022,0.1556,2850,32.4298,12.258,11.344
LP 890-9,c,Transit,GO,7073,4,61,Flight Ready,BOTS,PRISM,SUB512,NRSRAPID,5,X,X,5.58,Lustig-Yaeger,0,04 16 31.1618 -28 18 52.95,11.344,32.43,2850,0.118,0.156,5.126,8.457463,0.04,89.29,0.08,0.122,151.7,66.55,271.6,0.7,1,0.95,0,"Jan 27, 2026 - Jan 27, 2026 (2026.027 - 2026.027)",-0.03,,,LP 890-9 c,LP 890-9 c,1,LP 890-9,25.3,,,,,,272,c,8.457463,0.03984,1.367,0.055,-0.039,0.9593,14/9/2022,0.1556,2850,32.4298,12.258,11.344
LP 890-9,c,Transit,GO,7073,4,52,Flight Ready,BOTS,PRISM,SUB512,NRSRAPID,5,X,X,5.58,Lustig-Yaeger,0,04 16 31.1618 -28 18 52.95,11.344,32.43,2850,0.118,0.156,5.126,8.457463,0.04,89.29,0.08,0.122,151.7,66.55,271.6,0.7,1,0.95,0,"Sep 6, 2025 - Sep 6, 2025 (2025.249 - 2025.249)",-0.03,,,LP 890-9 c,LP 890-9 c,1,LP 890-9,25.3,,,,,,272,c,8.457463,0.03984,1.367,0.055,-0.039,0.9593,14/9/2022,0.1556,2850,32.4298,12.258,11.344
LP 890-9,c,Transit,GO,7073,4,65,Flight Ready,BOTS,PRISM,SUB512,NRSRAPID,5,X,X,5.58,Lustig-Yaeger,0,04 16 31.1618 -28 18 52.95,11.344,32.43,2850,0.118,0.156,5.126,8.457463,0.04,89.29,0.08,0.122,151.7,66.55,271.6,0.7,1,0.95,0,"Feb 13, 2026 - Feb 13, 2026 (2026.044 - 2026.044)",-0.03,,,LP 890-9 c,LP 890-9 c,1,LP 890-9,25.3,,,,,,272,c,8.457463,0.03984,1.367,0.055,-0.039,0.9593,14/9/2022,0.1556,2850,32.4298,12.258,11.344
LP 890-9,c,Transit,GO,7073,4,58,Flight Ready,BOTS,PRISM,SUB512,NRSRAPID,5,X,X,5.58,Lustig-Yaeger,0,04 16 31.1618 -28 18 52.95,11.344,32.43,2850,0.118,0.156,5.126,8.457463,0.04,89.29,0.08,0.122,151.7,66.55,271.6,0.7,1,0.95,0,"Dec 16, 2025 - Dec 16, 2025 (2025.350 - 2025.350)",-0.03,,,LP 890-9 c,LP 890-9 c,1,LP 890-9,25.3,,,,,,272,c,8.457463,0.03984,1.367,0.055,-0.039,0.9593,14/9/2022,0.1556,2850,32.4298,12.258,11.344
LP 890-9,c,Transit,GO,7073,4,63,Flight Ready,BOTS,PRISM,SUB512,NRSRAPID,5,X,X,5.58,Lustig-Yaeger,0,04 16 31.1618 -28 18 52.95,11.344,32.43,2850,0.118,0.156,5.126,8.457463,0.04,89.29,0.08,0.122,151.7,66.55,271.6,0.7,1,0.95,0,"Oct 18, 2025 - Oct 18, 2025 (2025.291 - 2025.291)",-0.03,,,LP 890-9 c,LP 890-9 c,1,LP 890-9,25.3,,,,,,272,c,8.457463,0.03984,1.367,0.055,-0.039,0.9593,14/9/2022,0.1556,2850,32.4298,12.258,11.344
TOI-1801,b,Transit,GO,6932,4,1,Implementation,SOSS,X,SUBSTRIP96,NISRAPID,5,X,X,7.89,Luque,12,11 42 18.1365 +23 01 37.34,7.805,30.68,3815,0.531,0.547,4.72,10.6439385,0.075,89.51,0.034,0.177,30.79,9.28,496.8,0.1,2.7,34.03,0.04,"Apr 29, 2026 - Apr 29, 2026 (2026.119 - 2026.119)",-0.02,,,TOI-1801 b,TOI-1801 b,1,TOI-1801,5.738,1.455,-1.428,3.701,1.217,-1.051,493.7,b,10.64387,0.075,2.079,0.124,-0.11,2.6991119,21/10/2023,0.547,3863,30.6796,8.649,7.805
TOI-1801,b,Transit,GO,6932,4,6,Implementation,BOTS,G395H,SUB2048,NRSRAPID,8,X,X,7.84,Luque,12,11 42 18.1365 +23 01 37.34,7.805,30.68,3815,0.531,0.547,4.72,10.6439385,0.075,89.51,0.034,0.177,30.79,9.28,496.8,0.1,2.7,34.03,0.04,"Apr 18, 2026 - Apr 18, 2026 (2026.108 - 2026.108)",-0.02,,,TOI-1801 b,TOI-1801 b,1,TOI-1801,5.738,1.455,-1.428,3.701,1.217,-1.051,493.7,b,10.64387,0.075,2.079,0.124,-0.11,2.6991119,21/10/2023,0.547,3863,30.6796,8.649,7.805
TOI-1801,b,Transit,GO,6932,4,5,Implementation,SOSS,X,SUBSTRIP96,NISRAPID,5,X,X,7.89,Luque,12,11 42 18.1365 +23 01 37.34,7.805,30.68,3815,0.531,0.547,4.72,10.6439385,0.075,89.51,0.034,0.177,30.79,9.28,496.8,0.1,2.7,34.03,0.04,"Dec 22, 2025 - Dec 22, 2025 (2025.356 - 2025.356)",-0.02,,,TOI-1801 b,TOI-1801 b,1,TOI-1801,5.738,1.455,-1.428,3.701,1.217,-1.051,493.7,b,10.64387,0.075,2.079,0.124,-0.11,2.6991119,21/10/2023,0.547,3863,30.6796,8.649,7.805
TOI-1801,b,Transit,GO,6932,4,4,Implementation,BOTS,G395H,SUB2048,NRSRAPID,8,X,X,7.84,Luque,12,11 42 18.1365 +23 01 37.34,7.805,30.68,3815,0.531,0.547,4.72,10.6439385,0.075,89.51,0.034,0.177,30.79,9.28,496.8,0.1,2.7,34.03,0.04,"May 31, 2026 - May 31, 2026 (2026.151 - 2026.151)",-0.02,,,TOI-1801 b,TOI-1801 b,1,TOI-1801,5.738,1.455,-1.428,3.701,1.217,-1.051,493.7,b,10.64387,0.075,2.079,0.124,-0.11,2.6991119,21/10/2023,0.547,3863,30.6796,8.649,7.805
TOI-1801,b,Transit,GO,6932,4,3,Implementation,SOSS,X,SUBSTRIP96,NISRAPID,5,X,X,7.89,Luque,12,11 42 18.1365 +23 01 37.34,7.805,30.68,3815,0.531,0.547,4.72,10.6439385,0.075,89.51,0.034,0.177,30.79,9.28,496.8,0.1,2.7,34.03,0.04,"Jan 12, 2026 - Jan 12, 2026 (2026.012 - 2026.012)",-0.02,,,TOI-1801 b,TOI-1801 b,1,TOI-1801,5.738,1.455,-1.428,3.701,1.217,-1.051,493.7,b,10.64387,0.075,2.079,0.124,-0.11,2.6991119,21/10/2023,0.547,3863,30.6796,8.649,7.805
TOI-1801,b,Transit,GO,6932,4,2,Implementation,BOTS,G395H,SUB2048,NRSRAPID,8,X,X,7.84,Luque,12,11 42 18.1365 +23 01 37.34,7.805,30.68,3815,0.531,0.547,4.72,10.6439385,0.075,89.51,0.034,0.177,30.79,9.28,496.8,0.1,2.7,34.03,0.04,"May 10, 2026 - May 10, 2026 (2026.130 - 2026.130)",-0.02,,,TOI-1801 b,TOI-1801 b,1,TOI-1801,5.738,1.455,-1.428,3.701,1.217,-1.051,493.7,b,10.64387,0.075,2.079,0.124,-0.11,2.6991119,21/10/2023,0.547,3863,30.6796,8.649,7.805
TOI-1807,b,PhaseC,GO,8864,4,1,Implementation,LRS,X,SLITLESSPRISM,FASTR1,10,X,X,23.89,Dang,12,13 25 7.9957 +38 55 20.94,7.568,42.58,4743.5,0.76,0.715,4.58,0.5493715,0.012,79.85,0.008,0.128,13.66,5.72,1765.6,0,1,19.34,6.28,"May 19, 2026 - May 20, 2026 (2026.139 - 2026.140)",-0.03,,,TOI-1807 b,TOI-1807 b,1,TOI-1807,2.44,0.6,-0.57,3.98,1.18,-1.53,1694.1,b,0.54937097,0.0122,1.49681583,0.08089145,-0.06779467,0.9772115,23/7/2024,0.746,4914,42.5775,8.103,7.568
LP 890-9,c,Transit,GO,7073,4,64,Flight Ready,BOTS,PRISM,SUB512,NRSRAPID,5,X,X,5.58,Lustig-Yaeger,0,04 16 31.1618 -28 18 52.95,11.344,32.43,2850,0.118,0.156,5.126,8.457463,0.04,89.29,0.08,0.122,151.7,66.55,271.6,0.7,1,0.95,0,"Feb 5, 2026 - Feb 5, 2026 (2026.036 - 2026.036)",-0.03,,,LP 890-9 c,LP 890-9 c,1,LP 890-9,25.3,,,,,,272,c,8.457463,0.03984,1.367,0.055,-0.039,0.9593,14/9/2022,0.1556,2850,32.4298,12.258,11.344
LP 890-9,c,Transit,GO,7073,4,67,Flight Ready,BOTS,PRISM,SUB512,NRSRAPID,5,X,X,5.58,Lustig-Yaeger,0,04 16 31.1618 -28 18 52.95,11.344,32.43,2850,0.118,0.156,5.126,8.457463,0.04,89.29,0.08,0.122,151.7,66.55,271.6,0.7,1,0.95,0,"Nov 29, 2025 - Nov 29, 2025 (2025.333 - 2025.333)",-0.03,,,LP 890-9 c,LP 890-9 c,1,LP 890-9,25.3,,,,,,272,c,8.457463,0.03984,1.367,0.055,-0.039,0.9593,14/9/2022,0.1556,2850,32.4298,12.258,11.344
TOI-199,b,Transit,GO,7188,4,2,Implementation,BOTS,G395H,SUB2048,NRSRAPID,19,X,X,17.41,Acuna,12,05 20 25.3152 -59 53 44.46,8.814,102.27,5302.5,0.936,0.85,4.553,104.8634818,0.425,90,0.17,0.861,6.5,0.4,361.4,1.2,6.6,135.14,0.01,"Feb 15, 2026 - Feb 15, 2026 (2026.046 - 2026.046)",0.22,,,TOI-199 b,TOI-199 b,1,TOI-199,54.03082919,6.35656814,-6.35656814,,,,358,b,104.854,0.4254,9.07927437,0.0560449,-0.0560449,6.554,9/10/2023,0.82,5255,102.27,9.329001,8.814
TOI-199,b,Transit,GO,7188,4,1,Implementation,BOTS,G395H,SUB2048,NRSRAPID,19,X,X,17.41,Acuna,12,05 20 25.3152 -59 53 44.46,8.814,102.27,5302.5,0.936,0.85,4.553,104.8634818,0.425,90,0.17,0.861,6.5,0.4,361.4,1.2,6.6,135.14,0.01,"Nov 2, 2025 - Nov 3, 2025 (2025.306 - 2025.307)",0.22,,,TOI-199 b,TOI-199 b,1,TOI-199,54.03082919,6.35656814,-6.35656814,,,,358,b,104.854,0.4254,9.07927437,0.0560449,-0.0560449,6.554,9/10/2023,0.82,5255,102.27,9.329001,8.814
TOI-2031,b,Transit,GO,9025,4,4,Implementation,BOTS,G395H,SUB2048,NRSRAPID,85,X,X,10.28,Gao,12,22 04 28.0921 +81 33 57.39,-1,-1,-1,-1,-1,-1,-1,-1,-1,-1,-1,-1,-1,-1,-1,-1,-1,-1,"Sep 18, 2025 - Sep 19, 2025 (2025.261 - 2025.262)",-999,,,TOI-2031 b,,,,,,,,,,,,,,,,,,,,,,,
LP 890-9,c,Transit,GO,7073,4,59,Flight Ready,BOTS,PRISM,SUB512,NRSRAPID,5,X,X,5.58,Lustig-Yaeger,0,04 16 31.1618 -28 18 52.95,11.344,32.43,2850,0.118,0.156,5.126,8.457463,0.04,89.29,0.08,0.122,151.7,66.55,271.6,0.7,1,0.95,0,"Oct 1, 2025 - Oct 1, 2025 (2025.274 - 2025.274)",-0.03,,,LP 890-9 c,LP 890-9 c,1,LP 890-9,25.3,,,,,,272,c,8.457463,0.03984,1.367,0.055,-0.039,0.9593,14/9/2022,0.1556,2850,32.4298,12.258,11.344
LP 890-9,c,Transit,GO,7073,4,54,Flight Ready,BOTS,PRISM,SUB512,NRSRAPID,5,X,X,5.58,Lustig-Yaeger,0,04 16 31.1618 -28 18 52.95,11.344,32.43,2850,0.118,0.156,5.126,8.457463,0.04,89.29,0.08,0.122,151.7,66.55,271.6,0.7,1,0.95,0,"Sep 30, 2026 - Sep 30, 2026 (2026.273 - 2026.273)",-0.03,,,LP 890-9 c,LP 890-9 c,1,LP 890-9,25.3,,,,,,272,c,8.457463,0.03984,1.367,0.055,-0.039,0.9593,14/9/2022,0.1556,2850,32.4298,12.258,11.344
LP 890-9,c,Transit,GO,7073,4,53,Flight Ready,BOTS,PRISM,SUB512,NRSRAPID,5,X,X,5.58,Lustig-Yaeger,0,04 16 31.1618 -28 18 52.95,11.344,32.43,2850,0.118,0.156,5.126,8.457463,0.04,89.29,0.08,0.122,151.7,66.55,271.6,0.7,1,0.95,0,"Sep 21, 2026 - Sep 21, 2026 (2026.264 - 2026.264)",-0.03,,,LP 890-9 c,LP 890-9 c,1,LP 890-9,25.3,,,,,,272,c,8.457463,0.03984,1.367,0.055,-0.039,0.9593,14/9/2022,0.1556,2850,32.4298,12.258,11.344
LP 890-9,c,Transit,GO,7073,4,66,Flight Ready,BOTS,PRISM,SUB512,NRSRAPID,5,X,X,5.58,Lustig-Yaeger,0,04 16 31.1618 -28 18 52.95,11.344,32.43,2850,0.118,0.156,5.126,8.457463,0.04,89.29,0.08,0.122,151.7,66.55,271.6,0.7,1,0.95,0,"Oct 26, 2025 - Oct 26, 2025 (2025.299 - 2025.299)",-0.03,,,LP 890-9 c,LP 890-9 c,1,LP 890-9,25.3,,,,,,272,c,8.457463,0.03984,1.367,0.055,-0.039,0.9593,14/9/2022,0.1556,2850,32.4298,12.258,11.344
LP 890-9,c,Transit,GO,7073,4,55,Flight Ready,BOTS,PRISM,SUB512,NRSRAPID,5,X,X,5.58,Lustig-Yaeger,0,04 16 31.1618 -28 18 52.95,11.344,32.43,2850,0.118,0.156,5.126,8.457463,0.04,89.29,0.08,0.122,151.7,66.55,271.6,0.7,1,0.95,0,"Nov 4, 2025 - Nov 4, 2025 (2025.308 - 2025.308)",-0.03,,,LP 890-9 c,LP 890-9 c,1,LP 890-9,25.3,,,,,,272,c,8.457463,0.03984,1.367,0.055,-0.039,0.9593,14/9/2022,0.1556,2850,32.4298,12.258,11.344
TOI-1670,c,Transit,GO,7982,4,3,Implementation,BOTS,G235M,SUB2048,NRSRAPID,4,X,X,13.53,Claringbold,12,17 16 4.1608 +72 09 40.17,8.724,168.07,6330,1.214,1.31,4.29,40.7501028,0.249,88.84,0.604,0.97,18.2,1,700.1,0.6,5.4,46.23,0.88,"Mar 16, 2027 - Mar 16, 2027 (2027.075 - 2027.075)",0.05,,,TOI-1670 c,TOI-1670 c,1,TOI-1670,200.2318964,28.60455663,-25.42627256,0.81,0.13,-0.11,684,c,40.74976,0.249,11.06326395,0.28022452,-0.28022452,5.4,16/3/2022,1.316,6170,168.067,8.968,8.724
NGTS-11,b,Transit,GO,7982,4,4,Implementation,BOTS,G395M,SUB2048,NRSRAPID,37,X,X,9.31,Claringbold,12,01 34 5.1361 -14 25 9.15,10.315,190.42,5063,0.862,0.831,4.515,35.4557945,0.201,89.16,0.344,0.809,14.89,0.98,496.4,1,3.7,39.89,0.08,"Nov 24, 2026 - Nov 24, 2026 (2026.328 - 2026.328)",0.22,,,NGTS-11 b,NGTS-11 b,1,NGTS-11,109.33352,29.24036,-23.20159,0.78,0.21,-0.17,435,b,35.45533,0.201,9.157753,0.313852,-0.358688,3.59,2/7/2020,0.832,5050,190.422,10.855,10.315
NGTS-11,b,Transit,GO,7982,4,1,Implementation,SOSS,X,SUBSTRIP256,NISRAPID,15,X,X,9.77,Claringbold,12,01 34 5.1361 -14 25 9.15,10.315,190.42,5063,0.862,0.831,4.515,35.4557945,0.201,89.16,0.344,0.809,14.89,0.98,496.4,1,3.7,39.89,0.08,"Jul 5, 2026 - Jul 5, 2026 (2026.186 - 2026.186)",0.22,,,NGTS-11 b,NGTS-11 b,1,NGTS-11,109.33352,29.24036,-23.20159,0.78,0.21,-0.17,435,b,35.45533,0.201,9.157753,0.313852,-0.358688,3.59,2/7/2020,0.832,5050,190.422,10.855,10.315
TIC_207140650,X,Flares,GO,7068,4,5,Flight Ready,SOSS,X,SUBSTRIP256,NISRAPID,5,X,X,7.93,Doshi,12,02 56 57.6741 -58 21 45.39,-1,-1,-1,-1,-1,-1,-1,-1,-1,-1,-1,-1,-1,-1,-1,-1,-1,-1,"Sep 2, 2025 - Sep 22, 2025 (2025.245 - 2025.265)",-999,,,TIC 207140650 x,,,,,,,,,,,,,,,,,,,,,,,
TIC_231020638,X,Flares,GO,7068,4,2,Flight Ready,SOSS,X,SUBSTRIP256,NISRAPID,3,X,X,11.81,Doshi,12,01 50 56.9007 -58 44 3.21,-1,-1,-1,-1,-1,-1,-1,-1,-1,-1,-1,-1,-1,-1,-1,-1,-1,-1,"Sep 2, 2025 - Sep 10, 2025 (2025.245 - 2025.253)",-999,,,TIC 231020638 x,,,,,,,,,,,,,,,,,,,,,,,
TIC_261560580,X,Flares,GO,7068,4,1,Flight Ready,SOSS,X,SUBSTRIP256,NISRAPID,8,X,X,12.37,Doshi,12,23 17 0.1185 -74 32 9.44,-1,-1,-1,-1,-1,-1,-1,-1,-1,-1,-1,-1,-1,-1,-1,-1,-1,-1,"Sep 2, 2025 - Sep 22, 2025 (2025.245 - 2025.265)",-999,,,TIC 261560580 x,,,,,,,,,,,,,,,,,,,,,,,
TIC_80427281,X,Flares,GO,7068,4,3,Flight Ready,SOSS,X,SUBSTRIP256,NISRAPID,4,X,X,8.75,Doshi,12,00 42 10.9234 -42 52 54.55,-1,-1,-1,-1,-1,-1,-1,-1,-1,-1,-1,-1,-1,-1,-1,-1,-1,-1,"Aug 17, 2025 - Aug 23, 2025 (2025.229 - 2025.235)",-999,,,TIC 80427281 x,,,,,,,,,,,,,,,,,,,,,,,
TIC_89502706,X,Flares,GO,7068,4,4,Flight Ready,SOSS,X,SUBSTRIP256,NISRAPID,4,X,X,7.3,Doshi,12,23 47 22.4705 -23 17 17.30,-1,-1,-1,-1,-1,-1,-1,-1,-1,-1,-1,-1,-1,-1,-1,-1,-1,-1,"Oct 22, 2025 - Dec 14, 2025 (2025.295 - 2025.348)",-999,,,TIC 89502706 x,,,,,,,,,,,,,,,,,,,,,,,
LTT 1445 A,c,Transit,GO,7073,4,13,Flight Ready,BOTS,G395H,SUB2048,NRSRAPID,3,X,X,4.45,Lustig-Yaeger,0,03 01 51.3937 -16 35 36.03,6.496,6.87,3340,0.257,0.271,-1,3.1238994,0.027,87.43,0.004,0.102,11.67,6.1,514.2,0.1,0.5,60.16,0.19,"Sep 14, 2025 - Sep 15, 2025 (2025.257 - 2025.258)",-0.34,,,LTT 1445 A c,LTT 1445 A c,1,LTT 1445 A,1.54,0.2,-0.19,5.57,0.68,-0.6,508,c,3.1239035,0.02661,1.147,0.055,-0.054,0.482,24/1/2022,0.265,3340,6.86929,7.294,6.496
LTT 1445 A,c,Transit,GO,7073,4,11,Implementation,SOSS,X,SUBSTRIP96,NISRAPID,3,X,X,5.22,Lustig-Yaeger,0,03 01 51.3937 -16 35 36.03,6.496,6.87,3340,0.257,0.271,-1,3.1238994,0.027,87.43,0.004,0.102,11.67,6.1,514.2,0.1,0.5,60.16,0.19,"Dec 15, 2026 - Dec 15, 2026 (2026.349 - 2026.349)",-0.34,,,LTT 1445 A c,LTT 1445 A c,1,LTT 1445 A,1.54,0.2,-0.19,5.57,0.68,-0.6,508,c,3.1239035,0.02661,1.147,0.055,-0.054,0.482,24/1/2022,0.265,3340,6.86929,7.294,6.496
LTT 1445 A,c,Transit,GO,7073,4,14,Implementation,BOTS,G395H,SUB2048,NRSRAPID,3,X,X,4.95,Lustig-Yaeger,0,03 01 51.3937 -16 35 36.03,6.496,6.87,3340,0.257,0.271,-1,3.1238994,0.027,87.43,0.004,0.102,11.67,6.1,514.2,0.1,0.5,60.16,0.19,"Sep 2, 2026 - Sep 3, 2026 (2026.245 - 2026.246)",-0.34,,,LTT 1445 A c,LTT 1445 A c,1,LTT 1445 A,1.54,0.2,-0.19,5.57,0.68,-0.6,508,c,3.1239035,0.02661,1.147,0.055,-0.054,0.482,24/1/2022,0.265,3340,6.86929,7.294,6.496
LTT 1445 A,c,Transit,GO,7073,4,12,Implementation,SOSS,X,SUBSTRIP96,NISRAPID,3,X,X,5.22,Lustig-Yaeger,0,03 01 51.3937 -16 35 36.03,6.496,6.87,3340,0.257,0.271,-1,3.1238994,0.027,87.43,0.004,0.102,11.67,6.1,514.2,0.1,0.5,60.16,0.19,"Dec 17, 2025 - Dec 17, 2025 (2025.351 - 2025.351)",-0.34,,,LTT 1445 A c,LTT 1445 A c,1,LTT 1445 A,1.54,0.2,-0.19,5.57,0.68,-0.6,508,c,3.1239035,0.02661,1.147,0.055,-0.054,0.482,24/1/2022,0.265,3340,6.86929,7.294,6.496
LTT 1445 A,b,Transit,GO,7073,4,1,Implementation,SOSS,X,SUBSTRIP96,NISRAPID,3,X,X,6.22,Lustig-Yaeger,0,03 01 51.3937 -16 35 36.03,6.496,6.87,3340,0.256,0.276,4.967,5.3587657,0.038,89.4,0.008,0.121,15.3,6.75,433.6,0.2,1.4,44.25,0.05,"Dec 18, 2025 - Dec 18, 2025 (2025.352 - 2025.352)",-0.34,,,LTT 1445 A b,LTT 1445 A b,1,LTT 1445 A,2.32,0.25,-0.25,4.36,0.74,-0.74,555,b,5.35876,0.022,1.18,0.06,-0.06,1.392,22/8/2023,0.265,3340,6.86929,7.294,6.496
LTT 1445 A,b,Transit,GO,7073,4,2,Implementation,SOSS,X,SUBSTRIP96,NISRAPID,3,X,X,6.22,Lustig-Yaeger,0,03 01 51.3937 -16 35 36.03,6.496,6.87,3340,0.256,0.276,4.967,5.3587657,0.038,89.4,0.008,0.121,15.3,6.75,433.6,0.2,1.4,44.25,0.05,"Dec 7, 2025 - Dec 7, 2025 (2025.341 - 2025.341)",-0.34,,,LTT 1445 A b,LTT 1445 A b,1,LTT 1445 A,2.32,0.25,-0.25,4.36,0.74,-0.74,555,b,5.35876,0.022,1.18,0.06,-0.06,1.392,22/8/2023,0.265,3340,6.86929,7.294,6.496
LTT 1445 A,b,Transit,GO,7251,4,5,Inactive,GTS,GRISMR+F322W2,SUB41S1_2-SPECTRA,DHS3,7,X,X,5.79,Bennett,12,03 01 50.9819 -16 35 40.32,6.496,6.87,3340,0.256,0.276,4.967,5.3587657,0.038,89.4,0.008,0.121,15.3,6.75,433.6,0.2,1.4,44.25,0.05,Not a candidate for the long range plan,-0.34,,,LTT 1445 A b,LTT 1445 A b,1,LTT 1445 A,2.32,0.25,-0.25,4.36,0.74,-0.74,555,b,5.35876,0.022,1.18,0.06,-0.06,1.392,22/8/2023,0.265,3340,6.86929,7.294,6.496
LTT 1445 A,b,Transit,GO,7251,4,6,Inactive,GTS,GRISMR+F444W,SUB41S1_2-SPECTRA,DHS3,8,X,X,5.73,Bennett,12,03 01 50.9819 -16 35 40.32,6.496,6.87,3340,0.256,0.276,4.967,5.3587657,0.038,89.4,0.008,0.121,15.3,6.75,433.6,0.2,1.4,44.25,0.05,Not a candidate for the long range plan,-0.34,,,LTT 1445 A b,LTT 1445 A b,1,LTT 1445 A,2.32,0.25,-0.25,4.36,0.74,-0.74,555,b,5.35876,0.022,1.18,0.06,-0.06,1.392,22/8/2023,0.265,3340,6.86929,7.294,6.496
LTT 1445 A,b,Transit,GO,7251,4,7,Inactive,GTS,GRISMR+F322W2,SUB41S1_2-SPECTRA,DHS3,7,X,X,5.79,Bennett,12,03 01 50.9819 -16 35 40.32,6.496,6.87,3340,0.256,0.276,4.967,5.3587657,0.038,89.4,0.008,0.121,15.3,6.75,433.6,0.2,1.4,44.25,0.05,Not a candidate for the long range plan,-0.34,,,LTT 1445 A b,LTT 1445 A b,1,LTT 1445 A,2.32,0.25,-0.25,4.36,0.74,-0.74,555,b,5.35876,0.022,1.18,0.06,-0.06,1.392,22/8/2023,0.265,3340,6.86929,7.294,6.496
TOI-1420,b,Transit,GO,9101,4,8,Implementation,SOSS,X,SUBSTRIP256,NISRAPID,12,X,X,10.31,Radica,12,21 31 45.9171 +66 20 55.93,10.119,201.92,5448.5,0.987,0.932,4.482,6.9561098,0.071,88.58,0.079,1.07,1.96,0.1,951.6,1.5,3.4,670.55,7.22,"Dec 13, 2026 - Dec 13, 2026 (2026.347 - 2026.347)",0.28,,,TOI-1420 b,TOI-1420 b,1,TOI-1420,25.1,3.8,-3.8,0.082,0.015,-0.015,957,b,6.9561063,0.071,11.89,0.33,-0.33,3.372,6/11/2023,0.923,5510,201.918,10.557,10.119
TOI-1420,b,Transit,GO,9101,4,7,Implementation,BOTS,G235M,SUB2048,NRSRAPID,30,X,X,9.79,Radica,12,21 31 45.9171 +66 20 55.93,10.119,201.92,5448.5,0.987,0.932,4.482,6.9561098,0.071,88.58,0.079,1.07,1.96,0.1,951.6,1.5,3.4,670.55,7.22,"Dec 6, 2026 - Dec 7, 2026 (2026.340 - 2026.341)",0.28,,,TOI-1420 b,TOI-1420 b,1,TOI-1420,25.1,3.8,-3.8,0.082,0.015,-0.015,957,b,6.9561063,0.071,11.89,0.33,-0.33,3.372,6/11/2023,0.923,5510,201.918,10.557,10.119
TOI-1420,b,Transit,GO,9101,4,6,Implementation,LRS,X,SLITLESSPRISM,FASTR1,75,X,X,10.9,Radica,12,21 31 45.9171 +66 20 55.93,10.119,201.92,5448.5,0.987,0.932,4.482,6.9561098,0.071,88.58,0.079,1.07,1.96,0.1,951.6,1.5,3.4,670.55,7.22,"Sep 14, 2026 - Sep 14, 2026 (2026.257 - 2026.257)",0.28,,,TOI-1420 b,TOI-1420 b,1,TOI-1420,25.1,3.8,-3.8,0.082,0.015,-0.015,957,b,6.9561063,0.071,11.89,0.33,-0.33,3.372,6/11/2023,0.923,5510,201.918,10.557,10.119
LTT 1445 A,b,Transit,GO,7251,4,8,Inactive,GTS,GRISMR+F444W,SUB41S1_2-SPECTRA,DHS3,8,X,X,5.73,Bennett,12,03 01 50.9819 -16 35 40.32,6.496,6.87,3340,0.256,0.276,4.967,5.3587657,0.038,89.4,0.008,0.121,15.3,6.75,433.6,0.2,1.4,44.25,0.05,Not a candidate for the long range plan,-0.34,,,LTT 1445 A b,LTT 1445 A b,1,LTT 1445 A,2.32,0.25,-0.25,4.36,0.74,-0.74,555,b,5.35876,0.022,1.18,0.06,-0.06,1.392,22/8/2023,0.265,3340,6.86929,7.294,6.496
LTT 1445 A,b,Transit,GO,7251,4,3,Inactive,GTS,GRISMR+F322W2,SUB41S1_2-SPECTRA,DHS3,7,X,X,5.79,Bennett,12,03 01 50.9819 -16 35 40.32,6.496,6.87,3340,0.256,0.276,4.967,5.3587657,0.038,89.4,0.008,0.121,15.3,6.75,433.6,0.2,1.4,44.25,0.05,Not a candidate for the long range plan,-0.34,,,LTT 1445 A b,LTT 1445 A b,1,LTT 1445 A,2.32,0.25,-0.25,4.36,0.74,-0.74,555,b,5.35876,0.022,1.18,0.06,-0.06,1.392,22/8/2023,0.265,3340,6.86929,7.294,6.496
LTT 1445 A,b,Transit,GO,7251,4,4,Inactive,GTS,GRISMR+F444W,SUB41S1_2-SPECTRA,DHS3,8,X,X,5.73,Bennett,12,03 01 50.9819 -16 35 40.32,6.496,6.87,3340,0.256,0.276,4.967,5.3587657,0.038,89.4,0.008,0.121,15.3,6.75,433.6,0.2,1.4,44.25,0.05,Not a candidate for the long range plan,-0.34,,,LTT 1445 A b,LTT 1445 A b,1,LTT 1445 A,2.32,0.25,-0.25,4.36,0.74,-0.74,555,b,5.35876,0.022,1.18,0.06,-0.06,1.392,22/8/2023,0.265,3340,6.86929,7.294,6.496
LTT 1445 A,b,Transit,GO,7251,4,2,Inactive,GTS,GRISMR+F444W,SUB41S1_2-SPECTRA,DHS3,8,X,X,5.73,Bennett,12,03 01 50.9819 -16 35 40.32,6.496,6.87,3340,0.256,0.276,4.967,5.3587657,0.038,89.4,0.008,0.121,15.3,6.75,433.6,0.2,1.4,44.25,0.05,Not a candidate for the long range plan,-0.34,,,LTT 1445 A b,LTT 1445 A b,1,LTT 1445 A,2.32,0.25,-0.25,4.36,0.74,-0.74,555,b,5.35876,0.022,1.18,0.06,-0.06,1.392,22/8/2023,0.265,3340,6.86929,7.294,6.496
LTT 1445 A,b,Transit,GO,7073,4,3,Implementation,BOTS,G395H,SUB2048,NRSRAPID,3,X,X,5.95,Lustig-Yaeger,0,03 01 51.3937 -16 35 36.03,6.496,6.87,3340,0.256,0.276,4.967,5.3587657,0.038,89.4,0.008,0.121,15.3,6.75,433.6,0.2,1.4,44.25,0.05,"Jan 13, 2026 - Jan 14, 2026 (2026.013 - 2026.014)",-0.34,,,LTT 1445 A b,LTT 1445 A b,1,LTT 1445 A,2.32,0.25,-0.25,4.36,0.74,-0.74,555,b,5.35876,0.022,1.18,0.06,-0.06,1.392,22/8/2023,0.265,3340,6.86929,7.294,6.496
LTT 1445 A,b,Transit,GO,7251,4,1,Inactive,GTS,GRISMR+F322W2,SUB41S1_2-SPECTRA,DHS3,7,X,X,5.79,Bennett,12,03 01 50.9819 -16 35 40.32,6.496,6.87,3340,0.256,0.276,4.967,5.3587657,0.038,89.4,0.008,0.121,15.3,6.75,433.6,0.2,1.4,44.25,0.05,Not a candidate for the long range plan,-0.34,,,LTT 1445 A b,LTT 1445 A b,1,LTT 1445 A,2.32,0.25,-0.25,4.36,0.74,-0.74,555,b,5.35876,0.022,1.18,0.06,-0.06,1.392,22/8/2023,0.265,3340,6.86929,7.294,6.496
TOI-1670,c,Transit,GO,7982,4,6,Implementation,BOTS,G395M,SUB2048,NRSRAPID,8,X,X,13.53,Claringbold,12,17 16 4.1608 +72 09 40.17,8.724,168.07,6330,1.214,1.31,4.29,40.7501028,0.249,88.84,0.604,0.97,18.2,1,700.1,0.6,5.4,46.23,0.88,"Oct 4, 2026 - Oct 4, 2026 (2026.277 - 2026.277)",0.05,,,TOI-1670 c,TOI-1670 c,1,TOI-1670,200.2318964,28.60455663,-25.42627256,0.81,0.13,-0.11,684,c,40.74976,0.249,11.06326395,0.28022452,-0.28022452,5.4,16/3/2022,1.316,6170,168.067,8.968,8.724
KELT-20,b,Eclipse,GO,6978,4,1,Flight Ready,BOTS,G395H,SUB2048,NRSRAPID,5,X,X,16.8,Wardenier,12,19 38 38.7400 +31 13 9.12,7.415,136.43,8720,1.76,1.565,4.29,3.4741048,0.056,86.12,10.191,1.83,86.25,2.52,2230.8,1.4,3.4,75.06,215.55,"Sep 8, 2025 - Sep 8, 2025 (2025.251 - 2025.251)",-0.29,,,KELT-20 b,KELT-20 b,1,KELT-20,1074.90106,,,0.806,,,2262,b,3.4741085,0.0542,19.514869,0.773421,-0.829466,3.57552,2/12/2019,1.565,8720,136.426,7.424,7.415
TOI-216,c,Transit,GO,7982,4,5,Implementation,BOTS,G395M,SUB2048,NRSRAPID,34,X,X,13.78,Claringbold,12,04 55 55.2549 -63 15 36.31,10.218,177.94,5026,0.874,0.82,4.66,34.516414,0.207,89.83,0.595,0.933,19.35,1.11,482.4,1.8,4.7,36.99,0.09,"Aug 12, 2026 - Aug 13, 2026 (2026.224 - 2026.225)",0.32,,,TOI-216 c,,,,,,,,,,,,,,,,,,,,,,,
TOI-2260,b,PhaseC,GO,8864,4,2,Implementation,LRS,X,SLITLESSPRISM,FASTR1,25,X,X,27.35,Dang,12,16 30 40.1197 +49 02 47.49,8.684,101.25,5483,0.99,0.92,4.565,0.3524662,0.01,-1,-1,0.151,-1,-1,2574.9,0,0.6,-1,6.15,"Jun 5, 2026 - Jun 6, 2026 (2026.156 - 2026.157)",0.22,,,TOI-2260 b,TOI-2260 b,1,TOI-2260,,,,,,,2609,b,0.3524728,0.0097,1.62,0.13,-0.13,0.578,15/2/2022,0.94,5534,101.251,9.103,8.684
TOI-674,b,Transit,GO,9095,4,6,Implementation,LRS,X,SLITLESSPRISM,FASTR1,87,X,X,4.78,Piaulet Ghorayeb,12,10 58 20.9850 -36 51 29.14,9.469,46.09,3514,0.42,0.42,4.81,1.9771642,0.025,87.21,0.074,0.469,9.56,1.09,694.5,1.4,1.1,291.62,3.46,"Jun 29, 2026 - Jun 30, 2026 (2026.180 - 2026.181)",0.17,,,TOI-674 b,TOI-674 b,1,TOI-674,23.6,3.3,-3.3,0.91,0.15,-0.15,635,b,1.977143,0.025,5.25,0.17,-0.17,1.1104153,12/7/2021,0.42,3514,46.0851,10.359,9.469
TOI-674,b,Transit,GO,9095,4,7,Implementation,LRS,X,SLITLESSPRISM,FASTR1,87,X,X,4.78,Piaulet Ghorayeb,12,10 58 20.9850 -36 51 29.14,9.469,46.09,3514,0.42,0.42,4.81,1.9771642,0.025,87.21,0.074,0.469,9.56,1.09,694.5,1.4,1.1,291.62,3.46,"Jan 7, 2026 - Jan 8, 2026 (2026.007 - 2026.008)",0.17,,,TOI-674 b,TOI-674 b,1,TOI-674,23.6,3.3,-3.3,0.91,0.15,-0.15,635,b,1.977143,0.025,5.25,0.17,-0.17,1.1104153,12/7/2021,0.42,3514,46.0851,10.359,9.469
TOI-674,b,Eclipse,GO,9095,4,9,Implementation,BOTS,G395H,SUB2048,NRSRAPID,32,X,X,4.72,Piaulet Ghorayeb,12,10 58 20.9850 -36 51 29.14,9.469,46.09,3514,0.42,0.42,4.81,1.9771642,0.025,87.21,0.074,0.469,9.56,1.09,694.5,1.4,1.1,291.62,3.46,"Jun 7, 2026 - Jun 7, 2026 (2026.158 - 2026.158)",0.17,,,TOI-674 b,TOI-674 b,1,TOI-674,23.6,3.3,-3.3,0.91,0.15,-0.15,635,b,1.977143,0.025,5.25,0.17,-0.17,1.1104153,12/7/2021,0.42,3514,46.0851,10.359,9.469
TOI-674,b,Eclipse,GO,9095,4,10,On Hold (Inactive),BOTS,G395H,SUB2048,NRSRAPID,32,X,X,4.72,Piaulet Ghorayeb,12,10 58 20.9850 -36 51 29.14,9.469,46.09,3514,0.42,0.42,4.81,1.9771642,0.025,87.21,0.074,0.469,9.56,1.09,694.5,1.4,1.1,291.62,3.46,"May 8, 2026 - May 8, 2026 (2026.128 - 2026.128)",0.17,,,TOI-674 b,TOI-674 b,1,TOI-674,23.6,3.3,-3.3,0.91,0.15,-0.15,635,b,1.977143,0.025,5.25,0.17,-0.17,1.1104153,12/7/2021,0.42,3514,46.0851,10.359,9.469
TOI-674,b,Transit,GO,9095,4,2,Implementation,SOSS,X,SUBSTRIP256,NISRAPID,5,X,X,4.74,Piaulet Ghorayeb,12,10 58 20.9850 -36 51 29.14,9.469,46.09,3514,0.42,0.42,4.81,1.9771642,0.025,87.21,0.074,0.469,9.56,1.09,694.5,1.4,1.1,291.62,3.46,"May 15, 2026 - May 15, 2026 (2026.135 - 2026.135)",0.17,,,TOI-674 b,TOI-674 b,1,TOI-674,23.6,3.3,-3.3,0.91,0.15,-0.15,635,b,1.977143,0.025,5.25,0.17,-0.17,1.1104153,12/7/2021,0.42,3514,46.0851,10.359,9.469
TOI-674,b,Transit,GO,9095,4,5,Implementation,LRS,X,SLITLESSPRISM,FASTR1,87,X,X,4.78,Piaulet Ghorayeb,12,10 58 20.9850 -36 51 29.14,9.469,46.09,3514,0.42,0.42,4.81,1.9771642,0.025,87.21,0.074,0.469,9.56,1.09,694.5,1.4,1.1,291.62,3.46,"Jun 8, 2026 - Jun 8, 2026 (2026.159 - 2026.159)",0.17,,,TOI-674 b,TOI-674 b,1,TOI-674,23.6,3.3,-3.3,0.91,0.15,-0.15,635,b,1.977143,0.025,5.25,0.17,-0.17,1.1104153,12/7/2021,0.42,3514,46.0851,10.359,9.469
TOI-677,b,Transit,GO,9025,4,6,Implementation,BOTS,G395H,SUB2048,NRSRAPID,20,X,X,8.73,Gao,12,09 36 28.6865 -50 27 47.80,8.429,141.81,6295,1.181,1.28,4.291,11.2365992,0.104,86.7,1.236,1.17,25.59,1.17,1065.2,0.9,2.5,72.37,13.23,"May 16, 2026 - May 16, 2026 (2026.136 - 2026.136)",0,,,TOI-677 b,TOI-677 b,1,TOI-677,392.2002542,26.69758619,-26.37975778,,,,690,b,11.2365985,0.1041,13.11450742,0.32506044,-0.33626942,2.535,21/3/2025,1.28,6295,141.812,8.722,8.429
TOI-677,b,Transit,GO,9025,4,5,Implementation,BOTS,G395H,SUB2048,NRSRAPID,20,X,X,8.73,Gao,12,09 36 28.6865 -50 27 47.80,8.429,141.81,6295,1.181,1.28,4.291,11.2365992,0.104,86.7,1.236,1.17,25.59,1.17,1065.2,0.9,2.5,72.37,13.23,"Mar 20, 2026 - Mar 21, 2026 (2026.079 - 2026.080)",0,,,TOI-677 b,TOI-677 b,1,TOI-677,392.2002542,26.69758619,-26.37975778,,,,690,b,11.2365985,0.1041,13.11450742,0.32506044,-0.33626942,2.535,21/3/2025,1.28,6295,141.812,8.722,8.429
TOI-6894,b,Transit,GO,8696,4,1,Implementation,BOTS,PRISM,SUB512,NRSRAPID,10,X,X,6.79,Zhang,12,11 33 52.7495 +12 27 3.58,12.207,73.81,3070,0.207,0.225,5.033,3.3707011,0.026,89.58,0.168,0.846,6.65,0.42,435,16.7,1.5,467.71,0.34,"Jan 10, 2026 - Jan 11, 2026 (2026.010 - 2026.011)",0.14,,,TOI-6894 b,TOI-6894 b,1,TOI-6894,53.39517238,6.99222495,-6.99222495,0.334,0.043,-0.043,417.9,b,3.37077196,0.02604,9.5836785,0.24659758,-0.24659758,1.422,11/6/2025,0.2276,3007,73.8131,13.169,12.207
LHS 1478,b,Eclipse,GO,7675,4,3,Implementation,LRS,X,SLITLESSPRISM,FASTR1,32,X,X,5.57,August,12,02 57 21.4288 +76 33 4.86,8.767,18.23,3397.5,0.236,0.253,4.921,1.9495391,0.018,87.45,0.007,0.118,15.04,6.85,606.3,0.2,0.8,25.46,0.35,"Nov 14, 2026 - Nov 14, 2026 (2026.318 - 2026.318)",-0.13,,,LHS 1478 b,LHS 1478 b,1,LHS 1478,2.33,0.2,-0.2,6.67,1.03,-0.89,595,b,1.9495378,0.01848,1.242,0.051,-0.049,0.705,23/4/2021,0.246,3381,18.2276,9.615,8.767
LHS 1478,b,Eclipse,GO,7675,4,4,Implementation,LRS,X,SLITLESSPRISM,FASTR1,32,X,X,5.57,August,12,02 57 21.4288 +76 33 4.86,8.767,18.23,3397.5,0.236,0.253,4.921,1.9495391,0.018,87.45,0.007,0.118,15.04,6.85,606.3,0.2,0.8,25.46,0.35,"Dec 6, 2026 - Dec 6, 2026 (2026.340 - 2026.340)",-0.13,,,LHS 1478 b,LHS 1478 b,1,LHS 1478,2.33,0.2,-0.2,6.67,1.03,-0.89,595,b,1.9495378,0.01848,1.242,0.051,-0.049,0.705,23/4/2021,0.246,3381,18.2276,9.615,8.767
LHS 1478,b,Eclipse,GO,7675,4,5,Implementation,LRS,X,SLITLESSPRISM,FASTR1,32,X,X,5.57,August,12,02 57 21.4288 +76 33 4.86,8.767,18.23,3397.5,0.236,0.253,4.921,1.9495391,0.018,87.45,0.007,0.118,15.04,6.85,606.3,0.2,0.8,25.46,0.35,"Dec 24, 2025 - Dec 25, 2025 (2025.358 - 2025.359)",-0.13,,,LHS 1478 b,LHS 1478 b,1,LHS 1478,2.33,0.2,-0.2,6.67,1.03,-0.89,595,b,1.9495378,0.01848,1.242,0.051,-0.049,0.705,23/4/2021,0.246,3381,18.2276,9.615,8.767
LHS 1478,b,Eclipse,GO,7675,4,6,Implementation,F1500W,X,SUB256,FASTR1,39,X,X,5.33,August,12,02 57 21.4288 +76 33 4.86,8.767,18.23,3397.5,0.236,0.253,4.921,1.9495391,0.018,87.45,0.007,0.118,15.04,6.85,606.3,0.2,0.8,25.46,0.35,"Jan 31, 2026 - Feb 1, 2026 (2026.031 - 2026.032)",-0.13,,,LHS 1478 b,LHS 1478 b,1,LHS 1478,2.33,0.2,-0.2,6.67,1.03,-0.89,595,b,1.9495378,0.01848,1.242,0.051,-0.049,0.705,23/4/2021,0.246,3381,18.2276,9.615,8.767
LHS 1478,b,Eclipse,GO,7675,4,1,Implementation,LRS,X,SLITLESSPRISM,FASTR1,32,X,X,5.57,August,12,02 57 21.4288 +76 33 4.86,8.767,18.23,3397.5,0.236,0.253,4.921,1.9495391,0.018,87.45,0.007,0.118,15.04,6.85,606.3,0.2,0.8,25.46,0.35,"Dec 9, 2026 - Dec 9, 2026 (2026.343 - 2026.343)",-0.13,,,LHS 1478 b,LHS 1478 b,1,LHS 1478,2.33,0.2,-0.2,6.67,1.03,-0.89,595,b,1.9495378,0.01848,1.242,0.051,-0.049,0.705,23/4/2021,0.246,3381,18.2276,9.615,8.767
LHS 1140,c,Transit,GO,7073,4,32,Flight Ready,BOTS,G395M,SUB2048,NRSRAPID,7,X,X,5.79,Lustig-Yaeger,0,00 44 59.3309 -15 16 17.54,8.821,14.99,3131,0.182,0.214,5.049,3.7779329,0.027,89.92,0.006,0.114,12.44,5.84,425,0.3,1.1,28.57,0.02,"Nov 21, 2026 - Nov 21, 2026 (2026.325 - 2026.325)",-0.24,,,LHS 1140 c,LHS 1140 c,1,LHS 1140,1.91,0.06,-0.06,5.1,0.4,-0.4,422,c,3.77794,0.027,1.272,0.026,-0.026,1.13,4/3/2024,0.2159,3096,14.9861,9.612001,8.821
LHS 1140,c,Transit,GO,7073,4,33,Flight Ready,BOTS,G395M,SUB2048,NRSRAPID,7,X,X,5.79,Lustig-Yaeger,0,00 44 59.3309 -15 16 17.54,8.821,14.99,3131,0.182,0.214,5.049,3.7779329,0.027,89.92,0.006,0.114,12.44,5.84,425,0.3,1.1,28.57,0.02,"Nov 12, 2025 - Nov 12, 2025 (2025.316 - 2025.316)",-0.24,,,LHS 1140 c,LHS 1140 c,1,LHS 1140,1.91,0.06,-0.06,5.1,0.4,-0.4,422,c,3.77794,0.027,1.272,0.026,-0.026,1.13,4/3/2024,0.2159,3096,14.9861,9.612001,8.821
LHS 1140,b,Transit,GO,7073,4,26,Flight Ready,BOTS,G395M,SUB2048,NRSRAPID,7,X,X,6.82,Lustig-Yaeger,0,00 44 59.3309 -15 16 17.54,8.821,14.99,3131,0.179,0.214,5.049,24.737165,0.094,89.89,0.0176,0.1543,24.48,5.9,227.5,0.5,2.1,69.87,0,"Jun 28, 2026 - Jun 28, 2026 (2026.179 - 2026.179)",-0.24,,,LHS 1140 b,LHS 1140 b,1,LHS 1140,5.6,0.19,-0.19,5.9,0.3,-0.3,226,b,24.73723,0.0946,1.73,0.025,-0.025,2.15,4/3/2024,0.2159,3096,14.9861,9.612001,8.821
LHS 1140,b,Transit,GO,7073,4,23,Flight Ready,SOSS,X,SUBSTRIP256,NISRAPID,5,X,X,7.04,Lustig-Yaeger,0,00 44 59.3309 -15 16 17.54,8.821,14.99,3131,0.179,0.214,5.049,24.737165,0.094,89.89,0.0176,0.1543,24.48,5.9,227.5,0.5,2.1,69.87,0,"Nov 23, 2026 - Nov 23, 2026 (2026.327 - 2026.327)",-0.24,,,LHS 1140 b,LHS 1140 b,1,LHS 1140,5.6,0.19,-0.19,5.9,0.3,-0.3,226,b,24.73723,0.0946,1.73,0.025,-0.025,2.15,4/3/2024,0.2159,3096,14.9861,9.612001,8.821
LHS 1140,b,Transit,GO,7073,4,22,Flight Ready,SOSS,X,SUBSTRIP256,NISRAPID,5,X,X,7.04,Lustig-Yaeger,0,00 44 59.3309 -15 16 17.54,8.821,14.99,3131,0.179,0.214,5.049,24.737165,0.094,89.89,0.0176,0.1543,24.48,5.9,227.5,0.5,2.1,69.87,0,"Jul 23, 2026 - Jul 23, 2026 (2026.204 - 2026.204)",-0.24,,,LHS 1140 b,LHS 1140 b,1,LHS 1140,5.6,0.19,-0.19,5.9,0.3,-0.3,226,b,24.73723,0.0946,1.73,0.025,-0.025,2.15,4/3/2024,0.2159,3096,14.9861,9.612001,8.821
LHS 1140,b,Transit,GO,7073,4,25,Flight Ready,BOTS,G395M,SUB2048,NRSRAPID,7,X,X,6.82,Lustig-Yaeger,0,00 44 59.3309 -15 16 17.54,8.821,14.99,3131,0.179,0.214,5.049,24.737165,0.094,89.89,0.0176,0.1543,24.48,5.9,227.5,0.5,2.1,69.87,0,"Dec 12, 2025 - Dec 12, 2025 (2025.346 - 2025.346)",-0.24,,,LHS 1140 b,LHS 1140 b,1,LHS 1140,5.6,0.19,-0.19,5.9,0.3,-0.3,226,b,24.73723,0.0946,1.73,0.025,-0.025,2.15,4/3/2024,0.2159,3096,14.9861,9.612001,8.821
Kepler-12,b,Transit,GO,7849,4,2,Flight Ready,LRS,X,SLITLESSPRISM,FASTR1,596,X,X,13.33,Moran,12,19 04 58.4221 +50 02 25.27,12.066,881.39,5953,1.106,1.483,4.175,4.437963,0.055,89.26,0.432,1.695,4.26,0.13,1491.9,1.7,4.7,123.2,14.07,"Oct 19, 2025 - Oct 19, 2025 (2025.292 - 2025.292)",0.07,,,Kepler-12 b,Kepler-12 b,1,Kepler-12,137.30256,16.84499,-16.20933,0.11,0.02,-0.02,1480,b,4.4379629,0.0553,19.660586,0.347479,-0.403524,4.7176624,7/10/2015,1.483,5947,881.386,12.406,12.066
Kepler-12,b,Transit,GO,7849,4,4,Flight Ready,LRS,X,SLITLESSPRISM,FASTR1,596,X,X,13.33,Moran,12,19 04 58.4221 +50 02 25.27,12.066,881.39,5953,1.106,1.483,4.175,4.437963,0.055,89.26,0.432,1.695,4.26,0.13,1491.9,1.7,4.7,123.2,14.07,"Oct 10, 2025 - Oct 11, 2025 (2025.283 - 2025.284)",0.07,,,Kepler-12 b,Kepler-12 b,1,Kepler-12,137.30256,16.84499,-16.20933,0.11,0.02,-0.02,1480,b,4.4379629,0.0553,19.660586,0.347479,-0.403524,4.7176624,7/10/2015,1.483,5947,881.386,12.406,12.066
KELT-9,b,PhaseC,GO,7255,4,1,Flight Ready,SOSS,X,SUBSTRIP96,NISRAPID,3,X,X,27.24,Stevenson,12,20 31 26.3534 +39 56 19.77,7.482,204.46,10170,2.52,2.362,4.093,1.4811187,0.035,86.79,2.66,1.815,22.9,0.68,4050.7,0.7,4,216.71,232.28,"Nov 5, 2026 - Nov 5, 2026 (2026.309 - 2026.309)",-0.03,,,KELT-9 b,KELT-9 b,1,KELT-9,915.3504,266.9772,-266.9772,0.53,0.15,-0.15,4050,b,1.4811235,0.03462,21.196219,0.683749,-0.594077,3.91584,2/6/2017,2.362,10170,204.455,7.458,7.482
TOI-674,b,Transit,GO,9095,4,4,Implementation,LRS,X,SLITLESSPRISM,FASTR1,87,X,X,4.78,Piaulet Ghorayeb,12,10 58 20.9850 -36 51 29.14,9.469,46.09,3514,0.42,0.42,4.81,1.9771642,0.025,87.21,0.074,0.469,9.56,1.09,694.5,1.4,1.1,291.62,3.46,"Jun 4, 2026 - Jun 4, 2026 (2026.155 - 2026.155)",0.17,,,TOI-674 b,TOI-674 b,1,TOI-674,23.6,3.3,-3.3,0.91,0.15,-0.15,635,b,1.977143,0.025,5.25,0.17,-0.17,1.1104153,12/7/2021,0.42,3514,46.0851,10.359,9.469
TOI-216,c,Transit,GO,7982,4,2,Implementation,SOSS,X,SUBSTRIP256,NISRAPID,14,X,X,14.17,Claringbold,12,04 55 55.2549 -63 15 36.31,10.218,177.94,5026,0.874,0.82,4.66,34.516414,0.207,89.83,0.595,0.933,19.35,1.11,482.4,1.8,4.7,36.99,0.09,"Dec 29, 2026 - Dec 29, 2026 (2026.363 - 2026.363)",0.32,,,TOI-216 c,,,,,,,,,,,,,,,,,,,,,,,
TOI-674,b,Transit,GO,9095,4,3,Implementation,BOTS,G395H,SUB2048,NRSRAPID,32,X,X,4.67,Piaulet Ghorayeb,12,10 58 20.9850 -36 51 29.14,9.469,46.09,3514,0.42,0.42,4.81,1.9771642,0.025,87.21,0.074,0.469,9.56,1.09,694.5,1.4,1.1,291.62,3.46,"May 17, 2026 - May 17, 2026 (2026.137 - 2026.137)",0.17,,,TOI-674 b,TOI-674 b,1,TOI-674,23.6,3.3,-3.3,0.91,0.15,-0.15,635,b,1.977143,0.025,5.25,0.17,-0.17,1.1104153,12/7/2021,0.42,3514,46.0851,10.359,9.469
LHS 1478,b,Eclipse,GO,7675,4,2,Implementation,LRS,X,SLITLESSPRISM,FASTR1,32,X,X,5.57,August,12,02 57 21.4288 +76 33 4.86,8.767,18.23,3397.5,0.236,0.253,4.921,1.9495391,0.018,87.45,0.007,0.118,15.04,6.85,606.3,0.2,0.8,25.46,0.35,"Dec 23, 2025 - Dec 24, 2025 (2025.357 - 2025.358)",-0.13,,,LHS 1478 b,LHS 1478 b,1,LHS 1478,2.33,0.2,-0.2,6.67,1.03,-0.89,595,b,1.9495378,0.01848,1.242,0.051,-0.049,0.705,23/4/2021,0.246,3381,18.2276,9.615,8.767
TOI-2431,b,PhaseC,GO,8864,4,4,Implementation,LRS,X,SLITLESSPRISM,FASTR1,10,X,X,13.51,Dang,12,02 31 3.2802 +08 22 55.18,-1,-1,-1,-1,-1,-1,-1,-1,-1,-1,-1,-1,-1,-1,-1,-1,-1,-1,"Aug 5, 2026 - Aug 5, 2026 (2026.217 - 2026.217)",-999,,,TOI-2431 b,,,,,,,,,,,,,,,,,,,,,,,
LP 890-9,c,Transit,GO,7073,4,68,Flight Ready,BOTS,PRISM,SUB512,NRSRAPID,5,X,X,5.58,Lustig-Yaeger,0,04 16 31.1618 -28 18 52.95,11.344,32.43,2850,0.118,0.156,5.126,8.457463,0.04,89.29,0.08,0.122,151.7,66.55,271.6,0.7,1,0.95,0,"Aug 10, 2026 - Aug 10, 2026 (2026.222 - 2026.222)",-0.03,,,LP 890-9 c,LP 890-9 c,1,LP 890-9,25.3,,,,,,272,c,8.457463,0.03984,1.367,0.055,-0.039,0.9593,14/9/2022,0.1556,2850,32.4298,12.258,11.344
LP 890-9,b,Transit,GO,7073,4,43,Flight Ready,BOTS,PRISM,SUB512,NRSRAPID,5,X,X,5.45,Lustig-Yaeger,0,04 16 31.1618 -28 18 52.95,11.344,32.43,2868.5,0.118,0.156,5.143,2.7299037,0.019,89.67,0.042,0.119,82.9,37.22,398.4,0.7,0.8,2.49,0.01,"Sep 17, 2025 - Sep 17, 2025 (2025.260 - 2025.260)",-0.03,,,LP 890-9 b,LP 890-9 b,1,LP 890-9,13.2,,,,,,396,b,2.7299025,0.01875,1.32,0.053,-0.027,0.8457,14/9/2022,0.1556,2850,32.4298,12.258,11.344
LP 890-9,b,Transit,GO,7073,4,46,Flight Ready,BOTS,PRISM,SUB512,NRSRAPID,5,X,X,5.45,Lustig-Yaeger,0,04 16 31.1618 -28 18 52.95,11.344,32.43,2868.5,0.118,0.156,5.143,2.7299037,0.019,89.67,0.042,0.119,82.9,37.22,398.4,0.7,0.8,2.49,0.01,"Sep 11, 2025 - Sep 11, 2025 (2025.254 - 2025.254)",-0.03,,,LP 890-9 b,LP 890-9 b,1,LP 890-9,13.2,,,,,,396,b,2.7299025,0.01875,1.32,0.053,-0.027,0.8457,14/9/2022,0.1556,2850,32.4298,12.258,11.344
LP 890-9,b,Transit,GO,7073,4,48,Flight Ready,BOTS,PRISM,SUB512,NRSRAPID,5,X,X,5.45,Lustig-Yaeger,0,04 16 31.1618 -28 18 52.95,11.344,32.43,2868.5,0.118,0.156,5.143,2.7299037,0.019,89.67,0.042,0.119,82.9,37.22,398.4,0.7,0.8,2.49,0.01,"Sep 25, 2025 - Sep 25, 2025 (2025.268 - 2025.268)",-0.03,,,LP 890-9 b,LP 890-9 b,1,LP 890-9,13.2,,,,,,396,b,2.7299025,0.01875,1.32,0.053,-0.027,0.8457,14/9/2022,0.1556,2850,32.4298,12.258,11.344
LP 890-9,b,Transit,GO,7073,4,41,Flight Ready,BOTS,PRISM,SUB512,NRSRAPID,5,X,X,5.45,Lustig-Yaeger,0,04 16 31.1618 -28 18 52.95,11.344,32.43,2868.5,0.118,0.156,5.143,2.7299037,0.019,89.67,0.042,0.119,82.9,37.22,398.4,0.7,0.8,2.49,0.01,"Sep 14, 2025 - Sep 14, 2025 (2025.257 - 2025.257)",-0.03,,,LP 890-9 b,LP 890-9 b,1,LP 890-9,13.2,,,,,,396,b,2.7299025,0.01875,1.32,0.053,-0.027,0.8457,14/9/2022,0.1556,2850,32.4298,12.258,11.344
LHS 3844,b,Eclipse,GO,7953,4,2,Flight Ready,LRS,X,SLITLESSPRISM,FASTR1,30,X,X,4.59,Paragas,12,22 41 59.1203 -69 10 19.95,9.145,14.88,3036,0.151,0.189,5.06,0.4629294,0.006,88.5,-1,0.119,-1,-1,807,0.4,0.5,-1,4.03,"Sep 29, 2025 - Sep 29, 2025 (2025.272 - 2025.272)",-999,,,LHS 3844 b,LHS 3844 b,1,LHS 3844,,,,,,,805,b,0.46292913,0.00622,1.303,0.022,-0.022,0.5212,22/1/2019,0.189,3036,14.8846,10.046,9.145001
LHS 3844,b,Eclipse,GO,7953,4,5,Flight Ready,LRS,X,SLITLESSPRISM,FASTR1,30,X,X,4.59,Paragas,12,22 41 59.1203 -69 10 19.95,9.145,14.88,3036,0.151,0.189,5.06,0.4629294,0.006,88.5,-1,0.119,-1,-1,807,0.4,0.5,-1,4.03,"Oct 1, 2025 - Oct 1, 2025 (2025.274 - 2025.274)",-999,,,LHS 3844 b,LHS 3844 b,1,LHS 3844,,,,,,,805,b,0.46292913,0.00622,1.303,0.022,-0.022,0.5212,22/1/2019,0.189,3036,14.8846,10.046,9.145001
TOI-431,b,PhaseC,GO,8864,4,3,Implementation,LRS,X,SLITLESSPRISM,FASTR1,5,X,X,21.98,Dang,12,05 33 4.6005 -26 43 28.27,6.723,32.57,4850,0.78,0.731,4.6,0.490052,0.011,84.3,0.01,0.123,18.14,7.9,1881,0,1,21.04,9.33,"Mar 7, 2026 - Mar 7, 2026 (2026.066 - 2026.066)",0.2,,,TOI-431 b,TOI-431 b,1,TOI-431,3.07,0.35,-0.35,8,1,-1,1862,b,0.490047,0.0113,1.28,0.04,-0.04,1.0123328,16/8/2021,0.731,4850,32.5686,7.305,6.723
TOI-431,d,Transit,GO,8004,4,1,Flight Ready,BOTS,G395H,SUB2048,NRSRAPID,3,X,X,10.57,Batalha,12,05 33 4.6005 -26 43 28.27,6.723,32.57,4850,0.78,0.731,4.6,12.4610213,0.098,89.7,0.031,0.293,10.28,1.88,638.7,0.2,3.3,202.71,0.53,"Oct 5, 2026 - Oct 5, 2026 (2026.278 - 2026.278)",0.2,,,TOI-431 d,TOI-431 d,1,TOI-431,9.9,1.53,-1.49,1.36,0.25,-0.25,633,d,12.46103,0.098,3.29,0.09,-0.09,3.3195777,16/8/2021,0.731,4850,32.5686,7.305,6.723
TOI-431,d,Transit,GO,8004,4,2,Flight Ready,BOTS,G395H,SUB2048,NRSRAPID,3,X,X,10.57,Batalha,12,05 33 4.6005 -26 43 28.27,6.723,32.57,4850,0.78,0.731,4.6,12.4610213,0.098,89.7,0.031,0.293,10.28,1.88,638.7,0.2,3.3,202.71,0.53,"Jan 29, 2026 - Jan 29, 2026 (2026.029 - 2026.029)",0.2,,,TOI-431 d,TOI-431 d,1,TOI-431,9.9,1.53,-1.49,1.36,0.25,-0.25,633,d,12.46103,0.098,3.29,0.09,-0.09,3.3195777,16/8/2021,0.731,4850,32.5686,7.305,6.723
LHS 3844,b,Eclipse,GO,7953,4,4,Flight Ready,LRS,X,SLITLESSPRISM,FASTR1,30,X,X,4.59,Paragas,12,22 41 59.1203 -69 10 19.95,9.145,14.88,3036,0.151,0.189,5.06,0.4629294,0.006,88.5,-1,0.119,-1,-1,807,0.4,0.5,-1,4.03,"Sep 30, 2025 - Sep 30, 2025 (2025.273 - 2025.273)",-999,,,LHS 3844 b,LHS 3844 b,1,LHS 3844,,,,,,,805,b,0.46292913,0.00622,1.303,0.022,-0.022,0.5212,22/1/2019,0.189,3036,14.8846,10.046,9.145001
LHS 3844,b,Eclipse,GO,7953,4,7,Flight Ready,LRS,X,SLITLESSPRISM,FASTR1,30,X,X,4.59,Paragas,12,22 41 59.1203 -69 10 19.95,9.145,14.88,3036,0.151,0.189,5.06,0.4629294,0.006,88.5,-1,0.119,-1,-1,807,0.4,0.5,-1,4.03,"Oct 2, 2025 - Oct 2, 2025 (2025.275 - 2025.275)",-999,,,LHS 3844 b,LHS 3844 b,1,LHS 3844,,,,,,,805,b,0.46292913,0.00622,1.303,0.022,-0.022,0.5212,22/1/2019,0.189,3036,14.8846,10.046,9.145001
TOI-5205,b,Eclipse,GO,7683,4,1,Implementation,LRS,X,SLITLESSPRISM,FASTR1,252,X,X,11.2,Kanodia,12,20 55 4.9164 +24 21 38.71,11.006,86.45,3346,0.392,0.397,4.835,1.6307046,0.02,88.21,1.08,1.011,29.97,1.59,720.7,6.8,1.3,114.6,12.19,"Nov 18, 2026 - Nov 19, 2026 (2026.322 - 2026.323)",0,,,TOI-5205 b,TOI-5205 b,1,TOI-5205,343,18,-17,1.21,0.11,-0.11,737,b,1.630757,0.0199,11.6,0.3,-0.3,1.4,15/3/2023,0.394,3430,86.4493,11.926,11.006
LHS 3844,b,Eclipse,GO,7953,4,8,Flight Ready,LRS,X,SLITLESSPRISM,FASTR1,30,X,X,4.59,Paragas,12,22 41 59.1203 -69 10 19.95,9.145,14.88,3036,0.151,0.189,5.06,0.4629294,0.006,88.5,-1,0.119,-1,-1,807,0.4,0.5,-1,4.03,"Oct 3, 2025 - Oct 3, 2025 (2025.276 - 2025.276)",-999,,,LHS 3844 b,LHS 3844 b,1,LHS 3844,,,,,,,805,b,0.46292913,0.00622,1.303,0.022,-0.022,0.5212,22/1/2019,0.189,3036,14.8846,10.046,9.145001
TOI-5205,b,Eclipse,GO,7683,4,2,Implementation,LRS,X,SLITLESSPRISM,FASTR1,252,X,X,11.2,Kanodia,12,20 55 4.9164 +24 21 38.71,11.006,86.45,3346,0.392,0.397,4.835,1.6307046,0.02,88.21,1.08,1.011,29.97,1.59,720.7,6.8,1.3,114.6,12.19,"Oct 18, 2026 - Oct 19, 2026 (2026.291 - 2026.292)",0,,,TOI-5205 b,TOI-5205 b,1,TOI-5205,343,18,-17,1.21,0.11,-0.11,737,b,1.630757,0.0199,11.6,0.3,-0.3,1.4,15/3/2023,0.394,3430,86.4493,11.926,11.006
LHS 3844,b,Eclipse,GO,7953,4,1,Flight Ready,LRS,X,SLITLESSPRISM,FASTR1,30,X,X,4.59,Paragas,12,22 41 59.1203 -69 10 19.95,9.145,14.88,3036,0.151,0.189,5.06,0.4629294,0.006,88.5,-1,0.119,-1,-1,807,0.4,0.5,-1,4.03,"Oct 10, 2025 - Oct 10, 2025 (2025.283 - 2025.283)",-999,,,LHS 3844 b,LHS 3844 b,1,LHS 3844,,,,,,,805,b,0.46292913,0.00622,1.303,0.022,-0.022,0.5212,22/1/2019,0.189,3036,14.8846,10.046,9.145001
LHS 3844,b,Eclipse,GO,7953,4,9,Flight Ready,BOTS,G395H,SUB2048,NRSRAPID,15,X,X,4.63,Paragas,12,22 41 59.1203 -69 10 19.95,9.145,14.88,3036,0.151,0.189,5.06,0.4629294,0.006,88.5,-1,0.119,-1,-1,807,0.4,0.5,-1,4.03,"Oct 4, 2025 - Oct 4, 2025 (2025.277 - 2025.277)",-999,,,LHS 3844 b,LHS 3844 b,1,LHS 3844,,,,,,,805,b,0.46292913,0.00622,1.303,0.022,-0.022,0.5212,22/1/2019,0.189,3036,14.8846,10.046,9.145001
LHS 1478,b,Eclipse,GO,7675,4,7,Implementation,F1500W,X,SUB256,FASTR1,39,X,X,5.33,August,12,02 57 21.4288 +76 33 4.86,8.767,18.23,3397.5,0.236,0.253,4.921,1.9495391,0.018,87.45,0.007,0.118,15.04,6.85,606.3,0.2,0.8,25.46,0.35,"Dec 5, 2026 - Dec 6, 2026 (2026.339 - 2026.340)",-0.13,,,LHS 1478 b,LHS 1478 b,1,LHS 1478,2.33,0.2,-0.2,6.67,1.03,-0.89,595,b,1.9495378,0.01848,1.242,0.051,-0.049,0.705,23/4/2021,0.246,3381,18.2276,9.615,8.767
TOI-6255,b,PhaseC,GO,8864,4,5,Implementation,LRS,X,SLITLESSPRISM,FASTR1,13,X,X,13.56,Dang,12,22 06 0.6662 +39 18 2.90,8.071,20.32,3422,0.353,0.37,4.853,0.2381824,0.005,74.4,0.005,0.091,15.5,9.11,1375.9,0,0.5,28.08,7.85,"Sep 11, 2026 - Sep 11, 2026 (2026.254 - 2026.254)",-0.14,,,TOI-6255 b,TOI-6255 b,1,TOI-6255,1.44,0.14,-0.14,,,,1256.46,b,0.23818244,,1.079,0.065,-0.065,0.4763536,16/8/2024,0.37,3421,20.3167,8.912,8.071
WD 1856+534,b,Transit,GO,9033,4,4,Flight Ready,BOTS,PRISM,SUB512,NRSRAPID,105,X,X,3.38,MacDonald,12,18 57 39.3437 +53 30 33.30,15.548,24.74,5245,0.518,0.013,6.176,1.4079387,0.02,88.78,13.8,0.928,454.37,26.2,202.7,52.6,0.2,221.31,0,"Sep 26, 2025 - Sep 26, 2025 (2025.269 - 2025.269)",-999,,,WD 1856+534 b,WD 1856+534 b,1,WD 1856+534,4386.054,,,,,,163,b,1.4079405,0.0204,10.4,1,-1,0.1333,10/12/2020,0.0131,4710,24.7359,15.677,15.548