CENTRALWAVELNG,BANDWIDTH,PL_TRANDEP,PL_TRANDEPERR1,PL_TRANDEPERR2,PL_TRANDEP_AUTHORS,PL_RATROR,PL_RATRORERR1,PL_RATRORERR2,PL_RATROR_AUTHORS,PL_RADJ,PL_RADJERR1,PL_RADJERR2,PL_RADJ_AUTHORS,PL_TRANMID,PL_TRANMIDERR1,PL_TRANMIDERR2,ST_RAD,ST_RADERR1,ST_RADERR2,ST_RAD_AUTHORS
0.85227,0.00177,0.26209,0.02236,-0.02236,Madhusudhan et al. 2023,0.05119,0.00214,-0.00223,Calculated,0.2048,0.0208,-0.0208,Calculated,,,,0.411,0.038,-0.038,Sarkis et al. 2018
0.85404,0.00177,0.28409,0.02241,-0.02241,Madhusudhan et al. 2023,0.0533,0.00206,-0.00215,Calculated,0.2132,0.0214,-0.0214,Calculated,,,,0.411,0.038,-0.038,Sarkis et al. 2018
0.85581,0.00177,0.30457,0.02284,-0.02284,Madhusudhan et al. 2023,0.05519,0.00203,-0.00211,Calculated,0.2207,0.022,-0.022,Calculated,,,,0.411,0.038,-0.038,Sarkis et al. 2018
0.85758,0.00177,0.27158,0.02101,-0.02101,Madhusudhan et al. 2023,0.05211,0.00198,-0.00206,Calculated,0.2084,0.0209,-0.0209,Calculated,,,,0.411,0.038,-0.038,Sarkis et al. 2018
0.85935,0.00177,0.33272,0.01954,-0.01954,Madhusudhan et al. 2023,0.05768,0.00167,-0.00172,Calculated,0.2307,0.0224,-0.0224,Calculated,,,,0.411,0.038,-0.038,Sarkis et al. 2018
0.86112,0.00177,0.29445,0.0208,-0.0208,Madhusudhan et al. 2023,0.05426,0.00188,-0.00195,Calculated,0.217,0.0215,-0.0215,Calculated,,,,0.411,0.038,-0.038,Sarkis et al. 2018
0.86289,0.00177,0.31736,0.01981,-0.01981,Madhusudhan et al. 2023,0.05634,0.00173,-0.00179,Calculated,0.2253,0.022,-0.022,Calculated,,,,0.411,0.038,-0.038,Sarkis et al. 2018
0.86467,0.00177,0.2819,0.02081,-0.02081,Madhusudhan et al. 2023,0.05309,0.00192,-0.002,Calculated,0.2124,0.0211,-0.0211,Calculated,,,,0.411,0.038,-0.038,Sarkis et al. 2018
0.86644,0.00178,0.30821,0.02058,-0.02058,Madhusudhan et al. 2023,0.05552,0.00182,-0.00189,Calculated,0.222,0.0218,-0.0218,Calculated,,,,0.411,0.038,-0.038,Sarkis et al. 2018
0.86822,0.00178,0.29527,0.02045,-0.02045,Madhusudhan et al. 2023,0.05434,0.00185,-0.00192,Calculated,0.2173,0.0215,-0.0215,Calculated,,,,0.411,0.038,-0.038,Sarkis et al. 2018
0.86999,0.00178,0.27157,0.01971,-0.01971,Madhusudhan et al. 2023,0.05211,0.00186,-0.00193,Calculated,0.2084,0.0207,-0.0207,Calculated,,,,0.411,0.038,-0.038,Sarkis et al. 2018
0.87177,0.00178,0.30982,0.01952,-0.01952,Madhusudhan et al. 2023,0.05566,0.00173,-0.00178,Calculated,0.2226,0.0217,-0.0217,Calculated,,,,0.411,0.038,-0.038,Sarkis et al. 2018
0.87355,0.00178,0.28588,0.01847,-0.01847,Madhusudhan et al. 2023,0.05347,0.0017,-0.00176,Calculated,0.2138,0.0209,-0.0209,Calculated,,,,0.411,0.038,-0.038,Sarkis et al. 2018
0.87533,0.00178,0.29051,0.0194,-0.0194,Madhusudhan et al. 2023,0.0539,0.00177,-0.00183,Calculated,0.2156,0.0212,-0.0212,Calculated,,,,0.411,0.038,-0.038,Sarkis et al. 2018
0.87711,0.00178,0.291,0.01844,-0.01844,Madhusudhan et al. 2023,0.05394,0.00168,-0.00174,Calculated,0.2158,0.0211,-0.0211,Calculated,,,,0.411,0.038,-0.038,Sarkis et al. 2018
0.87889,0.00178,0.28665,0.01902,-0.01902,Madhusudhan et al. 2023,0.05354,0.00175,-0.00181,Calculated,0.2141,0.021,-0.021,Calculated,,,,0.411,0.038,-0.038,Sarkis et al. 2018
0.88067,0.00178,0.29756,0.01924,-0.01924,Madhusudhan et al. 2023,0.05455,0.00174,-0.00179,Calculated,0.2182,0.0214,-0.0214,Calculated,,,,0.411,0.038,-0.038,Sarkis et al. 2018
0.88246,0.00178,0.30334,0.01815,-0.01815,Madhusudhan et al. 2023,0.05508,0.00162,-0.00167,Calculated,0.2203,0.0214,-0.0214,Calculated,,,,0.411,0.038,-0.038,Sarkis et al. 2018
0.88424,0.00178,0.31162,0.01811,-0.01811,Madhusudhan et al. 2023,0.05582,0.0016,-0.00165,Calculated,0.2233,0.0216,-0.0216,Calculated,,,,0.411,0.038,-0.038,Sarkis et al. 2018
0.88603,0.00179,0.28657,0.01775,-0.01775,Madhusudhan et al. 2023,0.05353,0.00163,-0.00168,Calculated,0.2141,0.0209,-0.0209,Calculated,,,,0.411,0.038,-0.038,Sarkis et al. 2018
0.88781,0.00179,0.32576,0.01908,-0.01908,Madhusudhan et al. 2023,0.05707,0.00165,-0.0017,Calculated,0.2283,0.0221,-0.0221,Calculated,,,,0.411,0.038,-0.038,Sarkis et al. 2018
0.8896,0.00179,0.2966,0.01862,-0.01862,Madhusudhan et al. 2023,0.05446,0.00168,-0.00174,Calculated,0.2178,0.0213,-0.0213,Calculated,,,,0.411,0.038,-0.038,Sarkis et al. 2018
0.89139,0.00179,0.30659,0.01928,-0.01928,Madhusudhan et al. 2023,0.05537,0.00171,-0.00177,Calculated,0.2215,0.0216,-0.0216,Calculated,,,,0.411,0.038,-0.038,Sarkis et al. 2018
0.89318,0.00179,0.27559,0.01805,-0.01805,Madhusudhan et al. 2023,0.0525,0.00169,-0.00175,Calculated,0.21,0.0206,-0.0206,Calculated,,,,0.411,0.038,-0.038,Sarkis et al. 2018
0.89497,0.00179,0.28694,0.01897,-0.01897,Madhusudhan et al. 2023,0.05357,0.00174,-0.0018,Calculated,0.2142,0.021,-0.021,Calculated,,,,0.411,0.038,-0.038,Sarkis et al. 2018
0.89676,0.00179,0.31389,0.01756,-0.01756,Madhusudhan et al. 2023,0.05603,0.00155,-0.00159,Calculated,0.2241,0.0216,-0.0216,Calculated,,,,0.411,0.038,-0.038,Sarkis et al. 2018
0.89855,0.00179,0.3144,0.01741,-0.01741,Madhusudhan et al. 2023,0.05607,0.00153,-0.00157,Calculated,0.2243,0.0216,-0.0216,Calculated,,,,0.411,0.038,-0.038,Sarkis et al. 2018
0.90034,0.00179,0.30201,0.01845,-0.01845,Madhusudhan et al. 2023,0.05496,0.00165,-0.00171,Calculated,0.2198,0.0214,-0.0214,Calculated,,,,0.411,0.038,-0.038,Sarkis et al. 2018
0.90213,0.00179,0.30308,0.01727,-0.01727,Madhusudhan et al. 2023,0.05505,0.00155,-0.00159,Calculated,0.2202,0.0213,-0.0213,Calculated,,,,0.411,0.038,-0.038,Sarkis et al. 2018
0.90393,0.00179,0.27929,0.01792,-0.01792,Madhusudhan et al. 2023,0.05285,0.00167,-0.00172,Calculated,0.2114,0.0207,-0.0207,Calculated,,,,0.411,0.038,-0.038,Sarkis et al. 2018
0.90572,0.0018,0.30317,0.01687,-0.01687,Madhusudhan et al. 2023,0.05506,0.00151,-0.00155,Calculated,0.2202,0.0213,-0.0213,Calculated,,,,0.411,0.038,-0.038,Sarkis et al. 2018
0.90752,0.0018,0.31515,0.01692,-0.01692,Madhusudhan et al. 2023,0.05614,0.00149,-0.00153,Calculated,0.2245,0.0216,-0.0216,Calculated,,,,0.411,0.038,-0.038,Sarkis et al. 2018
0.90931,0.0018,0.28286,0.01658,-0.01658,Madhusudhan et al. 2023,0.05318,0.00154,-0.00158,Calculated,0.2127,0.0206,-0.0206,Calculated,,,,0.411,0.038,-0.038,Sarkis et al. 2018
0.91111,0.0018,0.28225,0.01715,-0.01715,Madhusudhan et al. 2023,0.05313,0.00159,-0.00164,Calculated,0.2125,0.0207,-0.0207,Calculated,,,,0.411,0.038,-0.038,Sarkis et al. 2018
0.91291,0.0018,0.30554,0.01713,-0.01713,Madhusudhan et al. 2023,0.05528,0.00153,-0.00157,Calculated,0.2211,0.0214,-0.0214,Calculated,,,,0.411,0.038,-0.038,Sarkis et al. 2018
0.91471,0.0018,0.3052,0.01664,-0.01664,Madhusudhan et al. 2023,0.05525,0.00149,-0.00153,Calculated,0.221,0.0213,-0.0213,Calculated,,,,0.411,0.038,-0.038,Sarkis et al. 2018
0.91651,0.0018,0.30973,0.01496,-0.01496,Madhusudhan et al. 2023,0.05565,0.00133,-0.00136,Calculated,0.2226,0.0213,-0.0213,Calculated,,,,0.411,0.038,-0.038,Sarkis et al. 2018
0.91831,0.0018,0.29565,0.01526,-0.01526,Madhusudhan et al. 2023,0.05437,0.00139,-0.00142,Calculated,0.2175,0.0209,-0.0209,Calculated,,,,0.411,0.038,-0.038,Sarkis et al. 2018
0.92011,0.0018,0.2794,0.01668,-0.01668,Madhusudhan et al. 2023,0.05286,0.00155,-0.0016,Calculated,0.2114,0.0205,-0.0205,Calculated,,,,0.411,0.038,-0.038,Sarkis et al. 2018
0.92191,0.0018,0.2898,0.01489,-0.01489,Madhusudhan et al. 2023,0.05383,0.00137,-0.0014,Calculated,0.2153,0.0207,-0.0207,Calculated,,,,0.411,0.038,-0.038,Sarkis et al. 2018
0.92372,0.0018,0.31605,0.01576,-0.01576,Madhusudhan et al. 2023,0.05622,0.00138,-0.00142,Calculated,0.2248,0.0215,-0.0215,Calculated,,,,0.411,0.038,-0.038,Sarkis et al. 2018
0.92552,0.0018,0.30172,0.01555,-0.01555,Madhusudhan et al. 2023,0.05493,0.0014,-0.00143,Calculated,0.2197,0.0211,-0.0211,Calculated,,,,0.411,0.038,-0.038,Sarkis et al. 2018
0.92733,0.00181,0.25722,0.01663,-0.01663,Madhusudhan et al. 2023,0.05072,0.00161,-0.00167,Calculated,0.2028,0.0199,-0.0199,Calculated,,,,0.411,0.038,-0.038,Sarkis et al. 2018
0.92913,0.00181,0.28232,0.0159,-0.0159,Madhusudhan et al. 2023,0.05313,0.00148,-0.00152,Calculated,0.2125,0.0205,-0.0205,Calculated,,,,0.411,0.038,-0.038,Sarkis et al. 2018
0.93094,0.00181,0.28577,0.01569,-0.01569,Madhusudhan et al. 2023,0.05346,0.00145,-0.00149,Calculated,0.2138,0.0206,-0.0206,Calculated,,,,0.411,0.038,-0.038,Sarkis et al. 2018
0.93275,0.00181,0.31445,0.01554,-0.01554,Madhusudhan et al. 2023,0.05608,0.00137,-0.0014,Calculated,0.2243,0.0215,-0.0215,Calculated,,,,0.411,0.038,-0.038,Sarkis et al. 2018
0.93456,0.00181,0.28173,0.01543,-0.01543,Madhusudhan et al. 2023,0.05308,0.00143,-0.00147,Calculated,0.2123,0.0205,-0.0205,Calculated,,,,0.411,0.038,-0.038,Sarkis et al. 2018
0.93636,0.00181,0.26668,0.0153,-0.0153,Madhusudhan et al. 2023,0.05164,0.00146,-0.0015,Calculated,0.2065,0.02,-0.02,Calculated,,,,0.411,0.038,-0.038,Sarkis et al. 2018
0.93817,0.00181,0.30289,0.01584,-0.01584,Madhusudhan et al. 2023,0.05504,0.00142,-0.00146,Calculated,0.2201,0.0211,-0.0211,Calculated,,,,0.411,0.038,-0.038,Sarkis et al. 2018
0.93999,0.00181,0.27519,0.01604,-0.01604,Madhusudhan et al. 2023,0.05246,0.00151,-0.00155,Calculated,0.2098,0.0203,-0.0203,Calculated,,,,0.411,0.038,-0.038,Sarkis et al. 2018
0.9418,0.00181,0.28095,0.01596,-0.01596,Madhusudhan et al. 2023,0.053,0.00148,-0.00153,Calculated,0.212,0.0205,-0.0205,Calculated,,,,0.411,0.038,-0.038,Sarkis et al. 2018
0.94361,0.00181,0.26562,0.01524,-0.01524,Madhusudhan et al. 2023,0.05154,0.00146,-0.0015,Calculated,0.2061,0.02,-0.02,Calculated,,,,0.411,0.038,-0.038,Sarkis et al. 2018
0.94542,0.00181,0.30311,0.01546,-0.01546,Madhusudhan et al. 2023,0.05506,0.00139,-0.00142,Calculated,0.2202,0.0211,-0.0211,Calculated,,,,0.411,0.038,-0.038,Sarkis et al. 2018
0.94724,0.00181,0.25921,0.01521,-0.01521,Madhusudhan et al. 2023,0.05091,0.00147,-0.00152,Calculated,0.2036,0.0198,-0.0198,Calculated,,,,0.411,0.038,-0.038,Sarkis et al. 2018
0.94905,0.00182,0.29357,0.01487,-0.01487,Madhusudhan et al. 2023,0.05418,0.00136,-0.00139,Calculated,0.2167,0.0208,-0.0208,Calculated,,,,0.411,0.038,-0.038,Sarkis et al. 2018
0.95087,0.00182,0.28208,0.01378,-0.01378,Madhusudhan et al. 2023,0.05311,0.00128,-0.00131,Calculated,0.2124,0.0203,-0.0203,Calculated,,,,0.411,0.038,-0.038,Sarkis et al. 2018
0.95268,0.00182,0.2911,0.01606,-0.01606,Madhusudhan et al. 2023,0.05395,0.00147,-0.00151,Calculated,0.2158,0.0208,-0.0208,Calculated,,,,0.411,0.038,-0.038,Sarkis et al. 2018
0.9545,0.00182,0.30071,0.01484,-0.01484,Madhusudhan et al. 2023,0.05484,0.00134,-0.00137,Calculated,0.2193,0.021,-0.021,Calculated,,,,0.411,0.038,-0.038,Sarkis et al. 2018
0.95632,0.00182,0.28514,0.01345,-0.01345,Madhusudhan et al. 2023,0.0534,0.00124,-0.00127,Calculated,0.2136,0.0204,-0.0204,Calculated,,,,0.411,0.038,-0.038,Sarkis et al. 2018
0.95814,0.00182,0.27627,0.01444,-0.01444,Madhusudhan et al. 2023,0.05256,0.00136,-0.00139,Calculated,0.2102,0.0202,-0.0202,Calculated,,,,0.411,0.038,-0.038,Sarkis et al. 2018
0.95996,0.00182,0.28139,0.01326,-0.01326,Madhusudhan et al. 2023,0.05305,0.00124,-0.00126,Calculated,0.2122,0.0202,-0.0202,Calculated,,,,0.411,0.038,-0.038,Sarkis et al. 2018
0.96178,0.00182,0.28387,0.01404,-0.01404,Madhusudhan et al. 2023,0.05328,0.0013,-0.00133,Calculated,0.2131,0.0204,-0.0204,Calculated,,,,0.411,0.038,-0.038,Sarkis et al. 2018
0.9636,0.00182,0.29727,0.01453,-0.01453,Madhusudhan et al. 2023,0.05452,0.00132,-0.00135,Calculated,0.2181,0.0209,-0.0209,Calculated,,,,0.411,0.038,-0.038,Sarkis et al. 2018
0.96542,0.00182,0.27545,0.01443,-0.01443,Madhusudhan et al. 2023,0.05248,0.00136,-0.00139,Calculated,0.2099,0.0202,-0.0202,Calculated,,,,0.411,0.038,-0.038,Sarkis et al. 2018
0.96725,0.00182,0.28841,0.01442,-0.01442,Madhusudhan et al. 2023,0.0537,0.00133,-0.00136,Calculated,0.2148,0.0206,-0.0206,Calculated,,,,0.411,0.038,-0.038,Sarkis et al. 2018
0.96907,0.00182,0.26823,0.01476,-0.01476,Madhusudhan et al. 2023,0.05179,0.00141,-0.00145,Calculated,0.2071,0.02,-0.02,Calculated,,,,0.411,0.038,-0.038,Sarkis et al. 2018
0.97089,0.00182,0.29005,0.01447,-0.01447,Madhusudhan et al. 2023,0.05386,0.00133,-0.00136,Calculated,0.2154,0.0206,-0.0206,Calculated,,,,0.411,0.038,-0.038,Sarkis et al. 2018
0.97272,0.00183,0.28629,0.01377,-0.01377,Madhusudhan et al. 2023,0.05351,0.00127,-0.0013,Calculated,0.214,0.0204,-0.0204,Calculated,,,,0.411,0.038,-0.038,Sarkis et al. 2018
0.97454,0.00183,0.29528,0.01375,-0.01375,Madhusudhan et al. 2023,0.05434,0.00125,-0.00128,Calculated,0.2173,0.0207,-0.0207,Calculated,,,,0.411,0.038,-0.038,Sarkis et al. 2018
0.97637,0.00183,0.32279,0.01516,-0.01516,Madhusudhan et al. 2023,0.05681,0.00132,-0.00135,Calculated,0.2272,0.0217,-0.0217,Calculated,,,,0.411,0.038,-0.038,Sarkis et al. 2018
0.9782,0.00183,0.28526,0.01486,-0.01486,Madhusudhan et al. 2023,0.05341,0.00137,-0.00141,Calculated,0.2136,0.0205,-0.0205,Calculated,,,,0.411,0.038,-0.038,Sarkis et al. 2018
0.98003,0.00183,0.29857,0.01428,-0.01428,Madhusudhan et al. 2023,0.05464,0.00129,-0.00132,Calculated,0.2185,0.0209,-0.0209,Calculated,,,,0.411,0.038,-0.038,Sarkis et al. 2018
0.98186,0.00183,0.25685,0.0141,-0.0141,Madhusudhan et al. 2023,0.05068,0.00137,-0.00141,Calculated,0.2027,0.0195,-0.0195,Calculated,,,,0.411,0.038,-0.038,Sarkis et al. 2018
0.98369,0.00183,0.29397,0.01382,-0.01382,Madhusudhan et al. 2023,0.05422,0.00126,-0.00129,Calculated,0.2168,0.0207,-0.0207,Calculated,,,,0.411,0.038,-0.038,Sarkis et al. 2018
0.98552,0.00183,0.2592,0.01349,-0.01349,Madhusudhan et al. 2023,0.05091,0.00131,-0.00134,Calculated,0.2036,0.0196,-0.0196,Calculated,,,,0.411,0.038,-0.038,Sarkis et al. 2018
0.98735,0.00183,0.30043,0.01431,-0.01431,Madhusudhan et al. 2023,0.05481,0.00129,-0.00132,Calculated,0.2192,0.0209,-0.0209,Calculated,,,,0.411,0.038,-0.038,Sarkis et al. 2018
0.98918,0.00183,0.28889,0.01431,-0.01431,Madhusudhan et al. 2023,0.05375,0.00131,-0.00135,Calculated,0.215,0.0206,-0.0206,Calculated,,,,0.411,0.038,-0.038,Sarkis et al. 2018
0.99101,0.00183,0.30068,0.0142,-0.0142,Madhusudhan et al. 2023,0.05483,0.00128,-0.00131,Calculated,0.2193,0.0209,-0.0209,Calculated,,,,0.411,0.038,-0.038,Sarkis et al. 2018
0.99285,0.00183,0.27924,0.01356,-0.01356,Madhusudhan et al. 2023,0.05284,0.00127,-0.0013,Calculated,0.2113,0.0202,-0.0202,Calculated,,,,0.411,0.038,-0.038,Sarkis et al. 2018
0.99468,0.00183,0.30413,0.01371,-0.01371,Madhusudhan et al. 2023,0.05515,0.00123,-0.00126,Calculated,0.2206,0.021,-0.021,Calculated,,,,0.411,0.038,-0.038,Sarkis et al. 2018
0.99651,0.00184,0.27808,0.01447,-0.01447,Madhusudhan et al. 2023,0.05273,0.00135,-0.00139,Calculated,0.2109,0.0203,-0.0203,Calculated,,,,0.411,0.038,-0.038,Sarkis et al. 2018
0.99835,0.00184,0.28705,0.01407,-0.01407,Madhusudhan et al. 2023,0.05358,0.0013,-0.00133,Calculated,0.2143,0.0205,-0.0205,Calculated,,,,0.411,0.038,-0.038,Sarkis et al. 2018
1.00019,0.00184,0.29197,0.01391,-0.01391,Madhusudhan et al. 2023,0.05403,0.00127,-0.0013,Calculated,0.2161,0.0206,-0.0206,Calculated,,,,0.411,0.038,-0.038,Sarkis et al. 2018
1.00202,0.00184,0.29763,0.01406,-0.01406,Madhusudhan et al. 2023,0.05456,0.00127,-0.0013,Calculated,0.2182,0.0208,-0.0208,Calculated,,,,0.411,0.038,-0.038,Sarkis et al. 2018
1.00386,0.00184,0.31036,0.01343,-0.01343,Madhusudhan et al. 2023,0.05571,0.00119,-0.00122,Calculated,0.2228,0.0212,-0.0212,Calculated,,,,0.411,0.038,-0.038,Sarkis et al. 2018
1.0057,0.00184,0.30899,0.01353,-0.01353,Madhusudhan et al. 2023,0.05559,0.0012,-0.00123,Calculated,0.2223,0.0211,-0.0211,Calculated,,,,0.411,0.038,-0.038,Sarkis et al. 2018
1.00754,0.00184,0.29031,0.01335,-0.01335,Madhusudhan et al. 2023,0.05388,0.00122,-0.00125,Calculated,0.2155,0.0205,-0.0205,Calculated,,,,0.411,0.038,-0.038,Sarkis et al. 2018
1.00938,0.00184,0.29022,0.01405,-0.01405,Madhusudhan et al. 2023,0.05387,0.00129,-0.00132,Calculated,0.2155,0.0206,-0.0206,Calculated,,,,0.411,0.038,-0.038,Sarkis et al. 2018
1.01122,0.00184,0.31307,0.01331,-0.01331,Madhusudhan et al. 2023,0.05595,0.00118,-0.0012,Calculated,0.2238,0.0212,-0.0212,Calculated,,,,0.411,0.038,-0.038,Sarkis et al. 2018
1.01306,0.00184,0.2884,0.01299,-0.01299,Madhusudhan et al. 2023,0.0537,0.0012,-0.00122,Calculated,0.2148,0.0204,-0.0204,Calculated,,,,0.411,0.038,-0.038,Sarkis et al. 2018
1.0149,0.00184,0.30805,0.01332,-0.01332,Madhusudhan et al. 2023,0.0555,0.00119,-0.00121,Calculated,0.222,0.0211,-0.0211,Calculated,,,,0.411,0.038,-0.038,Sarkis et al. 2018
1.01675,0.00184,0.30674,0.01319,-0.01319,Madhusudhan et al. 2023,0.05538,0.00118,-0.0012,Calculated,0.2215,0.021,-0.021,Calculated,,,,0.411,0.038,-0.038,Sarkis et al. 2018
1.01859,0.00184,0.30471,0.01246,-0.01246,Madhusudhan et al. 2023,0.0552,0.00112,-0.00114,Calculated,0.2208,0.0209,-0.0209,Calculated,,,,0.411,0.038,-0.038,Sarkis et al. 2018
1.02043,0.00184,0.30519,0.01265,-0.01265,Madhusudhan et al. 2023,0.05524,0.00113,-0.00116,Calculated,0.2209,0.0209,-0.0209,Calculated,,,,0.411,0.038,-0.038,Sarkis et al. 2018
1.02228,0.00185,0.30513,0.01365,-0.01365,Madhusudhan et al. 2023,0.05524,0.00122,-0.00125,Calculated,0.2209,0.021,-0.021,Calculated,,,,0.411,0.038,-0.038,Sarkis et al. 2018
1.02412,0.00185,0.29929,0.01371,-0.01371,Madhusudhan et al. 2023,0.05471,0.00124,-0.00127,Calculated,0.2188,0.0208,-0.0208,Calculated,,,,0.411,0.038,-0.038,Sarkis et al. 2018
1.02597,0.00185,0.31098,0.01279,-0.01279,Madhusudhan et al. 2023,0.05577,0.00114,-0.00116,Calculated,0.223,0.0211,-0.0211,Calculated,,,,0.411,0.038,-0.038,Sarkis et al. 2018
1.02782,0.00185,0.2973,0.01339,-0.01339,Madhusudhan et al. 2023,0.05453,0.00121,-0.00124,Calculated,0.2181,0.0208,-0.0208,Calculated,,,,0.411,0.038,-0.038,Sarkis et al. 2018
1.02966,0.00185,0.27888,0.013,-0.013,Madhusudhan et al. 2023,0.05281,0.00122,-0.00125,Calculated,0.2112,0.0201,-0.0201,Calculated,,,,0.411,0.038,-0.038,Sarkis et al. 2018
1.03151,0.00185,0.28549,0.01354,-0.01354,Madhusudhan et al. 2023,0.05343,0.00125,-0.00128,Calculated,0.2137,0.0204,-0.0204,Calculated,,,,0.411,0.038,-0.038,Sarkis et al. 2018
1.03336,0.00185,0.29374,0.01265,-0.01265,Madhusudhan et al. 2023,0.0542,0.00115,-0.00118,Calculated,0.2168,0.0206,-0.0206,Calculated,,,,0.411,0.038,-0.038,Sarkis et al. 2018
1.03521,0.00185,0.283,0.01331,-0.01331,Madhusudhan et al. 2023,0.0532,0.00124,-0.00127,Calculated,0.2128,0.0203,-0.0203,Calculated,,,,0.411,0.038,-0.038,Sarkis et al. 2018
1.03706,0.00185,0.29032,0.0137,-0.0137,Madhusudhan et al. 2023,0.05388,0.00126,-0.00129,Calculated,0.2155,0.0206,-0.0206,Calculated,,,,0.411,0.038,-0.038,Sarkis et al. 2018
1.03891,0.00185,0.27607,0.01213,-0.01213,Madhusudhan et al. 2023,0.05254,0.00114,-0.00117,Calculated,0.2101,0.02,-0.02,Calculated,,,,0.411,0.038,-0.038,Sarkis et al. 2018
1.04076,0.00185,0.29601,0.01264,-0.01264,Madhusudhan et al. 2023,0.05441,0.00115,-0.00117,Calculated,0.2176,0.0206,-0.0206,Calculated,,,,0.411,0.038,-0.038,Sarkis et al. 2018
1.04262,0.00185,0.29811,0.01285,-0.01285,Madhusudhan et al. 2023,0.0546,0.00116,-0.00119,Calculated,0.2184,0.0207,-0.0207,Calculated,,,,0.411,0.038,-0.038,Sarkis et al. 2018
1.04447,0.00185,0.30146,0.0125,-0.0125,Madhusudhan et al. 2023,0.05491,0.00113,-0.00115,Calculated,0.2196,0.0208,-0.0208,Calculated,,,,0.411,0.038,-0.038,Sarkis et al. 2018
1.04632,0.00185,0.31175,0.01211,-0.01211,Madhusudhan et al. 2023,0.05583,0.00107,-0.00109,Calculated,0.2233,0.0211,-0.0211,Calculated,,,,0.411,0.038,-0.038,Sarkis et al. 2018
1.04818,0.00185,0.29496,0.0125,-0.0125,Madhusudhan et al. 2023,0.05431,0.00114,-0.00116,Calculated,0.2172,0.0206,-0.0206,Calculated,,,,0.411,0.038,-0.038,Sarkis et al. 2018
1.05003,0.00186,0.28935,0.01202,-0.01202,Madhusudhan et al. 2023,0.05379,0.00111,-0.00113,Calculated,0.2151,0.0204,-0.0204,Calculated,,,,0.411,0.038,-0.038,Sarkis et al. 2018
1.05189,0.00186,0.31137,0.01203,-0.01203,Madhusudhan et al. 2023,0.0558,0.00107,-0.00109,Calculated,0.2232,0.0211,-0.0211,Calculated,,,,0.411,0.038,-0.038,Sarkis et al. 2018
1.05374,0.00186,0.29366,0.01301,-0.01301,Madhusudhan et al. 2023,0.05419,0.00119,-0.00121,Calculated,0.2167,0.0206,-0.0206,Calculated,,,,0.411,0.038,-0.038,Sarkis et al. 2018
1.0556,0.00186,0.30739,0.0134,-0.0134,Madhusudhan et al. 2023,0.05544,0.0012,-0.00122,Calculated,0.2217,0.0211,-0.0211,Calculated,,,,0.411,0.038,-0.038,Sarkis et al. 2018
1.05746,0.00186,0.30575,0.01319,-0.01319,Madhusudhan et al. 2023,0.05529,0.00118,-0.00121,Calculated,0.2212,0.021,-0.021,Calculated,,,,0.411,0.038,-0.038,Sarkis et al. 2018
1.05932,0.00186,0.28547,0.01223,-0.01223,Madhusudhan et al. 2023,0.05343,0.00113,-0.00116,Calculated,0.2137,0.0203,-0.0203,Calculated,,,,0.411,0.038,-0.038,Sarkis et al. 2018
1.06118,0.00186,0.3043,0.01194,-0.01194,Madhusudhan et al. 2023,0.05516,0.00107,-0.00109,Calculated,0.2206,0.0209,-0.0209,Calculated,,,,0.411,0.038,-0.038,Sarkis et al. 2018
1.06304,0.00186,0.33014,0.01218,-0.01218,Madhusudhan et al. 2023,0.05746,0.00105,-0.00107,Calculated,0.2298,0.0217,-0.0217,Calculated,,,,0.411,0.038,-0.038,Sarkis et al. 2018
1.0649,0.00186,0.29649,0.01238,-0.01238,Madhusudhan et al. 2023,0.05445,0.00113,-0.00115,Calculated,0.2178,0.0206,-0.0206,Calculated,,,,0.411,0.038,-0.038,Sarkis et al. 2018
1.06676,0.00186,0.29663,0.01197,-0.01197,Madhusudhan et al. 2023,0.05446,0.00109,-0.00111,Calculated,0.2178,0.0206,-0.0206,Calculated,,,,0.411,0.038,-0.038,Sarkis et al. 2018
1.06862,0.00186,0.28146,0.01236,-0.01236,Madhusudhan et al. 2023,0.05305,0.00115,-0.00118,Calculated,0.2122,0.0202,-0.0202,Calculated,,,,0.411,0.038,-0.038,Sarkis et al. 2018
1.07048,0.00186,0.28374,0.01283,-0.01283,Madhusudhan et al. 2023,0.05327,0.00119,-0.00122,Calculated,0.213,0.0203,-0.0203,Calculated,,,,0.411,0.038,-0.038,Sarkis et al. 2018
1.07234,0.00186,0.31753,0.01124,-0.01124,Madhusudhan et al. 2023,0.05635,0.00099,-0.00101,Calculated,0.2254,0.0212,-0.0212,Calculated,,,,0.411,0.038,-0.038,Sarkis et al. 2018
1.07421,0.00186,0.3119,0.01133,-0.01133,Madhusudhan et al. 2023,0.05585,0.00101,-0.00102,Calculated,0.2234,0.021,-0.021,Calculated,,,,0.411,0.038,-0.038,Sarkis et al. 2018
1.07607,0.00186,0.30312,0.01203,-0.01203,Madhusudhan et al. 2023,0.05506,0.00108,-0.0011,Calculated,0.2202,0.0208,-0.0208,Calculated,,,,0.411,0.038,-0.038,Sarkis et al. 2018
1.07793,0.00186,0.3053,0.01188,-0.01188,Madhusudhan et al. 2023,0.05525,0.00107,-0.00109,Calculated,0.221,0.0209,-0.0209,Calculated,,,,0.411,0.038,-0.038,Sarkis et al. 2018
1.0798,0.00187,0.30093,0.01197,-0.01197,Madhusudhan et al. 2023,0.05486,0.00108,-0.0011,Calculated,0.2194,0.0207,-0.0207,Calculated,,,,0.411,0.038,-0.038,Sarkis et al. 2018
1.08166,0.00187,0.29747,0.01171,-0.01171,Madhusudhan et al. 2023,0.05454,0.00106,-0.00108,Calculated,0.2181,0.0206,-0.0206,Calculated,,,,0.411,0.038,-0.038,Sarkis et al. 2018
1.08353,0.00187,0.2755,0.01223,-0.01223,Madhusudhan et al. 2023,0.05249,0.00115,-0.00118,Calculated,0.2099,0.02,-0.02,Calculated,,,,0.411,0.038,-0.038,Sarkis et al. 2018
1.0854,0.00187,0.3015,0.0117,-0.0117,Madhusudhan et al. 2023,0.05491,0.00106,-0.00108,Calculated,0.2196,0.0207,-0.0207,Calculated,,,,0.411,0.038,-0.038,Sarkis et al. 2018
1.08727,0.00187,0.28417,0.01197,-0.01197,Madhusudhan et al. 2023,0.05331,0.00111,-0.00113,Calculated,0.2132,0.0202,-0.0202,Calculated,,,,0.411,0.038,-0.038,Sarkis et al. 2018
1.08913,0.00187,0.29966,0.0118,-0.0118,Madhusudhan et al. 2023,0.05474,0.00107,-0.00109,Calculated,0.2189,0.0207,-0.0207,Calculated,,,,0.411,0.038,-0.038,Sarkis et al. 2018
1.091,0.00187,0.3029,0.01154,-0.01154,Madhusudhan et al. 2023,0.05504,0.00104,-0.00106,Calculated,0.2201,0.0208,-0.0208,Calculated,,,,0.411,0.038,-0.038,Sarkis et al. 2018
1.09287,0.00187,0.2948,0.01152,-0.01152,Madhusudhan et al. 2023,0.0543,0.00105,-0.00107,Calculated,0.2172,0.0205,-0.0205,Calculated,,,,0.411,0.038,-0.038,Sarkis et al. 2018
1.09474,0.00187,0.26878,0.01145,-0.01145,Madhusudhan et al. 2023,0.05184,0.00109,-0.00112,Calculated,0.2073,0.0197,-0.0197,Calculated,,,,0.411,0.038,-0.038,Sarkis et al. 2018
1.09661,0.00187,0.29633,0.01118,-0.01118,Madhusudhan et al. 2023,0.05444,0.00102,-0.00104,Calculated,0.2177,0.0205,-0.0205,Calculated,,,,0.411,0.038,-0.038,Sarkis et al. 2018
1.09848,0.00187,0.28297,0.01187,-0.01187,Madhusudhan et al. 2023,0.0532,0.0011,-0.00113,Calculated,0.2128,0.0202,-0.0202,Calculated,,,,0.411,0.038,-0.038,Sarkis et al. 2018
1.10036,0.00187,0.30747,0.01222,-0.01222,Madhusudhan et al. 2023,0.05545,0.00109,-0.00111,Calculated,0.2218,0.021,-0.021,Calculated,,,,0.411,0.038,-0.038,Sarkis et al. 2018
1.10223,0.00187,0.28575,0.01189,-0.01189,Madhusudhan et al. 2023,0.05346,0.0011,-0.00112,Calculated,0.2138,0.0203,-0.0203,Calculated,,,,0.411,0.038,-0.038,Sarkis et al. 2018
1.1041,0.00187,0.2749,0.01177,-0.01177,Madhusudhan et al. 2023,0.05243,0.00111,-0.00113,Calculated,0.2097,0.0199,-0.0199,Calculated,,,,0.411,0.038,-0.038,Sarkis et al. 2018
1.10597,0.00187,0.26687,0.01117,-0.01117,Madhusudhan et al. 2023,0.05166,0.00107,-0.00109,Calculated,0.2066,0.0196,-0.0196,Calculated,,,,0.411,0.038,-0.038,Sarkis et al. 2018
1.10785,0.00187,0.2804,0.01133,-0.01133,Madhusudhan et al. 2023,0.05295,0.00106,-0.00108,Calculated,0.2118,0.02,-0.02,Calculated,,,,0.411,0.038,-0.038,Sarkis et al. 2018
1.10972,0.00187,0.30898,0.01126,-0.01126,Madhusudhan et al. 2023,0.05559,0.001,-0.00102,Calculated,0.2223,0.021,-0.021,Calculated,,,,0.411,0.038,-0.038,Sarkis et al. 2018
1.1116,0.00188,0.29855,0.01157,-0.01157,Madhusudhan et al. 2023,0.05464,0.00105,-0.00107,Calculated,0.2185,0.0206,-0.0206,Calculated,,,,0.411,0.038,-0.038,Sarkis et al. 2018
1.11347,0.00188,0.2981,0.012,-0.012,Madhusudhan et al. 2023,0.0546,0.00109,-0.00111,Calculated,0.2184,0.0207,-0.0207,Calculated,,,,0.411,0.038,-0.038,Sarkis et al. 2018
1.11535,0.00188,0.30977,0.01166,-0.01166,Madhusudhan et al. 2023,0.05566,0.00104,-0.00106,Calculated,0.2226,0.021,-0.021,Calculated,,,,0.411,0.038,-0.038,Sarkis et al. 2018
1.11723,0.00188,0.29847,0.01159,-0.01159,Madhusudhan et al. 2023,0.05463,0.00105,-0.00107,Calculated,0.2185,0.0206,-0.0206,Calculated,,,,0.411,0.038,-0.038,Sarkis et al. 2018
1.1191,0.00188,0.28279,0.01135,-0.01135,Madhusudhan et al. 2023,0.05318,0.00106,-0.00108,Calculated,0.2127,0.0201,-0.0201,Calculated,,,,0.411,0.038,-0.038,Sarkis et al. 2018
1.12098,0.00188,0.29666,0.0117,-0.0117,Madhusudhan et al. 2023,0.05447,0.00106,-0.00108,Calculated,0.2178,0.0206,-0.0206,Calculated,,,,0.411,0.038,-0.038,Sarkis et al. 2018
1.12286,0.00188,0.30589,0.0116,-0.0116,Madhusudhan et al. 2023,0.05531,0.00104,-0.00106,Calculated,0.2212,0.0209,-0.0209,Calculated,,,,0.411,0.038,-0.038,Sarkis et al. 2018
1.12474,0.00188,0.29094,0.01133,-0.01133,Madhusudhan et al. 2023,0.05394,0.00104,-0.00106,Calculated,0.2157,0.0204,-0.0204,Calculated,,,,0.411,0.038,-0.038,Sarkis et al. 2018
1.12662,0.00188,0.2907,0.01119,-0.01119,Madhusudhan et al. 2023,0.05392,0.00103,-0.00105,Calculated,0.2156,0.0204,-0.0204,Calculated,,,,0.411,0.038,-0.038,Sarkis et al. 2018
1.1285,0.00188,0.2699,0.01123,-0.01123,Madhusudhan et al. 2023,0.05195,0.00107,-0.00109,Calculated,0.2078,0.0197,-0.0197,Calculated,,,,0.411,0.038,-0.038,Sarkis et al. 2018
1.13038,0.00188,0.29634,0.01038,-0.01038,Madhusudhan et al. 2023,0.05444,0.00095,-0.00096,Calculated,0.2177,0.0205,-0.0205,Calculated,,,,0.411,0.038,-0.038,Sarkis et al. 2018
1.13226,0.00188,0.28728,0.01108,-0.01108,Madhusudhan et al. 2023,0.0536,0.00102,-0.00104,Calculated,0.2144,0.0202,-0.0202,Calculated,,,,0.411,0.038,-0.038,Sarkis et al. 2018
1.13414,0.00188,0.31679,0.01174,-0.01174,Madhusudhan et al. 2023,0.05628,0.00103,-0.00105,Calculated,0.2251,0.0212,-0.0212,Calculated,,,,0.411,0.038,-0.038,Sarkis et al. 2018
1.13603,0.00188,0.27988,0.01129,-0.01129,Madhusudhan et al. 2023,0.0529,0.00106,-0.00108,Calculated,0.2116,0.02,-0.02,Calculated,,,,0.411,0.038,-0.038,Sarkis et al. 2018
1.13791,0.00188,0.30916,0.01156,-0.01156,Madhusudhan et al. 2023,0.0556,0.00103,-0.00105,Calculated,0.2224,0.021,-0.021,Calculated,,,,0.411,0.038,-0.038,Sarkis et al. 2018
1.13979,0.00188,0.30061,0.012,-0.012,Madhusudhan et al. 2023,0.05483,0.00108,-0.00111,Calculated,0.2193,0.0207,-0.0207,Calculated,,,,0.411,0.038,-0.038,Sarkis et al. 2018
1.14168,0.00188,0.29749,0.01215,-0.01215,Madhusudhan et al. 2023,0.05454,0.0011,-0.00113,Calculated,0.2181,0.0207,-0.0207,Calculated,,,,0.411,0.038,-0.038,Sarkis et al. 2018
1.14356,0.00188,0.30008,0.01148,-0.01148,Madhusudhan et al. 2023,0.05478,0.00104,-0.00106,Calculated,0.2191,0.0207,-0.0207,Calculated,,,,0.411,0.038,-0.038,Sarkis et al. 2018
1.14545,0.00189,0.31416,0.01164,-0.01164,Madhusudhan et al. 2023,0.05605,0.00103,-0.00105,Calculated,0.2242,0.0211,-0.0211,Calculated,,,,0.411,0.038,-0.038,Sarkis et al. 2018
1.14733,0.00189,0.27899,0.01163,-0.01163,Madhusudhan et al. 2023,0.05282,0.00109,-0.00111,Calculated,0.2113,0.02,-0.02,Calculated,,,,0.411,0.038,-0.038,Sarkis et al. 2018
1.14922,0.00189,0.28311,0.0108,-0.0108,Madhusudhan et al. 2023,0.05321,0.00101,-0.00103,Calculated,0.2128,0.0201,-0.0201,Calculated,,,,0.411,0.038,-0.038,Sarkis et al. 2018
1.15111,0.00189,0.2773,0.01195,-0.01195,Madhusudhan et al. 2023,0.05266,0.00112,-0.00115,Calculated,0.2106,0.02,-0.02,Calculated,,,,0.411,0.038,-0.038,Sarkis et al. 2018
1.15299,0.00189,0.29169,0.01165,-0.01165,Madhusudhan et al. 2023,0.05401,0.00107,-0.00109,Calculated,0.216,0.0204,-0.0204,Calculated,,,,0.411,0.038,-0.038,Sarkis et al. 2018
1.15488,0.00189,0.28115,0.01069,-0.01069,Madhusudhan et al. 2023,0.05302,0.001,-0.00102,Calculated,0.2121,0.02,-0.02,Calculated,,,,0.411,0.038,-0.038,Sarkis et al. 2018
1.15677,0.00189,0.30313,0.01121,-0.01121,Madhusudhan et al. 2023,0.05506,0.00101,-0.00103,Calculated,0.2202,0.0208,-0.0208,Calculated,,,,0.411,0.038,-0.038,Sarkis et al. 2018
1.15866,0.00189,0.30644,0.01115,-0.01115,Madhusudhan et al. 2023,0.05536,0.001,-0.00102,Calculated,0.2214,0.0209,-0.0209,Calculated,,,,0.411,0.038,-0.038,Sarkis et al. 2018
1.16055,0.00189,0.2867,0.01087,-0.01087,Madhusudhan et al. 2023,0.05354,0.00101,-0.00103,Calculated,0.2141,0.0202,-0.0202,Calculated,,,,0.411,0.038,-0.038,Sarkis et al. 2018
1.16244,0.00189,0.27926,0.01119,-0.01119,Madhusudhan et al. 2023,0.05285,0.00105,-0.00107,Calculated,0.2114,0.02,-0.02,Calculated,,,,0.411,0.038,-0.038,Sarkis et al. 2018
1.16433,0.00189,0.29823,0.01106,-0.01106,Madhusudhan et al. 2023,0.05461,0.001,-0.00102,Calculated,0.2184,0.0206,-0.0206,Calculated,,,,0.411,0.038,-0.038,Sarkis et al. 2018
1.16622,0.00189,0.30212,0.01075,-0.01075,Madhusudhan et al. 2023,0.05497,0.00097,-0.00099,Calculated,0.2198,0.0207,-0.0207,Calculated,,,,0.411,0.038,-0.038,Sarkis et al. 2018
1.16811,0.00189,0.31758,0.01067,-0.01067,Madhusudhan et al. 2023,0.05635,0.00094,-0.00095,Calculated,0.2254,0.0212,-0.0212,Calculated,,,,0.411,0.038,-0.038,Sarkis et al. 2018
1.17,0.00189,0.29412,0.01123,-0.01123,Madhusudhan et al. 2023,0.05423,0.00103,-0.00105,Calculated,0.2169,0.0205,-0.0205,Calculated,,,,0.411,0.038,-0.038,Sarkis et al. 2018
1.17189,0.00189,0.32136,0.01093,-0.01093,Madhusudhan et al. 2023,0.05669,0.00096,-0.00097,Calculated,0.2267,0.0213,-0.0213,Calculated,,,,0.411,0.038,-0.038,Sarkis et al. 2018
1.17379,0.00189,0.31354,0.01202,-0.01202,Madhusudhan et al. 2023,0.056,0.00106,-0.00108,Calculated,0.224,0.0211,-0.0211,Calculated,,,,0.411,0.038,-0.038,Sarkis et al. 2018
1.17568,0.00189,0.2924,0.01103,-0.01103,Madhusudhan et al. 2023,0.05407,0.00101,-0.00103,Calculated,0.2163,0.0204,-0.0204,Calculated,,,,0.411,0.038,-0.038,Sarkis et al. 2018
1.17757,0.00189,0.3093,0.01,-0.01,Madhusudhan et al. 2023,0.05562,0.00089,-0.00091,Calculated,0.2224,0.0209,-0.0209,Calculated,,,,0.411,0.038,-0.038,Sarkis et al. 2018
1.17947,0.00189,0.30482,0.01027,-0.01027,Madhusudhan et al. 2023,0.05521,0.00092,-0.00094,Calculated,0.2208,0.0208,-0.0208,Calculated,,,,0.411,0.038,-0.038,Sarkis et al. 2018
1.18136,0.0019,0.3063,0.01114,-0.01114,Madhusudhan et al. 2023,0.05534,0.001,-0.00102,Calculated,0.2213,0.0209,-0.0209,Calculated,,,,0.411,0.038,-0.038,Sarkis et al. 2018
1.18326,0.0019,0.28904,0.01168,-0.01168,Madhusudhan et al. 2023,0.05376,0.00108,-0.0011,Calculated,0.215,0.0203,-0.0203,Calculated,,,,0.411,0.038,-0.038,Sarkis et al. 2018
1.18515,0.0019,0.29311,0.01117,-0.01117,Madhusudhan et al. 2023,0.05414,0.00102,-0.00104,Calculated,0.2165,0.0204,-0.0204,Calculated,,,,0.411,0.038,-0.038,Sarkis et al. 2018
1.18705,0.0019,0.30108,0.01082,-0.01082,Madhusudhan et al. 2023,0.05487,0.00098,-0.00099,Calculated,0.2195,0.0207,-0.0207,Calculated,,,,0.411,0.038,-0.038,Sarkis et al. 2018
1.18895,0.0019,0.30733,0.01094,-0.01094,Madhusudhan et al. 2023,0.05544,0.00098,-0.001,Calculated,0.2217,0.0209,-0.0209,Calculated,,,,0.411,0.038,-0.038,Sarkis et al. 2018
1.19084,0.0019,0.28381,0.01102,-0.01102,Madhusudhan et al. 2023,0.05327,0.00102,-0.00104,Calculated,0.2131,0.0201,-0.0201,Calculated,,,,0.411,0.038,-0.038,Sarkis et al. 2018
1.19274,0.0019,0.30915,0.01078,-0.01078,Madhusudhan et al. 2023,0.0556,0.00096,-0.00098,Calculated,0.2224,0.0209,-0.0209,Calculated,,,,0.411,0.038,-0.038,Sarkis et al. 2018
1.19464,0.0019,0.30884,0.01113,-0.01113,Madhusudhan et al. 2023,0.05557,0.00099,-0.00101,Calculated,0.2223,0.0209,-0.0209,Calculated,,,,0.411,0.038,-0.038,Sarkis et al. 2018
1.19654,0.0019,0.31584,0.01138,-0.01138,Madhusudhan et al. 2023,0.0562,0.001,-0.00102,Calculated,0.2248,0.0212,-0.0212,Calculated,,,,0.411,0.038,-0.038,Sarkis et al. 2018
1.19844,0.0019,0.29856,0.01048,-0.01048,Madhusudhan et al. 2023,0.05464,0.00095,-0.00097,Calculated,0.2185,0.0206,-0.0206,Calculated,,,,0.411,0.038,-0.038,Sarkis et al. 2018
1.20034,0.0019,0.29304,0.01139,-0.01139,Madhusudhan et al. 2023,0.05413,0.00104,-0.00106,Calculated,0.2165,0.0205,-0.0205,Calculated,,,,0.411,0.038,-0.038,Sarkis et al. 2018
1.20224,0.0019,0.3234,0.01072,-0.01072,Madhusudhan et al. 2023,0.05687,0.00094,-0.00095,Calculated,0.2274,0.0214,-0.0214,Calculated,,,,0.411,0.038,-0.038,Sarkis et al. 2018
1.20414,0.0019,0.28724,0.00956,-0.00956,Madhusudhan et al. 2023,0.0536,0.00088,-0.0009,Calculated,0.2144,0.0201,-0.0201,Calculated,,,,0.411,0.038,-0.038,Sarkis et al. 2018
1.20604,0.0019,0.30003,0.01133,-0.01133,Madhusudhan et al. 2023,0.05477,0.00102,-0.00104,Calculated,0.2191,0.0207,-0.0207,Calculated,,,,0.411,0.038,-0.038,Sarkis et al. 2018
1.20794,0.0019,0.27949,0.01138,-0.01138,Madhusudhan et al. 2023,0.05287,0.00107,-0.00109,Calculated,0.2114,0.02,-0.02,Calculated,,,,0.411,0.038,-0.038,Sarkis et al. 2018
1.20984,0.0019,0.28433,0.0115,-0.0115,Madhusudhan et al. 2023,0.05332,0.00107,-0.00109,Calculated,0.2133,0.0202,-0.0202,Calculated,,,,0.411,0.038,-0.038,Sarkis et al. 2018
1.21174,0.0019,0.27694,0.01101,-0.01101,Madhusudhan et al. 2023,0.05263,0.00104,-0.00106,Calculated,0.2105,0.0199,-0.0199,Calculated,,,,0.411,0.038,-0.038,Sarkis et al. 2018
1.21365,0.0019,0.30456,0.01096,-0.01096,Madhusudhan et al. 2023,0.05519,0.00098,-0.001,Calculated,0.2207,0.0208,-0.0208,Calculated,,,,0.411,0.038,-0.038,Sarkis et al. 2018
1.21555,0.0019,0.28044,0.01072,-0.01072,Madhusudhan et al. 2023,0.05296,0.001,-0.00102,Calculated,0.2118,0.02,-0.02,Calculated,,,,0.411,0.038,-0.038,Sarkis et al. 2018
1.21745,0.0019,0.28182,0.0103,-0.0103,Madhusudhan et al. 2023,0.05309,0.00096,-0.00098,Calculated,0.2123,0.02,-0.02,Calculated,,,,0.411,0.038,-0.038,Sarkis et al. 2018
1.21936,0.0019,0.29589,0.01004,-0.01004,Madhusudhan et al. 2023,0.0544,0.00092,-0.00093,Calculated,0.2176,0.0205,-0.0205,Calculated,,,,0.411,0.038,-0.038,Sarkis et al. 2018
1.22126,0.0019,0.31272,0.01062,-0.01062,Madhusudhan et al. 2023,0.05592,0.00094,-0.00096,Calculated,0.2237,0.021,-0.021,Calculated,,,,0.411,0.038,-0.038,Sarkis et al. 2018
1.22317,0.00191,0.28211,0.01099,-0.01099,Madhusudhan et al. 2023,0.05311,0.00102,-0.00104,Calculated,0.2124,0.0201,-0.0201,Calculated,,,,0.411,0.038,-0.038,Sarkis et al. 2018
1.22507,0.00191,0.28487,0.01094,-0.01094,Madhusudhan et al. 2023,0.05337,0.00102,-0.00104,Calculated,0.2135,0.0202,-0.0202,Calculated,,,,0.411,0.038,-0.038,Sarkis et al. 2018
1.22698,0.00191,0.30606,0.01117,-0.01117,Madhusudhan et al. 2023,0.05532,0.001,-0.00102,Calculated,0.2213,0.0209,-0.0209,Calculated,,,,0.411,0.038,-0.038,Sarkis et al. 2018
1.22888,0.00191,0.28503,0.01112,-0.01112,Madhusudhan et al. 2023,0.05339,0.00103,-0.00105,Calculated,0.2135,0.0202,-0.0202,Calculated,,,,0.411,0.038,-0.038,Sarkis et al. 2018
1.23079,0.00191,0.28948,0.01087,-0.01087,Madhusudhan et al. 2023,0.0538,0.001,-0.00102,Calculated,0.2152,0.0203,-0.0203,Calculated,,,,0.411,0.038,-0.038,Sarkis et al. 2018
1.2327,0.00191,0.30493,0.01114,-0.01114,Madhusudhan et al. 2023,0.05522,0.001,-0.00102,Calculated,0.2209,0.0208,-0.0208,Calculated,,,,0.411,0.038,-0.038,Sarkis et al. 2018
1.23461,0.00191,0.29111,0.01079,-0.01079,Madhusudhan et al. 2023,0.05395,0.00099,-0.00101,Calculated,0.2158,0.0203,-0.0203,Calculated,,,,0.411,0.038,-0.038,Sarkis et al. 2018
1.23651,0.00191,0.28819,0.01042,-0.01042,Madhusudhan et al. 2023,0.05368,0.00096,-0.00098,Calculated,0.2147,0.0202,-0.0202,Calculated,,,,0.411,0.038,-0.038,Sarkis et al. 2018
1.23842,0.00191,0.28981,0.01086,-0.01086,Madhusudhan et al. 2023,0.05383,0.001,-0.00102,Calculated,0.2153,0.0203,-0.0203,Calculated,,,,0.411,0.038,-0.038,Sarkis et al. 2018
1.24033,0.00191,0.29974,0.01111,-0.01111,Madhusudhan et al. 2023,0.05475,0.00101,-0.00102,Calculated,0.219,0.0206,-0.0206,Calculated,,,,0.411,0.038,-0.038,Sarkis et al. 2018
1.24224,0.00191,0.29799,0.01027,-0.01027,Madhusudhan et al. 2023,0.05459,0.00093,-0.00095,Calculated,0.2183,0.0205,-0.0205,Calculated,,,,0.411,0.038,-0.038,Sarkis et al. 2018
1.24415,0.00191,0.28761,0.01096,-0.01096,Madhusudhan et al. 2023,0.05363,0.00101,-0.00103,Calculated,0.2145,0.0202,-0.0202,Calculated,,,,0.411,0.038,-0.038,Sarkis et al. 2018
1.24606,0.00191,0.30041,0.01094,-0.01094,Madhusudhan et al. 2023,0.05481,0.00099,-0.00101,Calculated,0.2192,0.0207,-0.0207,Calculated,,,,0.411,0.038,-0.038,Sarkis et al. 2018
1.24797,0.00191,0.27514,0.01101,-0.01101,Madhusudhan et al. 2023,0.05245,0.00104,-0.00106,Calculated,0.2098,0.0198,-0.0198,Calculated,,,,0.411,0.038,-0.038,Sarkis et al. 2018
1.24988,0.00191,0.28993,0.01072,-0.01072,Madhusudhan et al. 2023,0.05384,0.00099,-0.001,Calculated,0.2154,0.0203,-0.0203,Calculated,,,,0.411,0.038,-0.038,Sarkis et al. 2018
1.25179,0.00191,0.28385,0.01127,-0.01127,Madhusudhan et al. 2023,0.05328,0.00105,-0.00107,Calculated,0.2131,0.0202,-0.0202,Calculated,,,,0.411,0.038,-0.038,Sarkis et al. 2018
1.25371,0.00191,0.25718,0.01142,-0.01142,Madhusudhan et al. 2023,0.05071,0.00111,-0.00114,Calculated,0.2028,0.0193,-0.0193,Calculated,,,,0.411,0.038,-0.038,Sarkis et al. 2018
1.25562,0.00191,0.2869,0.01113,-0.01113,Madhusudhan et al. 2023,0.05356,0.00103,-0.00105,Calculated,0.2142,0.0202,-0.0202,Calculated,,,,0.411,0.038,-0.038,Sarkis et al. 2018
1.25753,0.00191,0.27015,0.01091,-0.01091,Madhusudhan et al. 2023,0.05198,0.00104,-0.00106,Calculated,0.2079,0.0197,-0.0197,Calculated,,,,0.411,0.038,-0.038,Sarkis et al. 2018
1.25944,0.00191,0.27853,0.01108,-0.01108,Madhusudhan et al. 2023,0.05278,0.00104,-0.00106,Calculated,0.2111,0.02,-0.02,Calculated,,,,0.411,0.038,-0.038,Sarkis et al. 2018
1.26136,0.00191,0.29569,0.01027,-0.01027,Madhusudhan et al. 2023,0.05438,0.00094,-0.00095,Calculated,0.2175,0.0205,-0.0205,Calculated,,,,0.411,0.038,-0.038,Sarkis et al. 2018
1.26327,0.00191,0.27753,0.01137,-0.01137,Madhusudhan et al. 2023,0.05268,0.00107,-0.00109,Calculated,0.2107,0.02,-0.02,Calculated,,,,0.411,0.038,-0.038,Sarkis et al. 2018
1.26518,0.00191,0.32117,0.01116,-0.01116,Madhusudhan et al. 2023,0.05667,0.00098,-0.00099,Calculated,0.2267,0.0213,-0.0213,Calculated,,,,0.411,0.038,-0.038,Sarkis et al. 2018
1.2671,0.00191,0.29962,0.01085,-0.01085,Madhusudhan et al. 2023,0.05474,0.00098,-0.001,Calculated,0.2189,0.0206,-0.0206,Calculated,,,,0.411,0.038,-0.038,Sarkis et al. 2018
1.26901,0.00192,0.29969,0.0113,-0.0113,Madhusudhan et al. 2023,0.05474,0.00102,-0.00104,Calculated,0.2189,0.0207,-0.0207,Calculated,,,,0.411,0.038,-0.038,Sarkis et al. 2018
1.27093,0.00192,0.29028,0.01113,-0.01113,Madhusudhan et al. 2023,0.05388,0.00102,-0.00104,Calculated,0.2155,0.0203,-0.0203,Calculated,,,,0.411,0.038,-0.038,Sarkis et al. 2018
1.27284,0.00192,0.29917,0.01183,-0.01183,Madhusudhan et al. 2023,0.0547,0.00107,-0.00109,Calculated,0.2188,0.0207,-0.0207,Calculated,,,,0.411,0.038,-0.038,Sarkis et al. 2018
1.27476,0.00192,0.27287,0.01132,-0.01132,Madhusudhan et al. 2023,0.05224,0.00107,-0.0011,Calculated,0.2089,0.0198,-0.0198,Calculated,,,,0.411,0.038,-0.038,Sarkis et al. 2018
1.27668,0.00192,0.29065,0.01027,-0.01027,Madhusudhan et al. 2023,0.05391,0.00094,-0.00096,Calculated,0.2156,0.0203,-0.0203,Calculated,,,,0.411,0.038,-0.038,Sarkis et al. 2018
1.27859,0.00192,0.28638,0.01085,-0.01085,Madhusudhan et al. 2023,0.05351,0.001,-0.00102,Calculated,0.214,0.0202,-0.0202,Calculated,,,,0.411,0.038,-0.038,Sarkis et al. 2018
1.28051,0.00192,0.28825,0.01059,-0.01059,Madhusudhan et al. 2023,0.05369,0.00098,-0.001,Calculated,0.2147,0.0202,-0.0202,Calculated,,,,0.411,0.038,-0.038,Sarkis et al. 2018
1.28243,0.00192,0.29081,0.01146,-0.01146,Madhusudhan et al. 2023,0.05393,0.00105,-0.00107,Calculated,0.2157,0.0204,-0.0204,Calculated,,,,0.411,0.038,-0.038,Sarkis et al. 2018
1.28435,0.00192,0.29249,0.01161,-0.01161,Madhusudhan et al. 2023,0.05408,0.00106,-0.00108,Calculated,0.2163,0.0205,-0.0205,Calculated,,,,0.411,0.038,-0.038,Sarkis et al. 2018
1.28627,0.00192,0.30902,0.01121,-0.01121,Madhusudhan et al. 2023,0.05559,0.001,-0.00102,Calculated,0.2223,0.0209,-0.0209,Calculated,,,,0.411,0.038,-0.038,Sarkis et al. 2018
1.28818,0.00192,0.2862,0.01088,-0.01088,Madhusudhan et al. 2023,0.0535,0.00101,-0.00103,Calculated,0.214,0.0202,-0.0202,Calculated,,,,0.411,0.038,-0.038,Sarkis et al. 2018
1.2901,0.00192,0.29637,0.01046,-0.01046,Madhusudhan et al. 2023,0.05444,0.00095,-0.00097,Calculated,0.2177,0.0205,-0.0205,Calculated,,,,0.411,0.038,-0.038,Sarkis et al. 2018
1.29202,0.00192,0.28292,0.01123,-0.01123,Madhusudhan et al. 2023,0.05319,0.00105,-0.00107,Calculated,0.2127,0.0201,-0.0201,Calculated,,,,0.411,0.038,-0.038,Sarkis et al. 2018
1.29394,0.00192,0.27552,0.01062,-0.01062,Madhusudhan et al. 2023,0.05249,0.001,-0.00102,Calculated,0.2099,0.0198,-0.0198,Calculated,,,,0.411,0.038,-0.038,Sarkis et al. 2018
1.29586,0.00192,0.27833,0.01179,-0.01179,Madhusudhan et al. 2023,0.05276,0.00111,-0.00113,Calculated,0.211,0.02,-0.02,Calculated,,,,0.411,0.038,-0.038,Sarkis et al. 2018
1.29778,0.00192,0.27867,0.01078,-0.01078,Madhusudhan et al. 2023,0.05279,0.00101,-0.00103,Calculated,0.2111,0.0199,-0.0199,Calculated,,,,0.411,0.038,-0.038,Sarkis et al. 2018
1.2997,0.00192,0.27724,0.01151,-0.01151,Madhusudhan et al. 2023,0.05265,0.00108,-0.0011,Calculated,0.2106,0.02,-0.02,Calculated,,,,0.411,0.038,-0.038,Sarkis et al. 2018
1.30163,0.00192,0.2969,0.01125,-0.01125,Madhusudhan et al. 2023,0.05449,0.00102,-0.00104,Calculated,0.2179,0.0206,-0.0206,Calculated,,,,0.411,0.038,-0.038,Sarkis et al. 2018
1.30355,0.00192,0.28899,0.0112,-0.0112,Madhusudhan et al. 2023,0.05376,0.00103,-0.00105,Calculated,0.215,0.0203,-0.0203,Calculated,,,,0.411,0.038,-0.038,Sarkis et al. 2018
1.30547,0.00192,0.28327,0.01132,-0.01132,Madhusudhan et al. 2023,0.05322,0.00105,-0.00107,Calculated,0.2129,0.0201,-0.0201,Calculated,,,,0.411,0.038,-0.038,Sarkis et al. 2018
1.30739,0.00192,0.299,0.01093,-0.01093,Madhusudhan et al. 2023,0.05468,0.00099,-0.00101,Calculated,0.2187,0.0206,-0.0206,Calculated,,,,0.411,0.038,-0.038,Sarkis et al. 2018
1.30932,0.00192,0.27854,0.01109,-0.01109,Madhusudhan et al. 2023,0.05278,0.00104,-0.00106,Calculated,0.2111,0.02,-0.02,Calculated,,,,0.411,0.038,-0.038,Sarkis et al. 2018
1.31124,0.00192,0.29226,0.01112,-0.01112,Madhusudhan et al. 2023,0.05406,0.00102,-0.00104,Calculated,0.2162,0.0204,-0.0204,Calculated,,,,0.411,0.038,-0.038,Sarkis et al. 2018
1.31316,0.00192,0.30122,0.01129,-0.01129,Madhusudhan et al. 2023,0.05488,0.00102,-0.00104,Calculated,0.2195,0.0207,-0.0207,Calculated,,,,0.411,0.038,-0.038,Sarkis et al. 2018
1.31509,0.00192,0.28069,0.01084,-0.01084,Madhusudhan et al. 2023,0.05298,0.00101,-0.00103,Calculated,0.2119,0.02,-0.02,Calculated,,,,0.411,0.038,-0.038,Sarkis et al. 2018
1.31701,0.00192,0.30247,0.01081,-0.01081,Madhusudhan et al. 2023,0.055,0.00097,-0.00099,Calculated,0.22,0.0207,-0.0207,Calculated,,,,0.411,0.038,-0.038,Sarkis et al. 2018
1.31893,0.00192,0.28403,0.01133,-0.01133,Madhusudhan et al. 2023,0.05329,0.00105,-0.00107,Calculated,0.2132,0.0202,-0.0202,Calculated,,,,0.411,0.038,-0.038,Sarkis et al. 2018
1.32086,0.00192,0.28438,0.01114,-0.01114,Madhusudhan et al. 2023,0.05333,0.00103,-0.00105,Calculated,0.2133,0.0202,-0.0202,Calculated,,,,0.411,0.038,-0.038,Sarkis et al. 2018
1.32278,0.00193,0.26838,0.01082,-0.01082,Madhusudhan et al. 2023,0.05181,0.00103,-0.00105,Calculated,0.2072,0.0196,-0.0196,Calculated,,,,0.411,0.038,-0.038,Sarkis et al. 2018
1.32471,0.00193,0.30647,0.01123,-0.01123,Madhusudhan et al. 2023,0.05536,0.00101,-0.00102,Calculated,0.2214,0.0209,-0.0209,Calculated,,,,0.411,0.038,-0.038,Sarkis et al. 2018
1.32664,0.00193,0.3102,0.01126,-0.01126,Madhusudhan et al. 2023,0.0557,0.001,-0.00102,Calculated,0.2228,0.021,-0.021,Calculated,,,,0.411,0.038,-0.038,Sarkis et al. 2018
1.32856,0.00193,0.28039,0.01069,-0.01069,Madhusudhan et al. 2023,0.05295,0.001,-0.00102,Calculated,0.2118,0.02,-0.02,Calculated,,,,0.411,0.038,-0.038,Sarkis et al. 2018
1.33049,0.00193,0.29497,0.01084,-0.01084,Madhusudhan et al. 2023,0.05431,0.00099,-0.00101,Calculated,0.2172,0.0205,-0.0205,Calculated,,,,0.411,0.038,-0.038,Sarkis et al. 2018
1.33241,0.00193,0.29224,0.01161,-0.01161,Madhusudhan et al. 2023,0.05406,0.00106,-0.00108,Calculated,0.2162,0.0204,-0.0204,Calculated,,,,0.411,0.038,-0.038,Sarkis et al. 2018
1.33434,0.00193,0.28179,0.01093,-0.01093,Madhusudhan et al. 2023,0.05308,0.00102,-0.00104,Calculated,0.2123,0.0201,-0.0201,Calculated,,,,0.411,0.038,-0.038,Sarkis et al. 2018
1.33627,0.00193,0.30381,0.01082,-0.01082,Madhusudhan et al. 2023,0.05512,0.00097,-0.00099,Calculated,0.2204,0.0208,-0.0208,Calculated,,,,0.411,0.038,-0.038,Sarkis et al. 2018
1.3382,0.00193,0.29002,0.0119,-0.0119,Madhusudhan et al. 2023,0.05385,0.00109,-0.00112,Calculated,0.2154,0.0204,-0.0204,Calculated,,,,0.411,0.038,-0.038,Sarkis et al. 2018
1.34013,0.00193,0.27388,0.01155,-0.01155,Madhusudhan et al. 2023,0.05233,0.00109,-0.00112,Calculated,0.2093,0.0198,-0.0198,Calculated,,,,0.411,0.038,-0.038,Sarkis et al. 2018
1.34205,0.00193,0.29682,0.01149,-0.01149,Madhusudhan et al. 2023,0.05448,0.00104,-0.00106,Calculated,0.2179,0.0206,-0.0206,Calculated,,,,0.411,0.038,-0.038,Sarkis et al. 2018
1.34398,0.00193,0.28442,0.01186,-0.01186,Madhusudhan et al. 2023,0.05333,0.0011,-0.00112,Calculated,0.2133,0.0202,-0.0202,Calculated,,,,0.411,0.038,-0.038,Sarkis et al. 2018
1.34591,0.00193,0.28618,0.01126,-0.01126,Madhusudhan et al. 2023,0.0535,0.00104,-0.00106,Calculated,0.214,0.0202,-0.0202,Calculated,,,,0.411,0.038,-0.038,Sarkis et al. 2018
1.34784,0.00193,0.28379,0.01109,-0.01109,Madhusudhan et al. 2023,0.05327,0.00103,-0.00105,Calculated,0.2131,0.0201,-0.0201,Calculated,,,,0.411,0.038,-0.038,Sarkis et al. 2018
1.34977,0.00193,0.29311,0.01134,-0.01134,Madhusudhan et al. 2023,0.05414,0.00104,-0.00106,Calculated,0.2165,0.0205,-0.0205,Calculated,,,,0.411,0.038,-0.038,Sarkis et al. 2018
1.3517,0.00193,0.29313,0.01203,-0.01203,Madhusudhan et al. 2023,0.05414,0.0011,-0.00112,Calculated,0.2165,0.0205,-0.0205,Calculated,,,,0.411,0.038,-0.038,Sarkis et al. 2018
1.35363,0.00193,0.3093,0.01186,-0.01186,Madhusudhan et al. 2023,0.05561,0.00106,-0.00108,Calculated,0.2224,0.021,-0.021,Calculated,,,,0.411,0.038,-0.038,Sarkis et al. 2018
1.35556,0.00193,0.29441,0.0119,-0.0119,Madhusudhan et al. 2023,0.05426,0.00109,-0.00111,Calculated,0.217,0.0205,-0.0205,Calculated,,,,0.411,0.038,-0.038,Sarkis et al. 2018
1.35749,0.00193,0.29818,0.01131,-0.01131,Madhusudhan et al. 2023,0.05461,0.00103,-0.00105,Calculated,0.2184,0.0206,-0.0206,Calculated,,,,0.411,0.038,-0.038,Sarkis et al. 2018
1.35942,0.00193,0.30193,0.01146,-0.01146,Madhusudhan et al. 2023,0.05495,0.00103,-0.00105,Calculated,0.2198,0.0207,-0.0207,Calculated,,,,0.411,0.038,-0.038,Sarkis et al. 2018
1.36136,0.00193,0.29713,0.01087,-0.01087,Madhusudhan et al. 2023,0.05451,0.00099,-0.00101,Calculated,0.218,0.0205,-0.0205,Calculated,,,,0.411,0.038,-0.038,Sarkis et al. 2018
1.36329,0.00193,0.29353,0.01142,-0.01142,Madhusudhan et al. 2023,0.05418,0.00104,-0.00106,Calculated,0.2167,0.0205,-0.0205,Calculated,,,,0.411,0.038,-0.038,Sarkis et al. 2018
1.36522,0.00193,0.29213,0.012,-0.012,Madhusudhan et al. 2023,0.05405,0.0011,-0.00112,Calculated,0.2162,0.0205,-0.0205,Calculated,,,,0.411,0.038,-0.038,Sarkis et al. 2018
1.36715,0.00193,0.30471,0.01184,-0.01184,Madhusudhan et al. 2023,0.0552,0.00106,-0.00108,Calculated,0.2208,0.0209,-0.0209,Calculated,,,,0.411,0.038,-0.038,Sarkis et al. 2018
1.36908,0.00193,0.31824,0.0106,-0.0106,Madhusudhan et al. 2023,0.05641,0.00093,-0.00095,Calculated,0.2256,0.0212,-0.0212,Calculated,,,,0.411,0.038,-0.038,Sarkis et al. 2018
1.37102,0.00193,0.28373,0.01122,-0.01122,Madhusudhan et al. 2023,0.05327,0.00104,-0.00106,Calculated,0.213,0.0201,-0.0201,Calculated,,,,0.411,0.038,-0.038,Sarkis et al. 2018
1.37295,0.00193,0.29567,0.01175,-0.01175,Madhusudhan et al. 2023,0.05438,0.00107,-0.00109,Calculated,0.2175,0.0206,-0.0206,Calculated,,,,0.411,0.038,-0.038,Sarkis et al. 2018
1.37488,0.00193,0.31812,0.01185,-0.01185,Madhusudhan et al. 2023,0.0564,0.00104,-0.00106,Calculated,0.2256,0.0213,-0.0213,Calculated,,,,0.411,0.038,-0.038,Sarkis et al. 2018
1.37682,0.00193,0.3126,0.01097,-0.01097,Madhusudhan et al. 2023,0.05591,0.00097,-0.00099,Calculated,0.2236,0.021,-0.021,Calculated,,,,0.411,0.038,-0.038,Sarkis et al. 2018
1.37875,0.00193,0.30616,0.01199,-0.01199,Madhusudhan et al. 2023,0.05533,0.00107,-0.00109,Calculated,0.2213,0.0209,-0.0209,Calculated,,,,0.411,0.038,-0.038,Sarkis et al. 2018
1.38069,0.00193,0.30774,0.01113,-0.01113,Madhusudhan et al. 2023,0.05547,0.00099,-0.00101,Calculated,0.2219,0.0209,-0.0209,Calculated,,,,0.411,0.038,-0.038,Sarkis et al. 2018
1.38262,0.00193,0.2909,0.01175,-0.01175,Madhusudhan et al. 2023,0.05394,0.00108,-0.0011,Calculated,0.2157,0.0204,-0.0204,Calculated,,,,0.411,0.038,-0.038,Sarkis et al. 2018
1.38456,0.00194,0.29877,0.01238,-0.01238,Madhusudhan et al. 2023,0.05466,0.00112,-0.00114,Calculated,0.2186,0.0207,-0.0207,Calculated,,,,0.411,0.038,-0.038,Sarkis et al. 2018
1.38649,0.00194,0.28688,0.01214,-0.01214,Madhusudhan et al. 2023,0.05356,0.00112,-0.00115,Calculated,0.2142,0.0203,-0.0203,Calculated,,,,0.411,0.038,-0.038,Sarkis et al. 2018
1.38843,0.00194,0.30661,0.01252,-0.01252,Madhusudhan et al. 2023,0.05537,0.00112,-0.00114,Calculated,0.2215,0.021,-0.021,Calculated,,,,0.411,0.038,-0.038,Sarkis et al. 2018
1.39036,0.00194,0.31022,0.01202,-0.01202,Madhusudhan et al. 2023,0.0557,0.00107,-0.00109,Calculated,0.2228,0.021,-0.021,Calculated,,,,0.411,0.038,-0.038,Sarkis et al. 2018
1.3923,0.00194,0.31261,0.01216,-0.01216,Madhusudhan et al. 2023,0.05591,0.00108,-0.0011,Calculated,0.2236,0.0211,-0.0211,Calculated,,,,0.411,0.038,-0.038,Sarkis et al. 2018
1.39424,0.00194,0.30677,0.01181,-0.01181,Madhusudhan et al. 2023,0.05539,0.00106,-0.00108,Calculated,0.2215,0.0209,-0.0209,Calculated,,,,0.411,0.038,-0.038,Sarkis et al. 2018
1.39617,0.00194,0.29197,0.0114,-0.0114,Madhusudhan et al. 2023,0.05403,0.00104,-0.00106,Calculated,0.2161,0.0204,-0.0204,Calculated,,,,0.411,0.038,-0.038,Sarkis et al. 2018
1.39811,0.00194,0.28137,0.01183,-0.01183,Madhusudhan et al. 2023,0.05304,0.0011,-0.00113,Calculated,0.2122,0.0201,-0.0201,Calculated,,,,0.411,0.038,-0.038,Sarkis et al. 2018
1.40005,0.00194,0.27608,0.01244,-0.01244,Madhusudhan et al. 2023,0.05254,0.00117,-0.0012,Calculated,0.2101,0.02,-0.02,Calculated,,,,0.411,0.038,-0.038,Sarkis et al. 2018
1.40199,0.00194,0.30585,0.01228,-0.01228,Madhusudhan et al. 2023,0.0553,0.0011,-0.00112,Calculated,0.2212,0.0209,-0.0209,Calculated,,,,0.411,0.038,-0.038,Sarkis et al. 2018
1.40392,0.00194,0.28483,0.01192,-0.01192,Madhusudhan et al. 2023,0.05337,0.00111,-0.00113,Calculated,0.2135,0.0202,-0.0202,Calculated,,,,0.411,0.038,-0.038,Sarkis et al. 2018
1.40586,0.00194,0.28933,0.0118,-0.0118,Madhusudhan et al. 2023,0.05379,0.00109,-0.00111,Calculated,0.2151,0.0204,-0.0204,Calculated,,,,0.411,0.038,-0.038,Sarkis et al. 2018
1.4078,0.00194,0.29747,0.01141,-0.01141,Madhusudhan et al. 2023,0.05454,0.00104,-0.00106,Calculated,0.2181,0.0206,-0.0206,Calculated,,,,0.411,0.038,-0.038,Sarkis et al. 2018
1.40974,0.00194,0.27417,0.01146,-0.01146,Madhusudhan et al. 2023,0.05236,0.00108,-0.00111,Calculated,0.2094,0.0199,-0.0199,Calculated,,,,0.411,0.038,-0.038,Sarkis et al. 2018
1.41168,0.00194,0.27403,0.01178,-0.01178,Madhusudhan et al. 2023,0.05235,0.00111,-0.00114,Calculated,0.2094,0.0199,-0.0199,Calculated,,,,0.411,0.038,-0.038,Sarkis et al. 2018
1.41362,0.00194,0.28956,0.01216,-0.01216,Madhusudhan et al. 2023,0.05381,0.00112,-0.00114,Calculated,0.2152,0.0204,-0.0204,Calculated,,,,0.411,0.038,-0.038,Sarkis et al. 2018
1.41556,0.00194,0.30603,0.01227,-0.01227,Madhusudhan et al. 2023,0.05532,0.0011,-0.00112,Calculated,0.2213,0.0209,-0.0209,Calculated,,,,0.411,0.038,-0.038,Sarkis et al. 2018
1.41749,0.00194,0.28622,0.01148,-0.01148,Madhusudhan et al. 2023,0.0535,0.00106,-0.00108,Calculated,0.214,0.0202,-0.0202,Calculated,,,,0.411,0.038,-0.038,Sarkis et al. 2018
1.41943,0.00194,0.31711,0.01178,-0.01178,Madhusudhan et al. 2023,0.05631,0.00104,-0.00106,Calculated,0.2252,0.0212,-0.0212,Calculated,,,,0.411,0.038,-0.038,Sarkis et al. 2018
1.42137,0.00194,0.28859,0.01208,-0.01208,Madhusudhan et al. 2023,0.05372,0.00111,-0.00114,Calculated,0.2149,0.0204,-0.0204,Calculated,,,,0.411,0.038,-0.038,Sarkis et al. 2018
1.42332,0.00194,0.2845,0.01179,-0.01179,Madhusudhan et al. 2023,0.05334,0.00109,-0.00112,Calculated,0.2133,0.0202,-0.0202,Calculated,,,,0.411,0.038,-0.038,Sarkis et al. 2018
1.42526,0.00194,0.29183,0.0129,-0.0129,Madhusudhan et al. 2023,0.05402,0.00118,-0.00121,Calculated,0.2161,0.0205,-0.0205,Calculated,,,,0.411,0.038,-0.038,Sarkis et al. 2018
1.4272,0.00194,0.26103,0.01313,-0.01313,Madhusudhan et al. 2023,0.05109,0.00127,-0.0013,Calculated,0.2043,0.0196,-0.0196,Calculated,,,,0.411,0.038,-0.038,Sarkis et al. 2018
1.42914,0.00194,0.29437,0.01248,-0.01248,Madhusudhan et al. 2023,0.05426,0.00114,-0.00116,Calculated,0.217,0.0206,-0.0206,Calculated,,,,0.411,0.038,-0.038,Sarkis et al. 2018
1.43108,0.00194,0.30925,0.01237,-0.01237,Madhusudhan et al. 2023,0.05561,0.0011,-0.00112,Calculated,0.2224,0.021,-0.021,Calculated,,,,0.411,0.038,-0.038,Sarkis et al. 2018
1.43302,0.00194,0.29618,0.01198,-0.01198,Madhusudhan et al. 2023,0.05442,0.00109,-0.00111,Calculated,0.2177,0.0206,-0.0206,Calculated,,,,0.411,0.038,-0.038,Sarkis et al. 2018
1.43496,0.00194,0.30501,0.01267,-0.01267,Madhusudhan et al. 2023,0.05523,0.00114,-0.00116,Calculated,0.2209,0.0209,-0.0209,Calculated,,,,0.411,0.038,-0.038,Sarkis et al. 2018
1.4369,0.00194,0.31158,0.01284,-0.01284,Madhusudhan et al. 2023,0.05582,0.00114,-0.00116,Calculated,0.2233,0.0211,-0.0211,Calculated,,,,0.411,0.038,-0.038,Sarkis et al. 2018
1.43885,0.00194,0.32095,0.01247,-0.01247,Madhusudhan et al. 2023,0.05665,0.00109,-0.00111,Calculated,0.2266,0.0214,-0.0214,Calculated,,,,0.411,0.038,-0.038,Sarkis et al. 2018
1.44079,0.00194,0.30463,0.01285,-0.01285,Madhusudhan et al. 2023,0.05519,0.00115,-0.00118,Calculated,0.2207,0.0209,-0.0209,Calculated,,,,0.411,0.038,-0.038,Sarkis et al. 2018
1.44273,0.00194,0.2877,0.01242,-0.01242,Madhusudhan et al. 2023,0.05364,0.00115,-0.00117,Calculated,0.2145,0.0204,-0.0204,Calculated,,,,0.411,0.038,-0.038,Sarkis et al. 2018
1.44468,0.00194,0.30053,0.01233,-0.01233,Madhusudhan et al. 2023,0.05482,0.00111,-0.00114,Calculated,0.2193,0.0208,-0.0208,Calculated,,,,0.411,0.038,-0.038,Sarkis et al. 2018
1.44662,0.00194,0.28755,0.01228,-0.01228,Madhusudhan et al. 2023,0.05362,0.00113,-0.00116,Calculated,0.2145,0.0204,-0.0204,Calculated,,,,0.411,0.038,-0.038,Sarkis et al. 2018
1.44856,0.00194,0.26738,0.01195,-0.01195,Madhusudhan et al. 2023,0.05171,0.00114,-0.00117,Calculated,0.2068,0.0197,-0.0197,Calculated,,,,0.411,0.038,-0.038,Sarkis et al. 2018
1.45051,0.00194,0.28543,0.01308,-0.01308,Madhusudhan et al. 2023,0.05343,0.00121,-0.00124,Calculated,0.2137,0.0204,-0.0204,Calculated,,,,0.411,0.038,-0.038,Sarkis et al. 2018
1.45245,0.00194,0.27814,0.01324,-0.01324,Madhusudhan et al. 2023,0.05274,0.00124,-0.00127,Calculated,0.2109,0.0201,-0.0201,Calculated,,,,0.411,0.038,-0.038,Sarkis et al. 2018
1.45439,0.00194,0.27252,0.01212,-0.01212,Madhusudhan et al. 2023,0.0522,0.00115,-0.00117,Calculated,0.2088,0.0199,-0.0199,Calculated,,,,0.411,0.038,-0.038,Sarkis et al. 2018
1.45634,0.00194,0.29885,0.01312,-0.01312,Madhusudhan et al. 2023,0.05467,0.00119,-0.00121,Calculated,0.2186,0.0208,-0.0208,Calculated,,,,0.411,0.038,-0.038,Sarkis et al. 2018
1.45828,0.00194,0.29592,0.01314,-0.01314,Madhusudhan et al. 2023,0.0544,0.00119,-0.00122,Calculated,0.2176,0.0207,-0.0207,Calculated,,,,0.411,0.038,-0.038,Sarkis et al. 2018
1.46023,0.00194,0.29812,0.01206,-0.01206,Madhusudhan et al. 2023,0.0546,0.00109,-0.00112,Calculated,0.2184,0.0207,-0.0207,Calculated,,,,0.411,0.038,-0.038,Sarkis et al. 2018
1.46217,0.00195,0.30664,0.01317,-0.01317,Madhusudhan et al. 2023,0.05538,0.00118,-0.0012,Calculated,0.2215,0.021,-0.021,Calculated,,,,0.411,0.038,-0.038,Sarkis et al. 2018
1.46412,0.00195,0.30945,0.0128,-0.0128,Madhusudhan et al. 2023,0.05563,0.00114,-0.00116,Calculated,0.2225,0.0211,-0.0211,Calculated,,,,0.411,0.038,-0.038,Sarkis et al. 2018
1.46606,0.00195,0.28154,0.01258,-0.01258,Madhusudhan et al. 2023,0.05306,0.00117,-0.0012,Calculated,0.2122,0.0202,-0.0202,Calculated,,,,0.411,0.038,-0.038,Sarkis et al. 2018
1.46801,0.00195,0.30124,0.01324,-0.01324,Madhusudhan et al. 2023,0.05489,0.00119,-0.00122,Calculated,0.2195,0.0209,-0.0209,Calculated,,,,0.411,0.038,-0.038,Sarkis et al. 2018
1.46995,0.00195,0.27957,0.01275,-0.01275,Madhusudhan et al. 2023,0.05287,0.00119,-0.00122,Calculated,0.2115,0.0201,-0.0201,Calculated,,,,0.411,0.038,-0.038,Sarkis et al. 2018
1.47385,0.00195,0.29453,0.01312,-0.01312,Madhusudhan et al. 2023,0.05427,0.0012,-0.00122,Calculated,0.2171,0.0206,-0.0206,Calculated,,,,0.411,0.038,-0.038,Sarkis et al. 2018
1.47579,0.00195,0.30696,0.01281,-0.01281,Madhusudhan et al. 2023,0.0554,0.00114,-0.00117,Calculated,0.2216,0.021,-0.021,Calculated,,,,0.411,0.038,-0.038,Sarkis et al. 2018
1.47774,0.00195,0.30097,0.01361,-0.01361,Madhusudhan et al. 2023,0.05486,0.00123,-0.00125,Calculated,0.2194,0.0209,-0.0209,Calculated,,,,0.411,0.038,-0.038,Sarkis et al. 2018
1.47969,0.00195,0.28042,0.01252,-0.01252,Madhusudhan et al. 2023,0.05295,0.00117,-0.0012,Calculated,0.2118,0.0201,-0.0201,Calculated,,,,0.411,0.038,-0.038,Sarkis et al. 2018
1.48163,0.00195,0.31607,0.01338,-0.01338,Madhusudhan et al. 2023,0.05622,0.00118,-0.0012,Calculated,0.2249,0.0213,-0.0213,Calculated,,,,0.411,0.038,-0.038,Sarkis et al. 2018
1.48358,0.00195,0.29509,0.013,-0.013,Madhusudhan et al. 2023,0.05432,0.00118,-0.00121,Calculated,0.2173,0.0206,-0.0206,Calculated,,,,0.411,0.038,-0.038,Sarkis et al. 2018
1.48553,0.00195,0.28945,0.01265,-0.01265,Madhusudhan et al. 2023,0.0538,0.00116,-0.00119,Calculated,0.2152,0.0204,-0.0204,Calculated,,,,0.411,0.038,-0.038,Sarkis et al. 2018
1.48748,0.00195,0.27992,0.01334,-0.01334,Madhusudhan et al. 2023,0.05291,0.00125,-0.00128,Calculated,0.2116,0.0202,-0.0202,Calculated,,,,0.411,0.038,-0.038,Sarkis et al. 2018
1.48943,0.00195,0.29951,0.01351,-0.01351,Madhusudhan et al. 2023,0.05473,0.00122,-0.00125,Calculated,0.2189,0.0208,-0.0208,Calculated,,,,0.411,0.038,-0.038,Sarkis et al. 2018
1.49137,0.00195,0.28352,0.01228,-0.01228,Madhusudhan et al. 2023,0.05325,0.00114,-0.00117,Calculated,0.213,0.0202,-0.0202,Calculated,,,,0.411,0.038,-0.038,Sarkis et al. 2018
1.49332,0.00195,0.26131,0.01221,-0.01221,Madhusudhan et al. 2023,0.05112,0.00118,-0.00121,Calculated,0.2045,0.0195,-0.0195,Calculated,,,,0.411,0.038,-0.038,Sarkis et al. 2018
1.49527,0.00195,0.30002,0.01245,-0.01245,Madhusudhan et al. 2023,0.05477,0.00113,-0.00115,Calculated,0.2191,0.0208,-0.0208,Calculated,,,,0.411,0.038,-0.038,Sarkis et al. 2018
1.49722,0.00195,0.27842,0.01398,-0.01398,Madhusudhan et al. 2023,0.05277,0.00131,-0.00134,Calculated,0.211,0.0202,-0.0202,Calculated,,,,0.411,0.038,-0.038,Sarkis et al. 2018
1.49917,0.00195,0.28608,0.0129,-0.0129,Madhusudhan et al. 2023,0.05349,0.00119,-0.00122,Calculated,0.2139,0.0204,-0.0204,Calculated,,,,0.411,0.038,-0.038,Sarkis et al. 2018
1.50112,0.00195,0.30729,0.01423,-0.01423,Madhusudhan et al. 2023,0.05543,0.00127,-0.0013,Calculated,0.2217,0.0211,-0.0211,Calculated,,,,0.411,0.038,-0.038,Sarkis et al. 2018
1.50307,0.00195,0.28886,0.0139,-0.0139,Madhusudhan et al. 2023,0.05375,0.00128,-0.00131,Calculated,0.215,0.0205,-0.0205,Calculated,,,,0.411,0.038,-0.038,Sarkis et al. 2018
1.50502,0.00195,0.29626,0.01313,-0.01313,Madhusudhan et al. 2023,0.05443,0.00119,-0.00122,Calculated,0.2177,0.0207,-0.0207,Calculated,,,,0.411,0.038,-0.038,Sarkis et al. 2018
1.50697,0.00195,0.28512,0.01345,-0.01345,Madhusudhan et al. 2023,0.0534,0.00124,-0.00127,Calculated,0.2136,0.0204,-0.0204,Calculated,,,,0.411,0.038,-0.038,Sarkis et al. 2018
1.50892,0.00195,0.30524,0.0127,-0.0127,Madhusudhan et al. 2023,0.05525,0.00114,-0.00116,Calculated,0.221,0.0209,-0.0209,Calculated,,,,0.411,0.038,-0.038,Sarkis et al. 2018
1.51087,0.00195,0.29167,0.01253,-0.01253,Madhusudhan et al. 2023,0.05401,0.00115,-0.00117,Calculated,0.216,0.0205,-0.0205,Calculated,,,,0.411,0.038,-0.038,Sarkis et al. 2018
1.51282,0.00195,0.28805,0.01361,-0.01361,Madhusudhan et al. 2023,0.05367,0.00125,-0.00128,Calculated,0.2147,0.0205,-0.0205,Calculated,,,,0.411,0.038,-0.038,Sarkis et al. 2018
1.51477,0.00195,0.29838,0.01297,-0.01297,Madhusudhan et al. 2023,0.05462,0.00117,-0.0012,Calculated,0.2185,0.0207,-0.0207,Calculated,,,,0.411,0.038,-0.038,Sarkis et al. 2018
1.51672,0.00195,0.2857,0.01407,-0.01407,Madhusudhan et al. 2023,0.05345,0.0013,-0.00133,Calculated,0.2138,0.0205,-0.0205,Calculated,,,,0.411,0.038,-0.038,Sarkis et al. 2018
1.51867,0.00195,0.28616,0.01337,-0.01337,Madhusudhan et al. 2023,0.05349,0.00124,-0.00127,Calculated,0.2139,0.0204,-0.0204,Calculated,,,,0.411,0.038,-0.038,Sarkis et al. 2018
1.52062,0.00195,0.29665,0.01288,-0.01288,Madhusudhan et al. 2023,0.05447,0.00117,-0.0012,Calculated,0.2178,0.0207,-0.0207,Calculated,,,,0.411,0.038,-0.038,Sarkis et al. 2018
1.52257,0.00195,0.3012,0.01305,-0.01305,Madhusudhan et al. 2023,0.05488,0.00118,-0.0012,Calculated,0.2195,0.0208,-0.0208,Calculated,,,,0.411,0.038,-0.038,Sarkis et al. 2018
1.52452,0.00195,0.3,0.01338,-0.01338,Madhusudhan et al. 2023,0.05477,0.00121,-0.00124,Calculated,0.2191,0.0208,-0.0208,Calculated,,,,0.411,0.038,-0.038,Sarkis et al. 2018
1.52647,0.00195,0.29915,0.01314,-0.01314,Madhusudhan et al. 2023,0.05469,0.00119,-0.00121,Calculated,0.2188,0.0208,-0.0208,Calculated,,,,0.411,0.038,-0.038,Sarkis et al. 2018
1.52842,0.00195,0.29743,0.01307,-0.01307,Madhusudhan et al. 2023,0.05454,0.00119,-0.00121,Calculated,0.2181,0.0207,-0.0207,Calculated,,,,0.411,0.038,-0.038,Sarkis et al. 2018
1.53038,0.00195,0.3044,0.01395,-0.01395,Madhusudhan et al. 2023,0.05517,0.00125,-0.00128,Calculated,0.2207,0.021,-0.021,Calculated,,,,0.411,0.038,-0.038,Sarkis et al. 2018
1.53233,0.00195,0.25875,0.01367,-0.01367,Madhusudhan et al. 2023,0.05087,0.00133,-0.00136,Calculated,0.2034,0.0196,-0.0196,Calculated,,,,0.411,0.038,-0.038,Sarkis et al. 2018
1.53428,0.00195,0.26339,0.01282,-0.01282,Madhusudhan et al. 2023,0.05132,0.00123,-0.00126,Calculated,0.2053,0.0196,-0.0196,Calculated,,,,0.411,0.038,-0.038,Sarkis et al. 2018
1.53623,0.00195,0.2617,0.01392,-0.01392,Madhusudhan et al. 2023,0.05116,0.00134,-0.00138,Calculated,0.2046,0.0197,-0.0197,Calculated,,,,0.411,0.038,-0.038,Sarkis et al. 2018
1.53818,0.00195,0.27108,0.01309,-0.01309,Madhusudhan et al. 2023,0.05207,0.00124,-0.00127,Calculated,0.2082,0.0199,-0.0199,Calculated,,,,0.411,0.038,-0.038,Sarkis et al. 2018
1.54014,0.00195,0.28775,0.01257,-0.01257,Madhusudhan et al. 2023,0.05364,0.00116,-0.00118,Calculated,0.2145,0.0204,-0.0204,Calculated,,,,0.411,0.038,-0.038,Sarkis et al. 2018
1.54404,0.00195,0.30776,0.01279,-0.01279,Madhusudhan et al. 2023,0.05548,0.00114,-0.00116,Calculated,0.2219,0.021,-0.021,Calculated,,,,0.411,0.038,-0.038,Sarkis et al. 2018
1.546,0.00195,0.28709,0.01362,-0.01362,Madhusudhan et al. 2023,0.05358,0.00126,-0.00129,Calculated,0.2143,0.0205,-0.0205,Calculated,,,,0.411,0.038,-0.038,Sarkis et al. 2018
1.54795,0.00195,0.28314,0.01321,-0.01321,Madhusudhan et al. 2023,0.05321,0.00123,-0.00126,Calculated,0.2128,0.0203,-0.0203,Calculated,,,,0.411,0.038,-0.038,Sarkis et al. 2018
1.5499,0.00195,0.28945,0.0135,-0.0135,Madhusudhan et al. 2023,0.0538,0.00124,-0.00127,Calculated,0.2152,0.0205,-0.0205,Calculated,,,,0.411,0.038,-0.038,Sarkis et al. 2018
1.55186,0.00195,0.27156,0.01371,-0.01371,Madhusudhan et al. 2023,0.05211,0.0013,-0.00133,Calculated,0.2084,0.02,-0.02,Calculated,,,,0.411,0.038,-0.038,Sarkis et al. 2018
1.55381,0.00195,0.281,0.01328,-0.01328,Madhusudhan et al. 2023,0.05301,0.00124,-0.00127,Calculated,0.212,0.0202,-0.0202,Calculated,,,,0.411,0.038,-0.038,Sarkis et al. 2018
1.55576,0.00195,0.2698,0.01308,-0.01308,Madhusudhan et al. 2023,0.05194,0.00124,-0.00127,Calculated,0.2077,0.0199,-0.0199,Calculated,,,,0.411,0.038,-0.038,Sarkis et al. 2018
1.55772,0.00195,0.28093,0.01243,-0.01243,Madhusudhan et al. 2023,0.053,0.00116,-0.00119,Calculated,0.212,0.0202,-0.0202,Calculated,,,,0.411,0.038,-0.038,Sarkis et al. 2018
1.55967,0.00195,0.2746,0.01314,-0.01314,Madhusudhan et al. 2023,0.0524,0.00124,-0.00127,Calculated,0.2096,0.02,-0.02,Calculated,,,,0.411,0.038,-0.038,Sarkis et al. 2018
1.56163,0.00195,0.30695,0.0131,-0.0131,Madhusudhan et al. 2023,0.0554,0.00117,-0.0012,Calculated,0.2216,0.021,-0.021,Calculated,,,,0.411,0.038,-0.038,Sarkis et al. 2018
1.56358,0.00195,0.2692,0.01361,-0.01361,Madhusudhan et al. 2023,0.05188,0.0013,-0.00133,Calculated,0.2075,0.0199,-0.0199,Calculated,,,,0.411,0.038,-0.038,Sarkis et al. 2018
1.56554,0.00195,0.28749,0.01324,-0.01324,Madhusudhan et al. 2023,0.05362,0.00122,-0.00125,Calculated,0.2144,0.0204,-0.0204,Calculated,,,,0.411,0.038,-0.038,Sarkis et al. 2018
1.56749,0.00195,0.28311,0.01364,-0.01364,Madhusudhan et al. 2023,0.05321,0.00127,-0.0013,Calculated,0.2128,0.0203,-0.0203,Calculated,,,,0.411,0.038,-0.038,Sarkis et al. 2018
1.56945,0.00196,0.29456,0.01334,-0.01334,Madhusudhan et al. 2023,0.05427,0.00122,-0.00124,Calculated,0.2171,0.0207,-0.0207,Calculated,,,,0.411,0.038,-0.038,Sarkis et al. 2018
1.5714,0.00196,0.30261,0.01294,-0.01294,Madhusudhan et al. 2023,0.05501,0.00116,-0.00119,Calculated,0.22,0.0209,-0.0209,Calculated,,,,0.411,0.038,-0.038,Sarkis et al. 2018
1.57336,0.00196,0.30804,0.01445,-0.01445,Madhusudhan et al. 2023,0.0555,0.00129,-0.00132,Calculated,0.222,0.0212,-0.0212,Calculated,,,,0.411,0.038,-0.038,Sarkis et al. 2018
1.57531,0.00196,0.29847,0.01357,-0.01357,Madhusudhan et al. 2023,0.05463,0.00123,-0.00126,Calculated,0.2185,0.0208,-0.0208,Calculated,,,,0.411,0.038,-0.038,Sarkis et al. 2018
1.57727,0.00196,0.27762,0.01388,-0.01388,Madhusudhan et al. 2023,0.05269,0.0013,-0.00133,Calculated,0.2107,0.0202,-0.0202,Calculated,,,,0.411,0.038,-0.038,Sarkis et al. 2018
1.57922,0.00196,0.28378,0.01397,-0.01397,Madhusudhan et al. 2023,0.05327,0.0013,-0.00133,Calculated,0.2131,0.0204,-0.0204,Calculated,,,,0.411,0.038,-0.038,Sarkis et al. 2018
1.58118,0.00196,0.27479,0.01418,-0.01418,Madhusudhan et al. 2023,0.05242,0.00134,-0.00137,Calculated,0.2097,0.0201,-0.0201,Calculated,,,,0.411,0.038,-0.038,Sarkis et al. 2018
1.58313,0.00196,0.26286,0.0134,-0.0134,Madhusudhan et al. 2023,0.05127,0.00129,-0.00132,Calculated,0.2051,0.0197,-0.0197,Calculated,,,,0.411,0.038,-0.038,Sarkis et al. 2018
1.58509,0.00196,0.29267,0.01428,-0.01428,Madhusudhan et al. 2023,0.0541,0.0013,-0.00134,Calculated,0.2164,0.0207,-0.0207,Calculated,,,,0.411,0.038,-0.038,Sarkis et al. 2018
1.58705,0.00196,0.29811,0.01384,-0.01384,Madhusudhan et al. 2023,0.0546,0.00125,-0.00128,Calculated,0.2184,0.0208,-0.0208,Calculated,,,,0.411,0.038,-0.038,Sarkis et al. 2018
1.589,0.00196,0.28798,0.01363,-0.01363,Madhusudhan et al. 2023,0.05366,0.00126,-0.00129,Calculated,0.2146,0.0205,-0.0205,Calculated,,,,0.411,0.038,-0.038,Sarkis et al. 2018
1.59096,0.00196,0.26693,0.01336,-0.01336,Madhusudhan et al. 2023,0.05167,0.00128,-0.00131,Calculated,0.2066,0.0198,-0.0198,Calculated,,,,0.411,0.038,-0.038,Sarkis et al. 2018
1.59292,0.00196,0.28185,0.01343,-0.01343,Madhusudhan et al. 2023,0.05309,0.00125,-0.00128,Calculated,0.2123,0.0203,-0.0203,Calculated,,,,0.411,0.038,-0.038,Sarkis et al. 2018
1.59487,0.00196,0.28705,0.01357,-0.01357,Madhusudhan et al. 2023,0.05358,0.00125,-0.00128,Calculated,0.2143,0.0204,-0.0204,Calculated,,,,0.411,0.038,-0.038,Sarkis et al. 2018
1.59683,0.00196,0.30062,0.01401,-0.01401,Madhusudhan et al. 2023,0.05483,0.00126,-0.00129,Calculated,0.2193,0.0209,-0.0209,Calculated,,,,0.411,0.038,-0.038,Sarkis et al. 2018
1.59879,0.00196,0.30718,0.01473,-0.01473,Madhusudhan et al. 2023,0.05542,0.00131,-0.00134,Calculated,0.2217,0.0212,-0.0212,Calculated,,,,0.411,0.038,-0.038,Sarkis et al. 2018
1.60074,0.00196,0.28743,0.01449,-0.01449,Madhusudhan et al. 2023,0.05361,0.00133,-0.00137,Calculated,0.2144,0.0205,-0.0205,Calculated,,,,0.411,0.038,-0.038,Sarkis et al. 2018
1.6027,0.00196,0.29422,0.01372,-0.01372,Madhusudhan et al. 2023,0.05424,0.00125,-0.00128,Calculated,0.2169,0.0207,-0.0207,Calculated,,,,0.411,0.038,-0.038,Sarkis et al. 2018
1.60466,0.00196,0.2876,0.01456,-0.01456,Madhusudhan et al. 2023,0.05363,0.00134,-0.00137,Calculated,0.2145,0.0206,-0.0206,Calculated,,,,0.411,0.038,-0.038,Sarkis et al. 2018
1.60662,0.00196,0.26994,0.01375,-0.01375,Madhusudhan et al. 2023,0.05196,0.00131,-0.00134,Calculated,0.2078,0.0199,-0.0199,Calculated,,,,0.411,0.038,-0.038,Sarkis et al. 2018
1.60857,0.00196,0.28574,0.01437,-0.01437,Madhusudhan et al. 2023,0.05345,0.00133,-0.00136,Calculated,0.2138,0.0205,-0.0205,Calculated,,,,0.411,0.038,-0.038,Sarkis et al. 2018
1.61053,0.00196,0.29156,0.01384,-0.01384,Madhusudhan et al. 2023,0.054,0.00127,-0.0013,Calculated,0.216,0.0206,-0.0206,Calculated,,,,0.411,0.038,-0.038,Sarkis et al. 2018
1.61249,0.00196,0.26489,0.01404,-0.01404,Madhusudhan et al. 2023,0.05147,0.00135,-0.00138,Calculated,0.2058,0.0198,-0.0198,Calculated,,,,0.411,0.038,-0.038,Sarkis et al. 2018
1.61445,0.00196,0.32917,0.0145,-0.0145,Madhusudhan et al. 2023,0.05737,0.00125,-0.00128,Calculated,0.2295,0.0218,-0.0218,Calculated,,,,0.411,0.038,-0.038,Sarkis et al. 2018
1.61641,0.00196,0.2705,0.01446,-0.01446,Madhusudhan et al. 2023,0.05201,0.00137,-0.00141,Calculated,0.208,0.02,-0.02,Calculated,,,,0.411,0.038,-0.038,Sarkis et al. 2018
1.61836,0.00196,0.30212,0.01464,-0.01464,Madhusudhan et al. 2023,0.05497,0.00132,-0.00135,Calculated,0.2198,0.021,-0.021,Calculated,,,,0.411,0.038,-0.038,Sarkis et al. 2018
1.62032,0.00196,0.27459,0.01372,-0.01372,Madhusudhan et al. 2023,0.0524,0.00129,-0.00133,Calculated,0.2096,0.0201,-0.0201,Calculated,,,,0.411,0.038,-0.038,Sarkis et al. 2018
1.62228,0.00196,0.29508,0.01342,-0.01342,Madhusudhan et al. 2023,0.05432,0.00122,-0.00125,Calculated,0.2173,0.0207,-0.0207,Calculated,,,,0.411,0.038,-0.038,Sarkis et al. 2018
1.62424,0.00196,0.28785,0.01413,-0.01413,Madhusudhan et al. 2023,0.05365,0.0013,-0.00133,Calculated,0.2146,0.0205,-0.0205,Calculated,,,,0.411,0.038,-0.038,Sarkis et al. 2018
1.6262,0.00196,0.29157,0.01463,-0.01463,Madhusudhan et al. 2023,0.054,0.00134,-0.00137,Calculated,0.216,0.0207,-0.0207,Calculated,,,,0.411,0.038,-0.038,Sarkis et al. 2018
1.62816,0.00196,0.27524,0.01385,-0.01385,Madhusudhan et al. 2023,0.05246,0.0013,-0.00134,Calculated,0.2098,0.0201,-0.0201,Calculated,,,,0.411,0.038,-0.038,Sarkis et al. 2018
1.63012,0.00196,0.29741,0.01331,-0.01331,Madhusudhan et al. 2023,0.05454,0.00121,-0.00123,Calculated,0.2181,0.0207,-0.0207,Calculated,,,,0.411,0.038,-0.038,Sarkis et al. 2018
1.63207,0.00196,0.2866,0.01433,-0.01433,Madhusudhan et al. 2023,0.05353,0.00132,-0.00136,Calculated,0.2141,0.0205,-0.0205,Calculated,,,,0.411,0.038,-0.038,Sarkis et al. 2018
1.63403,0.00196,0.30791,0.01443,-0.01443,Madhusudhan et al. 2023,0.05549,0.00129,-0.00132,Calculated,0.2219,0.0212,-0.0212,Calculated,,,,0.411,0.038,-0.038,Sarkis et al. 2018
1.63599,0.00196,0.30415,0.01345,-0.01345,Madhusudhan et al. 2023,0.05515,0.00121,-0.00123,Calculated,0.2206,0.021,-0.021,Calculated,,,,0.411,0.038,-0.038,Sarkis et al. 2018
1.63795,0.00196,0.29732,0.01404,-0.01404,Madhusudhan et al. 2023,0.05453,0.00127,-0.0013,Calculated,0.2181,0.0208,-0.0208,Calculated,,,,0.411,0.038,-0.038,Sarkis et al. 2018
1.63991,0.00196,0.30257,0.01439,-0.01439,Madhusudhan et al. 2023,0.05501,0.00129,-0.00132,Calculated,0.22,0.021,-0.021,Calculated,,,,0.411,0.038,-0.038,Sarkis et al. 2018
1.64187,0.00196,0.27926,0.0144,-0.0144,Madhusudhan et al. 2023,0.05284,0.00134,-0.00138,Calculated,0.2114,0.0203,-0.0203,Calculated,,,,0.411,0.038,-0.038,Sarkis et al. 2018
1.64383,0.00196,0.30393,0.01436,-0.01436,Madhusudhan et al. 2023,0.05513,0.00129,-0.00132,Calculated,0.2205,0.021,-0.021,Calculated,,,,0.411,0.038,-0.038,Sarkis et al. 2018
1.64579,0.00196,0.30075,0.01495,-0.01495,Madhusudhan et al. 2023,0.05484,0.00135,-0.00138,Calculated,0.2193,0.021,-0.021,Calculated,,,,0.411,0.038,-0.038,Sarkis et al. 2018
1.64775,0.00196,0.26942,0.01496,-0.01496,Madhusudhan et al. 2023,0.05191,0.00142,-0.00146,Calculated,0.2076,0.02,-0.02,Calculated,,,,0.411,0.038,-0.038,Sarkis et al. 2018
1.64971,0.00196,0.29548,0.01421,-0.01421,Madhusudhan et al. 2023,0.05436,0.00129,-0.00132,Calculated,0.2174,0.0208,-0.0208,Calculated,,,,0.411,0.038,-0.038,Sarkis et al. 2018
1.65167,0.00196,0.31806,0.01487,-0.01487,Madhusudhan et al. 2023,0.0564,0.0013,-0.00133,Calculated,0.2256,0.0215,-0.0215,Calculated,,,,0.411,0.038,-0.038,Sarkis et al. 2018
1.65559,0.00196,0.30146,0.01532,-0.01532,Madhusudhan et al. 2023,0.05491,0.00138,-0.00141,Calculated,0.2196,0.0211,-0.0211,Calculated,,,,0.411,0.038,-0.038,Sarkis et al. 2018
1.65755,0.00196,0.30573,0.01439,-0.01439,Madhusudhan et al. 2023,0.05529,0.00129,-0.00132,Calculated,0.2211,0.0211,-0.0211,Calculated,,,,0.411,0.038,-0.038,Sarkis et al. 2018
1.65951,0.00196,0.2956,0.0143,-0.0143,Madhusudhan et al. 2023,0.05437,0.0013,-0.00133,Calculated,0.2175,0.0208,-0.0208,Calculated,,,,0.411,0.038,-0.038,Sarkis et al. 2018
1.66147,0.00196,0.3099,0.01495,-0.01495,Madhusudhan et al. 2023,0.05567,0.00133,-0.00136,Calculated,0.2226,0.0213,-0.0213,Calculated,,,,0.411,0.038,-0.038,Sarkis et al. 2018
1.66343,0.00196,0.28429,0.01457,-0.01457,Madhusudhan et al. 2023,0.05332,0.00135,-0.00138,Calculated,0.2132,0.0205,-0.0205,Calculated,,,,0.411,0.038,-0.038,Sarkis et al. 2018
1.66539,0.00196,0.26032,0.01443,-0.01443,Madhusudhan et al. 2023,0.05102,0.0014,-0.00143,Calculated,0.2041,0.0197,-0.0197,Calculated,,,,0.411,0.038,-0.038,Sarkis et al. 2018
1.66735,0.00196,0.29077,0.01498,-0.01498,Madhusudhan et al. 2023,0.05392,0.00137,-0.00141,Calculated,0.2157,0.0207,-0.0207,Calculated,,,,0.411,0.038,-0.038,Sarkis et al. 2018
1.66931,0.00196,0.29786,0.01527,-0.01527,Madhusudhan et al. 2023,0.05458,0.00138,-0.00142,Calculated,0.2183,0.0209,-0.0209,Calculated,,,,0.411,0.038,-0.038,Sarkis et al. 2018
1.67128,0.00196,0.29442,0.01489,-0.01489,Madhusudhan et al. 2023,0.05426,0.00135,-0.00139,Calculated,0.217,0.0208,-0.0208,Calculated,,,,0.411,0.038,-0.038,Sarkis et al. 2018
1.67324,0.00196,0.26853,0.01375,-0.01375,Madhusudhan et al. 2023,0.05182,0.00131,-0.00134,Calculated,0.2073,0.0199,-0.0199,Calculated,,,,0.411,0.038,-0.038,Sarkis et al. 2018
1.6752,0.00196,0.26152,0.01449,-0.01449,Madhusudhan et al. 2023,0.05114,0.0014,-0.00144,Calculated,0.2045,0.0197,-0.0197,Calculated,,,,0.411,0.038,-0.038,Sarkis et al. 2018
1.67716,0.00196,0.29287,0.01642,-0.01642,Madhusudhan et al. 2023,0.05412,0.0015,-0.00154,Calculated,0.2164,0.0209,-0.0209,Calculated,,,,0.411,0.038,-0.038,Sarkis et al. 2018
1.67912,0.00196,0.29815,0.0147,-0.0147,Madhusudhan et al. 2023,0.0546,0.00133,-0.00136,Calculated,0.2184,0.0209,-0.0209,Calculated,,,,0.411,0.038,-0.038,Sarkis et al. 2018
1.68108,0.00196,0.25927,0.01489,-0.01489,Madhusudhan et al. 2023,0.05092,0.00144,-0.00148,Calculated,0.2037,0.0197,-0.0197,Calculated,,,,0.411,0.038,-0.038,Sarkis et al. 2018
1.68304,0.00196,0.30387,0.01457,-0.01457,Madhusudhan et al. 2023,0.05512,0.00131,-0.00134,Calculated,0.2205,0.0211,-0.0211,Calculated,,,,0.411,0.038,-0.038,Sarkis et al. 2018
1.68501,0.00196,0.26785,0.0148,-0.0148,Madhusudhan et al. 2023,0.05175,0.00141,-0.00145,Calculated,0.207,0.02,-0.02,Calculated,,,,0.411,0.038,-0.038,Sarkis et al. 2018
1.68697,0.00196,0.27776,0.01456,-0.01456,Madhusudhan et al. 2023,0.0527,0.00136,-0.0014,Calculated,0.2108,0.0203,-0.0203,Calculated,,,,0.411,0.038,-0.038,Sarkis et al. 2018
1.68893,0.00196,0.26164,0.01458,-0.01458,Madhusudhan et al. 2023,0.05115,0.00141,-0.00145,Calculated,0.2046,0.0198,-0.0198,Calculated,,,,0.411,0.038,-0.038,Sarkis et al. 2018
1.69089,0.00196,0.31301,0.01513,-0.01513,Madhusudhan et al. 2023,0.05595,0.00134,-0.00137,Calculated,0.2238,0.0214,-0.0214,Calculated,,,,0.411,0.038,-0.038,Sarkis et al. 2018
1.69285,0.00196,0.27558,0.01441,-0.01441,Madhusudhan et al. 2023,0.0525,0.00135,-0.00139,Calculated,0.21,0.0202,-0.0202,Calculated,,,,0.411,0.038,-0.038,Sarkis et al. 2018
1.69481,0.00196,0.29445,0.01525,-0.01525,Madhusudhan et al. 2023,0.05426,0.00139,-0.00142,Calculated,0.217,0.0208,-0.0208,Calculated,,,,0.411,0.038,-0.038,Sarkis et al. 2018
1.69678,0.00196,0.28655,0.01612,-0.01612,Madhusudhan et al. 2023,0.05353,0.00149,-0.00153,Calculated,0.2141,0.0207,-0.0207,Calculated,,,,0.411,0.038,-0.038,Sarkis et al. 2018
1.69874,0.00196,0.27579,0.01537,-0.01537,Madhusudhan et al. 2023,0.05252,0.00144,-0.00148,Calculated,0.21,0.0203,-0.0203,Calculated,,,,0.411,0.038,-0.038,Sarkis et al. 2018
1.7007,0.00196,0.30482,0.01634,-0.01634,Madhusudhan et al. 2023,0.05521,0.00146,-0.0015,Calculated,0.2208,0.0213,-0.0213,Calculated,,,,0.411,0.038,-0.038,Sarkis et al. 2018
1.70266,0.00196,0.25901,0.01571,-0.01571,Madhusudhan et al. 2023,0.05089,0.00152,-0.00157,Calculated,0.2035,0.0198,-0.0198,Calculated,,,,0.411,0.038,-0.038,Sarkis et al. 2018
1.70463,0.00196,0.28802,0.01509,-0.01509,Madhusudhan et al. 2023,0.05367,0.00139,-0.00142,Calculated,0.2146,0.0206,-0.0206,Calculated,,,,0.411,0.038,-0.038,Sarkis et al. 2018
1.70659,0.00196,0.32624,0.01525,-0.01525,Madhusudhan et al. 2023,0.05712,0.00132,-0.00135,Calculated,0.2284,0.0218,-0.0218,Calculated,,,,0.411,0.038,-0.038,Sarkis et al. 2018
1.70855,0.00196,0.29739,0.01545,-0.01545,Madhusudhan et al. 2023,0.05453,0.0014,-0.00144,Calculated,0.2181,0.0209,-0.0209,Calculated,,,,0.411,0.038,-0.038,Sarkis et al. 2018
1.71051,0.00196,0.28579,0.01606,-0.01606,Madhusudhan et al. 2023,0.05346,0.00148,-0.00152,Calculated,0.2138,0.0207,-0.0207,Calculated,,,,0.411,0.038,-0.038,Sarkis et al. 2018
1.71444,0.00196,0.33157,0.01592,-0.01592,Madhusudhan et al. 2023,0.05758,0.00137,-0.0014,Calculated,0.2303,0.022,-0.022,Calculated,,,,0.411,0.038,-0.038,Sarkis et al. 2018
1.7164,0.00196,0.28067,0.01449,-0.01449,Madhusudhan et al. 2023,0.05298,0.00135,-0.00139,Calculated,0.2119,0.0203,-0.0203,Calculated,,,,0.411,0.038,-0.038,Sarkis et al. 2018
1.71836,0.00196,0.28083,0.01554,-0.01554,Madhusudhan et al. 2023,0.05299,0.00145,-0.00149,Calculated,0.2119,0.0205,-0.0205,Calculated,,,,0.411,0.038,-0.038,Sarkis et al. 2018
1.72033,0.00196,0.2932,0.015,-0.015,Madhusudhan et al. 2023,0.05415,0.00137,-0.0014,Calculated,0.2166,0.0208,-0.0208,Calculated,,,,0.411,0.038,-0.038,Sarkis et al. 2018
1.72229,0.00196,0.29347,0.01606,-0.01606,Madhusudhan et al. 2023,0.05417,0.00146,-0.0015,Calculated,0.2167,0.0209,-0.0209,Calculated,,,,0.411,0.038,-0.038,Sarkis et al. 2018
1.72425,0.00196,0.28367,0.01667,-0.01667,Madhusudhan et al. 2023,0.05326,0.00154,-0.00159,Calculated,0.213,0.0207,-0.0207,Calculated,,,,0.411,0.038,-0.038,Sarkis et al. 2018
1.72622,0.00196,0.2846,0.01539,-0.01539,Madhusudhan et al. 2023,0.05335,0.00142,-0.00146,Calculated,0.2134,0.0206,-0.0206,Calculated,,,,0.411,0.038,-0.038,Sarkis et al. 2018
1.72818,0.00196,0.29825,0.0164,-0.0164,Madhusudhan et al. 2023,0.05461,0.00148,-0.00152,Calculated,0.2184,0.0211,-0.0211,Calculated,,,,0.411,0.038,-0.038,Sarkis et al. 2018
1.73014,0.00196,0.27255,0.01652,-0.01652,Madhusudhan et al. 2023,0.05221,0.00156,-0.00161,Calculated,0.2088,0.0203,-0.0203,Calculated,,,,0.411,0.038,-0.038,Sarkis et al. 2018
1.73211,0.00196,0.29035,0.01631,-0.01631,Madhusudhan et al. 2023,0.05388,0.00149,-0.00154,Calculated,0.2155,0.0208,-0.0208,Calculated,,,,0.411,0.038,-0.038,Sarkis et al. 2018
1.73407,0.00196,0.26501,0.01642,-0.01642,Madhusudhan et al. 2023,0.05148,0.00157,-0.00162,Calculated,0.2059,0.0201,-0.0201,Calculated,,,,0.411,0.038,-0.038,Sarkis et al. 2018
1.73603,0.00196,0.28079,0.01679,-0.01679,Madhusudhan et al. 2023,0.05299,0.00156,-0.00161,Calculated,0.2119,0.0206,-0.0206,Calculated,,,,0.411,0.038,-0.038,Sarkis et al. 2018
1.738,0.00196,0.30611,0.01787,-0.01787,Madhusudhan et al. 2023,0.05533,0.00159,-0.00164,Calculated,0.2213,0.0215,-0.0215,Calculated,,,,0.411,0.038,-0.038,Sarkis et al. 2018
1.73996,0.00196,0.29953,0.01656,-0.01656,Madhusudhan et al. 2023,0.05473,0.00149,-0.00153,Calculated,0.2189,0.0211,-0.0211,Calculated,,,,0.411,0.038,-0.038,Sarkis et al. 2018
1.74192,0.00196,0.29167,0.016,-0.016,Madhusudhan et al. 2023,0.05401,0.00146,-0.0015,Calculated,0.216,0.0208,-0.0208,Calculated,,,,0.411,0.038,-0.038,Sarkis et al. 2018
1.74389,0.00196,0.30496,0.01664,-0.01664,Madhusudhan et al. 2023,0.05522,0.00149,-0.00153,Calculated,0.2209,0.0213,-0.0213,Calculated,,,,0.411,0.038,-0.038,Sarkis et al. 2018
1.74585,0.00196,0.29422,0.01606,-0.01606,Madhusudhan et al. 2023,0.05424,0.00146,-0.0015,Calculated,0.2169,0.0209,-0.0209,Calculated,,,,0.411,0.038,-0.038,Sarkis et al. 2018
1.74782,0.00196,0.29543,0.01556,-0.01556,Madhusudhan et al. 2023,0.05435,0.00141,-0.00145,Calculated,0.2174,0.0209,-0.0209,Calculated,,,,0.411,0.038,-0.038,Sarkis et al. 2018
1.74978,0.00196,0.26284,0.01601,-0.01601,Madhusudhan et al. 2023,0.05127,0.00154,-0.00159,Calculated,0.205,0.02,-0.02,Calculated,,,,0.411,0.038,-0.038,Sarkis et al. 2018
1.75174,0.00196,0.29044,0.01661,-0.01661,Madhusudhan et al. 2023,0.05389,0.00152,-0.00156,Calculated,0.2155,0.0209,-0.0209,Calculated,,,,0.411,0.038,-0.038,Sarkis et al. 2018
1.75371,0.00196,0.27046,0.01734,-0.01734,Madhusudhan et al. 2023,0.05201,0.00164,-0.00169,Calculated,0.208,0.0204,-0.0204,Calculated,,,,0.411,0.038,-0.038,Sarkis et al. 2018
1.75567,0.00196,0.31688,0.01674,-0.01674,Madhusudhan et al. 2023,0.05629,0.00147,-0.00151,Calculated,0.2251,0.0216,-0.0216,Calculated,,,,0.411,0.038,-0.038,Sarkis et al. 2018
1.75764,0.00196,0.29207,0.01732,-0.01732,Madhusudhan et al. 2023,0.05404,0.00158,-0.00163,Calculated,0.2161,0.021,-0.021,Calculated,,,,0.411,0.038,-0.038,Sarkis et al. 2018
1.7596,0.00196,0.30292,0.01735,-0.01735,Madhusudhan et al. 2023,0.05504,0.00155,-0.0016,Calculated,0.2201,0.0213,-0.0213,Calculated,,,,0.411,0.038,-0.038,Sarkis et al. 2018
1.76156,0.00196,0.3103,0.01721,-0.01721,Madhusudhan et al. 2023,0.0557,0.00152,-0.00157,Calculated,0.2228,0.0215,-0.0215,Calculated,,,,0.411,0.038,-0.038,Sarkis et al. 2018
1.76353,0.00196,0.28757,0.0169,-0.0169,Madhusudhan et al. 2023,0.05363,0.00155,-0.0016,Calculated,0.2145,0.0208,-0.0208,Calculated,,,,0.411,0.038,-0.038,Sarkis et al. 2018
1.76549,0.00196,0.29194,0.01668,-0.01668,Madhusudhan et al. 2023,0.05403,0.00152,-0.00157,Calculated,0.2161,0.0209,-0.0209,Calculated,,,,0.411,0.038,-0.038,Sarkis et al. 2018
1.76746,0.00196,0.293,0.01685,-0.01685,Madhusudhan et al. 2023,0.05413,0.00153,-0.00158,Calculated,0.2165,0.021,-0.021,Calculated,,,,0.411,0.038,-0.038,Sarkis et al. 2018
1.76942,0.00196,0.31467,0.01826,-0.01826,Madhusudhan et al. 2023,0.0561,0.0016,-0.00165,Calculated,0.2244,0.0217,-0.0217,Calculated,,,,0.411,0.038,-0.038,Sarkis et al. 2018
1.77139,0.00196,0.29953,0.01758,-0.01758,Madhusudhan et al. 2023,0.05473,0.00158,-0.00163,Calculated,0.2189,0.0212,-0.0212,Calculated,,,,0.411,0.038,-0.038,Sarkis et al. 2018
1.77335,0.00196,0.28638,0.01779,-0.01779,Madhusudhan et al. 2023,0.05351,0.00164,-0.00169,Calculated,0.214,0.0209,-0.0209,Calculated,,,,0.411,0.038,-0.038,Sarkis et al. 2018
1.77531,0.00196,0.28786,0.01749,-0.01749,Madhusudhan et al. 2023,0.05365,0.00161,-0.00166,Calculated,0.2146,0.0209,-0.0209,Calculated,,,,0.411,0.038,-0.038,Sarkis et al. 2018
1.77728,0.00196,0.30298,0.01727,-0.01727,Madhusudhan et al. 2023,0.05504,0.00155,-0.00159,Calculated,0.2201,0.0213,-0.0213,Calculated,,,,0.411,0.038,-0.038,Sarkis et al. 2018
1.77924,0.00196,0.24863,0.01674,-0.01674,Madhusudhan et al. 2023,0.04986,0.00165,-0.00171,Calculated,0.1994,0.0196,-0.0196,Calculated,,,,0.411,0.038,-0.038,Sarkis et al. 2018
1.78121,0.00196,0.28605,0.01786,-0.01786,Madhusudhan et al. 2023,0.05348,0.00164,-0.0017,Calculated,0.2139,0.0209,-0.0209,Calculated,,,,0.411,0.038,-0.038,Sarkis et al. 2018
1.78317,0.00196,0.29672,0.01643,-0.01643,Madhusudhan et al. 2023,0.05447,0.00149,-0.00153,Calculated,0.2179,0.021,-0.021,Calculated,,,,0.411,0.038,-0.038,Sarkis et al. 2018
1.78514,0.00196,0.32039,0.01792,-0.01792,Madhusudhan et al. 2023,0.0566,0.00156,-0.00161,Calculated,0.2264,0.0219,-0.0219,Calculated,,,,0.411,0.038,-0.038,Sarkis et al. 2018
1.7871,0.00196,0.30845,0.01747,-0.01747,Madhusudhan et al. 2023,0.05554,0.00155,-0.0016,Calculated,0.2221,0.0215,-0.0215,Calculated,,,,0.411,0.038,-0.038,Sarkis et al. 2018
1.78907,0.00196,0.28397,0.01893,-0.01893,Madhusudhan et al. 2023,0.05329,0.00175,-0.00181,Calculated,0.2131,0.0209,-0.0209,Calculated,,,,0.411,0.038,-0.038,Sarkis et al. 2018
1.79103,0.00196,0.28229,0.01751,-0.01751,Madhusudhan et al. 2023,0.05313,0.00162,-0.00167,Calculated,0.2125,0.0207,-0.0207,Calculated,,,,0.411,0.038,-0.038,Sarkis et al. 2018
1.793,0.00196,0.27745,0.01812,-0.01812,Madhusudhan et al. 2023,0.05267,0.00169,-0.00175,Calculated,0.2107,0.0207,-0.0207,Calculated,,,,0.411,0.038,-0.038,Sarkis et al. 2018
1.79496,0.00196,0.28953,0.01822,-0.01822,Madhusudhan et al. 2023,0.05381,0.00167,-0.00172,Calculated,0.2152,0.021,-0.021,Calculated,,,,0.411,0.038,-0.038,Sarkis et al. 2018
1.79693,0.00197,0.2633,0.01865,-0.01865,Madhusudhan et al. 2023,0.05131,0.00179,-0.00185,Calculated,0.2052,0.0203,-0.0203,Calculated,,,,0.411,0.038,-0.038,Sarkis et al. 2018
1.79889,0.00197,0.31388,0.01757,-0.01757,Madhusudhan et al. 2023,0.05603,0.00155,-0.00159,Calculated,0.2241,0.0216,-0.0216,Calculated,,,,0.411,0.038,-0.038,Sarkis et al. 2018
1.80086,0.00197,0.32334,0.01858,-0.01858,Madhusudhan et al. 2023,0.05686,0.00161,-0.00166,Calculated,0.2274,0.022,-0.022,Calculated,,,,0.411,0.038,-0.038,Sarkis et al. 2018
1.80282,0.00197,0.309,0.01852,-0.01852,Madhusudhan et al. 2023,0.05559,0.00164,-0.00169,Calculated,0.2223,0.0216,-0.0216,Calculated,,,,0.411,0.038,-0.038,Sarkis et al. 2018
1.80479,0.00197,0.26287,0.01701,-0.01701,Madhusudhan et al. 2023,0.05127,0.00163,-0.00169,Calculated,0.2051,0.0201,-0.0201,Calculated,,,,0.411,0.038,-0.038,Sarkis et al. 2018
1.80675,0.00197,0.33699,0.01881,-0.01881,Madhusudhan et al. 2023,0.05805,0.0016,-0.00164,Calculated,0.2322,0.0224,-0.0224,Calculated,,,,0.411,0.038,-0.038,Sarkis et al. 2018
1.80872,0.00197,0.29498,0.01805,-0.01805,Madhusudhan et al. 2023,0.05431,0.00164,-0.00169,Calculated,0.2172,0.0212,-0.0212,Calculated,,,,0.411,0.038,-0.038,Sarkis et al. 2018
1.81068,0.00197,0.28437,0.01909,-0.01909,Madhusudhan et al. 2023,0.05333,0.00176,-0.00182,Calculated,0.2133,0.021,-0.021,Calculated,,,,0.411,0.038,-0.038,Sarkis et al. 2018
1.81265,0.00197,0.31129,0.0181,-0.0181,Madhusudhan et al. 2023,0.05579,0.0016,-0.00165,Calculated,0.2231,0.0216,-0.0216,Calculated,,,,0.411,0.038,-0.038,Sarkis et al. 2018
1.81658,0.00197,0.30952,0.02024,-0.02024,Madhusudhan et al. 2023,0.05563,0.00179,-0.00185,Calculated,0.2225,0.0218,-0.0218,Calculated,,,,0.411,0.038,-0.038,Sarkis et al. 2018
1.81854,0.00197,0.29174,0.01763,-0.01763,Madhusudhan et al. 2023,0.05401,0.00161,-0.00166,Calculated,0.216,0.021,-0.021,Calculated,,,,0.411,0.038,-0.038,Sarkis et al. 2018
1.82051,0.00197,0.3185,0.01906,-0.01906,Madhusudhan et al. 2023,0.05644,0.00166,-0.00171,Calculated,0.2257,0.0219,-0.0219,Calculated,,,,0.411,0.038,-0.038,Sarkis et al. 2018
1.82248,0.00197,0.30927,0.01895,-0.01895,Madhusudhan et al. 2023,0.05561,0.00168,-0.00173,Calculated,0.2224,0.0217,-0.0217,Calculated,,,,0.411,0.038,-0.038,Sarkis et al. 2018
1.82444,0.00197,0.30674,0.01853,-0.01853,Madhusudhan et al. 2023,0.05538,0.00165,-0.0017,Calculated,0.2215,0.0215,-0.0215,Calculated,,,,0.411,0.038,-0.038,Sarkis et al. 2018
1.82641,0.00197,0.26688,0.01837,-0.01837,Madhusudhan et al. 2023,0.05166,0.00175,-0.00181,Calculated,0.2066,0.0204,-0.0204,Calculated,,,,0.411,0.038,-0.038,Sarkis et al. 2018
1.83034,0.00197,0.2873,0.01868,-0.01868,Madhusudhan et al. 2023,0.0536,0.00172,-0.00177,Calculated,0.2144,0.021,-0.021,Calculated,,,,0.411,0.038,-0.038,Sarkis et al. 2018
1.8323,0.00197,0.31552,0.01959,-0.01959,Madhusudhan et al. 2023,0.05617,0.00172,-0.00177,Calculated,0.2247,0.0219,-0.0219,Calculated,,,,0.411,0.038,-0.038,Sarkis et al. 2018
1.83427,0.00197,0.29921,0.01871,-0.01871,Madhusudhan et al. 2023,0.0547,0.00168,-0.00174,Calculated,0.2188,0.0214,-0.0214,Calculated,,,,0.411,0.038,-0.038,Sarkis et al. 2018
1.83624,0.00197,0.30172,0.02002,-0.02002,Madhusudhan et al. 2023,0.05493,0.00179,-0.00185,Calculated,0.2197,0.0216,-0.0216,Calculated,,,,0.411,0.038,-0.038,Sarkis et al. 2018
1.8382,0.00197,0.2688,0.01961,-0.01961,Madhusudhan et al. 2023,0.05185,0.00186,-0.00193,Calculated,0.2074,0.0206,-0.0206,Calculated,,,,0.411,0.038,-0.038,Sarkis et al. 2018
1.84017,0.00197,0.28533,0.02143,-0.02143,Madhusudhan et al. 2023,0.05342,0.00197,-0.00205,Calculated,0.2136,0.0213,-0.0213,Calculated,,,,0.411,0.038,-0.038,Sarkis et al. 2018
1.84213,0.00197,0.29757,0.02037,-0.02037,Madhusudhan et al. 2023,0.05455,0.00184,-0.0019,Calculated,0.2182,0.0215,-0.0215,Calculated,,,,0.411,0.038,-0.038,Sarkis et al. 2018
1.8441,0.00197,0.29199,0.01899,-0.01899,Madhusudhan et al. 2023,0.05404,0.00173,-0.00179,Calculated,0.2161,0.0212,-0.0212,Calculated,,,,0.411,0.038,-0.038,Sarkis et al. 2018
1.84606,0.00197,0.33784,0.0205,-0.0205,Madhusudhan et al. 2023,0.05812,0.00174,-0.00179,Calculated,0.2325,0.0226,-0.0226,Calculated,,,,0.411,0.038,-0.038,Sarkis et al. 2018
1.84803,0.00197,0.28343,0.02086,-0.02086,Madhusudhan et al. 2023,0.05324,0.00192,-0.002,Calculated,0.2129,0.0212,-0.0212,Calculated,,,,0.411,0.038,-0.038,Sarkis et al. 2018
1.85,0.00197,0.32785,0.0211,-0.0211,Madhusudhan et al. 2023,0.05726,0.00181,-0.00187,Calculated,0.229,0.0224,-0.0224,Calculated,,,,0.411,0.038,-0.038,Sarkis et al. 2018
1.85196,0.00197,0.26302,0.01912,-0.01912,Madhusudhan et al. 2023,0.05129,0.00183,-0.0019,Calculated,0.2051,0.0204,-0.0204,Calculated,,,,0.411,0.038,-0.038,Sarkis et al. 2018
1.85393,0.00197,0.34202,0.02044,-0.02044,Madhusudhan et al. 2023,0.05848,0.00172,-0.00177,Calculated,0.2339,0.0227,-0.0227,Calculated,,,,0.411,0.038,-0.038,Sarkis et al. 2018
1.85589,0.00197,0.26251,0.0191,-0.0191,Madhusudhan et al. 2023,0.05124,0.00183,-0.0019,Calculated,0.2049,0.0204,-0.0204,Calculated,,,,0.411,0.038,-0.038,Sarkis et al. 2018
1.85786,0.00197,0.33215,0.02046,-0.02046,Madhusudhan et al. 2023,0.05763,0.00175,-0.0018,Calculated,0.2305,0.0225,-0.0225,Calculated,,,,0.411,0.038,-0.038,Sarkis et al. 2018
1.85983,0.00197,0.26771,0.02099,-0.02099,Madhusudhan et al. 2023,0.05174,0.00199,-0.00207,Calculated,0.2069,0.0208,-0.0208,Calculated,,,,0.411,0.038,-0.038,Sarkis et al. 2018
1.86179,0.00197,0.28824,0.01989,-0.01989,Madhusudhan et al. 2023,0.05369,0.00182,-0.00189,Calculated,0.2147,0.0212,-0.0212,Calculated,,,,0.411,0.038,-0.038,Sarkis et al. 2018
1.86376,0.00197,0.2682,0.02014,-0.02014,Madhusudhan et al. 2023,0.05179,0.00191,-0.00198,Calculated,0.2071,0.0207,-0.0207,Calculated,,,,0.411,0.038,-0.038,Sarkis et al. 2018
1.86572,0.00197,0.27852,0.01983,-0.01983,Madhusudhan et al. 2023,0.05278,0.00185,-0.00191,Calculated,0.2111,0.0209,-0.0209,Calculated,,,,0.411,0.038,-0.038,Sarkis et al. 2018
1.86769,0.00197,0.29122,0.02099,-0.02099,Madhusudhan et al. 2023,0.05396,0.00191,-0.00198,Calculated,0.2158,0.0214,-0.0214,Calculated,,,,0.411,0.038,-0.038,Sarkis et al. 2018
1.86966,0.00197,0.29008,0.02009,-0.02009,Madhusudhan et al. 2023,0.05386,0.00183,-0.0019,Calculated,0.2154,0.0213,-0.0213,Calculated,,,,0.411,0.038,-0.038,Sarkis et al. 2018
1.87162,0.00197,0.27855,0.01936,-0.01936,Madhusudhan et al. 2023,0.05278,0.0018,-0.00187,Calculated,0.2111,0.0208,-0.0208,Calculated,,,,0.411,0.038,-0.038,Sarkis et al. 2018
1.87359,0.00197,0.2639,0.02185,-0.02185,Madhusudhan et al. 2023,0.05137,0.00208,-0.00217,Calculated,0.2055,0.0208,-0.0208,Calculated,,,,0.411,0.038,-0.038,Sarkis et al. 2018
1.87555,0.00197,0.25338,0.02147,-0.02147,Madhusudhan et al. 2023,0.05034,0.00209,-0.00218,Calculated,0.2013,0.0205,-0.0205,Calculated,,,,0.411,0.038,-0.038,Sarkis et al. 2018
1.87752,0.00197,0.31596,0.02219,-0.02219,Madhusudhan et al. 2023,0.05621,0.00194,-0.00201,Calculated,0.2248,0.0222,-0.0222,Calculated,,,,0.411,0.038,-0.038,Sarkis et al. 2018
1.87949,0.00197,0.34733,0.02217,-0.02217,Madhusudhan et al. 2023,0.05893,0.00185,-0.00191,Calculated,0.2357,0.0231,-0.0231,Calculated,,,,0.411,0.038,-0.038,Sarkis et al. 2018
1.88145,0.00197,0.29112,0.02078,-0.02078,Madhusudhan et al. 2023,0.05396,0.00189,-0.00196,Calculated,0.2158,0.0214,-0.0214,Calculated,,,,0.411,0.038,-0.038,Sarkis et al. 2018
1.88342,0.00197,0.29062,0.02081,-0.02081,Madhusudhan et al. 2023,0.05391,0.0019,-0.00197,Calculated,0.2156,0.0214,-0.0214,Calculated,,,,0.411,0.038,-0.038,Sarkis et al. 2018
1.88539,0.00197,0.25509,0.0202,-0.0202,Madhusudhan et al. 2023,0.05051,0.00196,-0.00204,Calculated,0.202,0.0203,-0.0203,Calculated,,,,0.411,0.038,-0.038,Sarkis et al. 2018
1.88735,0.00197,0.23204,0.02041,-0.02041,Madhusudhan et al. 2023,0.04817,0.00207,-0.00217,Calculated,0.1927,0.0197,-0.0197,Calculated,,,,0.411,0.038,-0.038,Sarkis et al. 2018
1.88932,0.00197,0.2774,0.01967,-0.01967,Madhusudhan et al. 2023,0.05267,0.00184,-0.0019,Calculated,0.2106,0.0209,-0.0209,Calculated,,,,0.411,0.038,-0.038,Sarkis et al. 2018
1.89128,0.00197,0.28672,0.02114,-0.02114,Madhusudhan et al. 2023,0.05355,0.00194,-0.00201,Calculated,0.2142,0.0213,-0.0213,Calculated,,,,0.411,0.038,-0.038,Sarkis et al. 2018
1.89325,0.00197,0.28314,0.02022,-0.02022,Madhusudhan et al. 2023,0.05321,0.00187,-0.00193,Calculated,0.2128,0.0211,-0.0211,Calculated,,,,0.411,0.038,-0.038,Sarkis et al. 2018
1.89522,0.00197,0.28901,0.02153,-0.02153,Madhusudhan et al. 2023,0.05376,0.00197,-0.00204,Calculated,0.215,0.0214,-0.0214,Calculated,,,,0.411,0.038,-0.038,Sarkis et al. 2018
1.89718,0.00197,0.31498,0.02089,-0.02089,Madhusudhan et al. 2023,0.05612,0.00183,-0.00189,Calculated,0.2245,0.022,-0.022,Calculated,,,,0.411,0.038,-0.038,Sarkis et al. 2018
1.89915,0.00197,0.2766,0.01972,-0.01972,Madhusudhan et al. 2023,0.05259,0.00184,-0.00191,Calculated,0.2103,0.0208,-0.0208,Calculated,,,,0.411,0.038,-0.038,Sarkis et al. 2018
1.90112,0.00197,0.31681,0.02015,-0.02015,Madhusudhan et al. 2023,0.05629,0.00176,-0.00182,Calculated,0.2251,0.022,-0.022,Calculated,,,,0.411,0.038,-0.038,Sarkis et al. 2018
1.90308,0.00197,0.31528,0.02172,-0.02172,Madhusudhan et al. 2023,0.05615,0.0019,-0.00197,Calculated,0.2246,0.0222,-0.0222,Calculated,,,,0.411,0.038,-0.038,Sarkis et al. 2018
1.90505,0.00197,0.28579,0.02213,-0.02213,Madhusudhan et al. 2023,0.05346,0.00203,-0.00211,Calculated,0.2138,0.0214,-0.0214,Calculated,,,,0.411,0.038,-0.038,Sarkis et al. 2018
1.90702,0.00197,0.2857,0.02132,-0.02132,Madhusudhan et al. 2023,0.05345,0.00196,-0.00203,Calculated,0.2138,0.0213,-0.0213,Calculated,,,,0.411,0.038,-0.038,Sarkis et al. 2018
1.90898,0.00197,0.32271,0.02143,-0.02143,Madhusudhan et al. 2023,0.05681,0.00186,-0.00192,Calculated,0.2272,0.0223,-0.0223,Calculated,,,,0.411,0.038,-0.038,Sarkis et al. 2018
1.91095,0.00197,0.26596,0.02042,-0.02042,Madhusudhan et al. 2023,0.05157,0.00194,-0.00202,Calculated,0.2063,0.0206,-0.0206,Calculated,,,,0.411,0.038,-0.038,Sarkis et al. 2018
1.91291,0.00197,0.26992,0.02161,-0.02161,Madhusudhan et al. 2023,0.05195,0.00204,-0.00212,Calculated,0.2078,0.0209,-0.0209,Calculated,,,,0.411,0.038,-0.038,Sarkis et al. 2018
1.91488,0.00197,0.30956,0.02293,-0.02293,Madhusudhan et al. 2023,0.05564,0.00202,-0.0021,Calculated,0.2225,0.0222,-0.0222,Calculated,,,,0.411,0.038,-0.038,Sarkis et al. 2018
1.91685,0.00197,0.27908,0.02156,-0.02156,Madhusudhan et al. 2023,0.05283,0.002,-0.00208,Calculated,0.2113,0.0212,-0.0212,Calculated,,,,0.411,0.038,-0.038,Sarkis et al. 2018
1.91881,0.00197,0.2801,0.02116,-0.02116,Madhusudhan et al. 2023,0.05292,0.00196,-0.00204,Calculated,0.2117,0.0211,-0.0211,Calculated,,,,0.411,0.038,-0.038,Sarkis et al. 2018
1.92078,0.00197,0.27954,0.01956,-0.01956,Madhusudhan et al. 2023,0.05287,0.00182,-0.00188,Calculated,0.2115,0.0209,-0.0209,Calculated,,,,0.411,0.038,-0.038,Sarkis et al. 2018
1.92275,0.00197,0.32142,0.02159,-0.02159,Madhusudhan et al. 2023,0.05669,0.00187,-0.00194,Calculated,0.2267,0.0223,-0.0223,Calculated,,,,0.411,0.038,-0.038,Sarkis et al. 2018
1.92471,0.00197,0.30649,0.02304,-0.02304,Madhusudhan et al. 2023,0.05536,0.00204,-0.00212,Calculated,0.2214,0.0221,-0.0221,Calculated,,,,0.411,0.038,-0.038,Sarkis et al. 2018
1.92668,0.00197,0.25297,0.0207,-0.0207,Madhusudhan et al. 2023,0.0503,0.00202,-0.0021,Calculated,0.2012,0.0203,-0.0203,Calculated,,,,0.411,0.038,-0.038,Sarkis et al. 2018
1.92865,0.00197,0.27214,0.02261,-0.02261,Madhusudhan et al. 2023,0.05217,0.00212,-0.00221,Calculated,0.2086,0.0211,-0.0211,Calculated,,,,0.411,0.038,-0.038,Sarkis et al. 2018
1.93258,0.00197,0.26249,0.02509,-0.02509,Madhusudhan et al. 2023,0.05123,0.00239,-0.00251,Calculated,0.2049,0.0213,-0.0213,Calculated,,,,0.411,0.038,-0.038,Sarkis et al. 2018
1.93455,0.00197,0.2917,0.02421,-0.02421,Madhusudhan et al. 2023,0.05401,0.0022,-0.00229,Calculated,0.216,0.0219,-0.0219,Calculated,,,,0.411,0.038,-0.038,Sarkis et al. 2018
1.93651,0.00197,0.29503,0.02144,-0.02144,Madhusudhan et al. 2023,0.05432,0.00194,-0.00201,Calculated,0.2172,0.0216,-0.0216,Calculated,,,,0.411,0.038,-0.038,Sarkis et al. 2018
1.93848,0.00197,0.29118,0.02152,-0.02152,Madhusudhan et al. 2023,0.05396,0.00196,-0.00203,Calculated,0.2158,0.0215,-0.0215,Calculated,,,,0.411,0.038,-0.038,Sarkis et al. 2018
1.94045,0.00197,0.27695,0.02202,-0.02202,Madhusudhan et al. 2023,0.05263,0.00205,-0.00214,Calculated,0.2105,0.0212,-0.0212,Calculated,,,,0.411,0.038,-0.038,Sarkis et al. 2018
1.94241,0.00197,0.29097,0.02361,-0.02361,Madhusudhan et al. 2023,0.05394,0.00215,-0.00223,Calculated,0.2157,0.0218,-0.0218,Calculated,,,,0.411,0.038,-0.038,Sarkis et al. 2018
1.94438,0.00197,0.28846,0.02429,-0.02429,Madhusudhan et al. 2023,0.05371,0.00222,-0.00231,Calculated,0.2148,0.0218,-0.0218,Calculated,,,,0.411,0.038,-0.038,Sarkis et al. 2018
1.94635,0.00197,0.31121,0.0235,-0.0235,Madhusudhan et al. 2023,0.05579,0.00207,-0.00215,Calculated,0.2231,0.0223,-0.0223,Calculated,,,,0.411,0.038,-0.038,Sarkis et al. 2018
1.94831,0.00197,0.31104,0.02461,-0.02461,Madhusudhan et al. 2023,0.05577,0.00216,-0.00225,Calculated,0.2231,0.0224,-0.0224,Calculated,,,,0.411,0.038,-0.038,Sarkis et al. 2018
1.95028,0.00197,0.31315,0.02425,-0.02425,Madhusudhan et al. 2023,0.05596,0.00213,-0.00221,Calculated,0.2238,0.0224,-0.0224,Calculated,,,,0.411,0.038,-0.038,Sarkis et al. 2018
1.95225,0.00197,0.3147,0.02587,-0.02587,Madhusudhan et al. 2023,0.0561,0.00226,-0.00235,Calculated,0.2244,0.0227,-0.0227,Calculated,,,,0.411,0.038,-0.038,Sarkis et al. 2018
1.95421,0.00197,0.28807,0.02357,-0.02357,Madhusudhan et al. 2023,0.05367,0.00215,-0.00224,Calculated,0.2147,0.0217,-0.0217,Calculated,,,,0.411,0.038,-0.038,Sarkis et al. 2018
1.95618,0.00197,0.30757,0.02296,-0.02296,Madhusudhan et al. 2023,0.05546,0.00203,-0.00211,Calculated,0.2218,0.0221,-0.0221,Calculated,,,,0.411,0.038,-0.038,Sarkis et al. 2018
1.95815,0.00197,0.26536,0.0225,-0.0225,Madhusudhan et al. 2023,0.05151,0.00214,-0.00223,Calculated,0.206,0.021,-0.021,Calculated,,,,0.411,0.038,-0.038,Sarkis et al. 2018
1.96011,0.00197,0.28388,0.02189,-0.02189,Madhusudhan et al. 2023,0.05328,0.00202,-0.0021,Calculated,0.2131,0.0213,-0.0213,Calculated,,,,0.411,0.038,-0.038,Sarkis et al. 2018
1.96208,0.00197,0.28368,0.02253,-0.02253,Madhusudhan et al. 2023,0.05326,0.00207,-0.00216,Calculated,0.213,0.0214,-0.0214,Calculated,,,,0.411,0.038,-0.038,Sarkis et al. 2018
1.96405,0.00197,0.28046,0.02298,-0.02298,Madhusudhan et al. 2023,0.05296,0.00213,-0.00222,Calculated,0.2118,0.0214,-0.0214,Calculated,,,,0.411,0.038,-0.038,Sarkis et al. 2018
1.96601,0.00197,0.30437,0.0237,-0.0237,Madhusudhan et al. 2023,0.05517,0.00211,-0.00219,Calculated,0.2207,0.0221,-0.0221,Calculated,,,,0.411,0.038,-0.038,Sarkis et al. 2018
1.96798,0.00197,0.27292,0.02374,-0.02374,Madhusudhan et al. 2023,0.05224,0.00222,-0.00232,Calculated,0.2089,0.0213,-0.0213,Calculated,,,,0.411,0.038,-0.038,Sarkis et al. 2018
1.96995,0.00197,0.30128,0.0246,-0.0246,Madhusudhan et al. 2023,0.05489,0.0022,-0.00229,Calculated,0.2195,0.0222,-0.0222,Calculated,,,,0.411,0.038,-0.038,Sarkis et al. 2018
1.97191,0.00197,0.31069,0.0235,-0.0235,Madhusudhan et al. 2023,0.05574,0.00207,-0.00215,Calculated,0.2229,0.0223,-0.0223,Calculated,,,,0.411,0.038,-0.038,Sarkis et al. 2018
1.97388,0.00197,0.30943,0.02375,-0.02375,Madhusudhan et al. 2023,0.05563,0.0021,-0.00218,Calculated,0.2225,0.0223,-0.0223,Calculated,,,,0.411,0.038,-0.038,Sarkis et al. 2018
1.97585,0.00197,0.31766,0.02544,-0.02544,Madhusudhan et al. 2023,0.05636,0.00221,-0.0023,Calculated,0.2254,0.0227,-0.0227,Calculated,,,,0.411,0.038,-0.038,Sarkis et al. 2018
1.97781,0.00197,0.30115,0.02654,-0.02654,Madhusudhan et al. 2023,0.05488,0.00237,-0.00247,Calculated,0.2195,0.0225,-0.0225,Calculated,,,,0.411,0.038,-0.038,Sarkis et al. 2018
1.97978,0.00197,0.3067,0.0293,-0.0293,Madhusudhan et al. 2023,0.05538,0.00258,-0.00271,Calculated,0.2215,0.023,-0.023,Calculated,,,,0.411,0.038,-0.038,Sarkis et al. 2018
1.98175,0.00197,0.25599,0.02674,-0.02674,Madhusudhan et al. 2023,0.0506,0.00258,-0.00272,Calculated,0.2024,0.0215,-0.0215,Calculated,,,,0.411,0.038,-0.038,Sarkis et al. 2018
1.98371,0.00197,0.29965,0.02608,-0.02608,Madhusudhan et al. 2023,0.05474,0.00233,-0.00244,Calculated,0.2189,0.0224,-0.0224,Calculated,,,,0.411,0.038,-0.038,Sarkis et al. 2018
1.98568,0.00197,0.24219,0.0241,-0.0241,Madhusudhan et al. 2023,0.04921,0.00239,-0.00251,Calculated,0.1968,0.0207,-0.0207,Calculated,,,,0.411,0.038,-0.038,Sarkis et al. 2018
1.98765,0.00197,0.2404,0.02691,-0.02691,Madhusudhan et al. 2023,0.04903,0.00267,-0.00283,Calculated,0.1961,0.0212,-0.0212,Calculated,,,,0.411,0.038,-0.038,Sarkis et al. 2018
1.98961,0.00197,0.25695,0.02353,-0.02353,Madhusudhan et al. 2023,0.05069,0.00227,-0.00238,Calculated,0.2027,0.0209,-0.0209,Calculated,,,,0.411,0.038,-0.038,Sarkis et al. 2018
1.99158,0.00197,0.30822,0.02451,-0.02451,Madhusudhan et al. 2023,0.05552,0.00216,-0.00225,Calculated,0.222,0.0223,-0.0223,Calculated,,,,0.411,0.038,-0.038,Sarkis et al. 2018
1.99355,0.00197,0.29033,0.02614,-0.02614,Madhusudhan et al. 2023,0.05388,0.00237,-0.00248,Calculated,0.2155,0.0222,-0.0222,Calculated,,,,0.411,0.038,-0.038,Sarkis et al. 2018
1.99551,0.00197,0.2742,0.02398,-0.02398,Madhusudhan et al. 2023,0.05236,0.00224,-0.00234,Calculated,0.2094,0.0214,-0.0214,Calculated,,,,0.411,0.038,-0.038,Sarkis et al. 2018
1.99748,0.00197,0.26511,0.02354,-0.02354,Madhusudhan et al. 2023,0.05149,0.00224,-0.00234,Calculated,0.2059,0.0211,-0.0211,Calculated,,,,0.411,0.038,-0.038,Sarkis et al. 2018
1.99945,0.00197,0.27612,0.02331,-0.02331,Madhusudhan et al. 2023,0.05255,0.00217,-0.00227,Calculated,0.2102,0.0214,-0.0214,Calculated,,,,0.411,0.038,-0.038,Sarkis et al. 2018
2.00141,0.00197,0.30533,0.02489,-0.02489,Madhusudhan et al. 2023,0.05526,0.00221,-0.0023,Calculated,0.221,0.0223,-0.0223,Calculated,,,,0.411,0.038,-0.038,Sarkis et al. 2018
2.00338,0.00197,0.28015,0.02359,-0.02359,Madhusudhan et al. 2023,0.05293,0.00218,-0.00228,Calculated,0.2117,0.0215,-0.0215,Calculated,,,,0.411,0.038,-0.038,Sarkis et al. 2018
2.00535,0.00197,0.27203,0.02352,-0.02352,Madhusudhan et al. 2023,0.05216,0.00221,-0.00231,Calculated,0.2086,0.0213,-0.0213,Calculated,,,,0.411,0.038,-0.038,Sarkis et al. 2018
2.00731,0.00197,0.2982,0.02417,-0.02417,Madhusudhan et al. 2023,0.05461,0.00217,-0.00226,Calculated,0.2184,0.022,-0.022,Calculated,,,,0.411,0.038,-0.038,Sarkis et al. 2018
2.00928,0.00197,0.32968,0.02401,-0.02401,Madhusudhan et al. 2023,0.05742,0.00205,-0.00213,Calculated,0.2296,0.0228,-0.0228,Calculated,,,,0.411,0.038,-0.038,Sarkis et al. 2018
2.01125,0.00197,0.27518,0.02412,-0.02412,Madhusudhan et al. 2023,0.05246,0.00225,-0.00235,Calculated,0.2098,0.0215,-0.0215,Calculated,,,,0.411,0.038,-0.038,Sarkis et al. 2018
2.01321,0.00197,0.27534,0.02392,-0.02392,Madhusudhan et al. 2023,0.05247,0.00223,-0.00233,Calculated,0.2099,0.0214,-0.0214,Calculated,,,,0.411,0.038,-0.038,Sarkis et al. 2018
2.01518,0.00197,0.3077,0.02373,-0.02373,Madhusudhan et al. 2023,0.05547,0.0021,-0.00218,Calculated,0.2219,0.0222,-0.0222,Calculated,,,,0.411,0.038,-0.038,Sarkis et al. 2018
2.01715,0.00197,0.29211,0.02378,-0.02378,Madhusudhan et al. 2023,0.05405,0.00216,-0.00225,Calculated,0.2162,0.0218,-0.0218,Calculated,,,,0.411,0.038,-0.038,Sarkis et al. 2018
2.01911,0.00197,0.28025,0.02366,-0.02366,Madhusudhan et al. 2023,0.05294,0.00219,-0.00228,Calculated,0.2117,0.0215,-0.0215,Calculated,,,,0.411,0.038,-0.038,Sarkis et al. 2018
2.02108,0.00197,0.2631,0.02376,-0.02376,Madhusudhan et al. 2023,0.05129,0.00227,-0.00237,Calculated,0.2051,0.0211,-0.0211,Calculated,,,,0.411,0.038,-0.038,Sarkis et al. 2018
2.02305,0.00197,0.29363,0.02483,-0.02483,Madhusudhan et al. 2023,0.05419,0.00224,-0.00234,Calculated,0.2167,0.022,-0.022,Calculated,,,,0.411,0.038,-0.038,Sarkis et al. 2018
2.02502,0.00197,0.24452,0.02468,-0.02468,Madhusudhan et al. 2023,0.04945,0.00244,-0.00256,Calculated,0.1978,0.0208,-0.0208,Calculated,,,,0.411,0.038,-0.038,Sarkis et al. 2018
2.02698,0.00197,0.31944,0.02544,-0.02544,Madhusudhan et al. 2023,0.05652,0.00221,-0.0023,Calculated,0.226,0.0228,-0.0228,Calculated,,,,0.411,0.038,-0.038,Sarkis et al. 2018
2.02895,0.00197,0.27809,0.02536,-0.02536,Madhusudhan et al. 2023,0.05273,0.00235,-0.00246,Calculated,0.2109,0.0217,-0.0217,Calculated,,,,0.411,0.038,-0.038,Sarkis et al. 2018
2.03092,0.00197,0.25732,0.02424,-0.02424,Madhusudhan et al. 2023,0.05073,0.00234,-0.00245,Calculated,0.2029,0.0211,-0.0211,Calculated,,,,0.411,0.038,-0.038,Sarkis et al. 2018
2.03288,0.00197,0.30655,0.0245,-0.0245,Madhusudhan et al. 2023,0.05537,0.00217,-0.00226,Calculated,0.2214,0.0223,-0.0223,Calculated,,,,0.411,0.038,-0.038,Sarkis et al. 2018
2.03485,0.00197,0.31328,0.02541,-0.02541,Madhusudhan et al. 2023,0.05597,0.00223,-0.00232,Calculated,0.2239,0.0226,-0.0226,Calculated,,,,0.411,0.038,-0.038,Sarkis et al. 2018
2.03682,0.00197,0.33351,0.02486,-0.02486,Madhusudhan et al. 2023,0.05775,0.00211,-0.00219,Calculated,0.231,0.023,-0.023,Calculated,,,,0.411,0.038,-0.038,Sarkis et al. 2018
2.03878,0.00197,0.25349,0.02383,-0.02383,Madhusudhan et al. 2023,0.05035,0.00231,-0.00242,Calculated,0.2014,0.0209,-0.0209,Calculated,,,,0.411,0.038,-0.038,Sarkis et al. 2018
2.04075,0.00197,0.2912,0.02541,-0.02541,Madhusudhan et al. 2023,0.05396,0.00231,-0.00241,Calculated,0.2158,0.0221,-0.0221,Calculated,,,,0.411,0.038,-0.038,Sarkis et al. 2018
2.04272,0.00197,0.30785,0.02605,-0.02605,Madhusudhan et al. 2023,0.05548,0.0023,-0.0024,Calculated,0.2219,0.0226,-0.0226,Calculated,,,,0.411,0.038,-0.038,Sarkis et al. 2018
2.04468,0.00197,0.27292,0.02486,-0.02486,Madhusudhan et al. 2023,0.05224,0.00233,-0.00244,Calculated,0.2089,0.0215,-0.0215,Calculated,,,,0.411,0.038,-0.038,Sarkis et al. 2018
2.04665,0.00197,0.28361,0.02534,-0.02534,Madhusudhan et al. 2023,0.05325,0.00233,-0.00243,Calculated,0.213,0.0219,-0.0219,Calculated,,,,0.411,0.038,-0.038,Sarkis et al. 2018
2.04862,0.00197,0.30761,0.02542,-0.02542,Madhusudhan et al. 2023,0.05546,0.00225,-0.00234,Calculated,0.2218,0.0225,-0.0225,Calculated,,,,0.411,0.038,-0.038,Sarkis et al. 2018
2.05058,0.00197,0.27612,0.02489,-0.02489,Madhusudhan et al. 2023,0.05255,0.00232,-0.00242,Calculated,0.2102,0.0216,-0.0216,Calculated,,,,0.411,0.038,-0.038,Sarkis et al. 2018
2.05255,0.00197,0.25703,0.0251,-0.0251,Madhusudhan et al. 2023,0.0507,0.00242,-0.00254,Calculated,0.2028,0.0212,-0.0212,Calculated,,,,0.411,0.038,-0.038,Sarkis et al. 2018
2.05452,0.00197,0.31681,0.02434,-0.02434,Madhusudhan et al. 2023,0.05629,0.00212,-0.00221,Calculated,0.2251,0.0225,-0.0225,Calculated,,,,0.411,0.038,-0.038,Sarkis et al. 2018
2.05648,0.00197,0.23812,0.02445,-0.02445,Madhusudhan et al. 2023,0.0488,0.00244,-0.00257,Calculated,0.1952,0.0206,-0.0206,Calculated,,,,0.411,0.038,-0.038,Sarkis et al. 2018
2.05845,0.00197,0.31434,0.02425,-0.02425,Madhusudhan et al. 2023,0.05607,0.00212,-0.00221,Calculated,0.2242,0.0225,-0.0225,Calculated,,,,0.411,0.038,-0.038,Sarkis et al. 2018
2.06042,0.00197,0.312,0.0251,-0.0251,Madhusudhan et al. 2023,0.05586,0.0022,-0.00229,Calculated,0.2234,0.0225,-0.0225,Calculated,,,,0.411,0.038,-0.038,Sarkis et al. 2018
2.06238,0.00197,0.34338,0.02646,-0.02646,Madhusudhan et al. 2023,0.0586,0.00222,-0.0023,Calculated,0.2344,0.0235,-0.0235,Calculated,,,,0.411,0.038,-0.038,Sarkis et al. 2018
2.06435,0.00197,0.30938,0.02284,-0.02284,Madhusudhan et al. 2023,0.05562,0.00202,-0.00209,Calculated,0.2225,0.0221,-0.0221,Calculated,,,,0.411,0.038,-0.038,Sarkis et al. 2018
2.06632,0.00197,0.23787,0.02681,-0.02681,Madhusudhan et al. 2023,0.04877,0.00268,-0.00283,Calculated,0.1951,0.0211,-0.0211,Calculated,,,,0.411,0.038,-0.038,Sarkis et al. 2018
2.06829,0.00197,0.27984,0.02665,-0.02665,Madhusudhan et al. 2023,0.0529,0.00246,-0.00258,Calculated,0.2116,0.022,-0.022,Calculated,,,,0.411,0.038,-0.038,Sarkis et al. 2018
2.07025,0.00197,0.25399,0.02665,-0.02665,Madhusudhan et al. 2023,0.0504,0.00258,-0.00272,Calculated,0.2016,0.0214,-0.0214,Calculated,,,,0.411,0.038,-0.038,Sarkis et al. 2018
2.07222,0.00197,0.30599,0.02658,-0.02658,Madhusudhan et al. 2023,0.05532,0.00235,-0.00246,Calculated,0.2212,0.0226,-0.0226,Calculated,,,,0.411,0.038,-0.038,Sarkis et al. 2018
2.07419,0.00197,0.25536,0.02602,-0.02602,Madhusudhan et al. 2023,0.05053,0.00251,-0.00264,Calculated,0.2021,0.0213,-0.0213,Calculated,,,,0.411,0.038,-0.038,Sarkis et al. 2018
2.07615,0.00197,0.29482,0.02542,-0.02542,Madhusudhan et al. 2023,0.0543,0.00229,-0.00239,Calculated,0.2172,0.0222,-0.0222,Calculated,,,,0.411,0.038,-0.038,Sarkis et al. 2018
2.07812,0.00197,0.25397,0.02555,-0.02555,Madhusudhan et al. 2023,0.0504,0.00247,-0.0026,Calculated,0.2016,0.0212,-0.0212,Calculated,,,,0.411,0.038,-0.038,Sarkis et al. 2018
2.08009,0.00197,0.30461,0.02461,-0.02461,Madhusudhan et al. 2023,0.05519,0.00219,-0.00228,Calculated,0.2207,0.0223,-0.0223,Calculated,,,,0.411,0.038,-0.038,Sarkis et al. 2018
2.08205,0.00197,0.28391,0.0262,-0.0262,Madhusudhan et al. 2023,0.05328,0.0024,-0.00252,Calculated,0.2131,0.022,-0.022,Calculated,,,,0.411,0.038,-0.038,Sarkis et al. 2018
2.08402,0.00197,0.26797,0.02724,-0.02724,Madhusudhan et al. 2023,0.05177,0.00257,-0.0027,Calculated,0.207,0.0218,-0.0218,Calculated,,,,0.411,0.038,-0.038,Sarkis et al. 2018
2.08599,0.00197,0.2775,0.02618,-0.02618,Madhusudhan et al. 2023,0.05268,0.00243,-0.00255,Calculated,0.2107,0.0219,-0.0219,Calculated,,,,0.411,0.038,-0.038,Sarkis et al. 2018
2.08795,0.00197,0.25168,0.02591,-0.02591,Madhusudhan et al. 2023,0.05017,0.00252,-0.00265,Calculated,0.2006,0.0212,-0.0212,Calculated,,,,0.411,0.038,-0.038,Sarkis et al. 2018
2.08992,0.00197,0.33316,0.02763,-0.02763,Madhusudhan et al. 2023,0.05772,0.00235,-0.00245,Calculated,0.2309,0.0234,-0.0234,Calculated,,,,0.411,0.038,-0.038,Sarkis et al. 2018
2.09189,0.00197,0.27819,0.02594,-0.02594,Madhusudhan et al. 2023,0.05274,0.0024,-0.00252,Calculated,0.2109,0.0218,-0.0218,Calculated,,,,0.411,0.038,-0.038,Sarkis et al. 2018
2.09385,0.00197,0.29536,0.02534,-0.02534,Madhusudhan et al. 2023,0.05435,0.00228,-0.00238,Calculated,0.2174,0.0222,-0.0222,Calculated,,,,0.411,0.038,-0.038,Sarkis et al. 2018
2.09582,0.00197,0.28034,0.02636,-0.02636,Madhusudhan et al. 2023,0.05295,0.00243,-0.00255,Calculated,0.2118,0.022,-0.022,Calculated,,,,0.411,0.038,-0.038,Sarkis et al. 2018
2.09779,0.00197,0.34656,0.02788,-0.02788,Madhusudhan et al. 2023,0.05887,0.00232,-0.00242,Calculated,0.2354,0.0237,-0.0237,Calculated,,,,0.411,0.038,-0.038,Sarkis et al. 2018
2.09975,0.00197,0.23703,0.02683,-0.02683,Madhusudhan et al. 2023,0.04869,0.00268,-0.00284,Calculated,0.1947,0.0211,-0.0211,Calculated,,,,0.411,0.038,-0.038,Sarkis et al. 2018
2.10369,0.00197,0.29209,0.02698,-0.02698,Madhusudhan et al. 2023,0.05405,0.00244,-0.00256,Calculated,0.2162,0.0223,-0.0223,Calculated,,,,0.411,0.038,-0.038,Sarkis et al. 2018
2.10566,0.00197,0.25187,0.02924,-0.02924,Madhusudhan et al. 2023,0.05019,0.00283,-0.003,Calculated,0.2007,0.0219,-0.0219,Calculated,,,,0.411,0.038,-0.038,Sarkis et al. 2018
2.10762,0.00197,0.30645,0.02704,-0.02704,Madhusudhan et al. 2023,0.05536,0.00239,-0.0025,Calculated,0.2214,0.0227,-0.0227,Calculated,,,,0.411,0.038,-0.038,Sarkis et al. 2018
2.10959,0.00197,0.23718,0.02621,-0.02621,Madhusudhan et al. 2023,0.0487,0.00262,-0.00277,Calculated,0.1948,0.021,-0.021,Calculated,,,,0.411,0.038,-0.038,Sarkis et al. 2018
2.11156,0.00197,0.29097,0.02546,-0.02546,Madhusudhan et al. 2023,0.05394,0.00231,-0.00241,Calculated,0.2157,0.0221,-0.0221,Calculated,,,,0.411,0.038,-0.038,Sarkis et al. 2018
2.11352,0.00197,0.30729,0.02733,-0.02733,Madhusudhan et al. 2023,0.05543,0.00241,-0.00252,Calculated,0.2217,0.0227,-0.0227,Calculated,,,,0.411,0.038,-0.038,Sarkis et al. 2018
2.11549,0.00197,0.28109,0.02899,-0.02899,Madhusudhan et al. 2023,0.05302,0.00267,-0.00281,Calculated,0.212,0.0224,-0.0224,Calculated,,,,0.411,0.038,-0.038,Sarkis et al. 2018
2.11746,0.00197,0.27556,0.02788,-0.02788,Madhusudhan et al. 2023,0.05249,0.00259,-0.00273,Calculated,0.21,0.0221,-0.0221,Calculated,,,,0.411,0.038,-0.038,Sarkis et al. 2018
2.11942,0.00197,0.28179,0.0269,-0.0269,Madhusudhan et al. 2023,0.05308,0.00248,-0.0026,Calculated,0.2123,0.0221,-0.0221,Calculated,,,,0.411,0.038,-0.038,Sarkis et al. 2018
2.12139,0.00197,0.26969,0.02565,-0.02565,Madhusudhan et al. 2023,0.05193,0.00241,-0.00253,Calculated,0.2077,0.0216,-0.0216,Calculated,,,,0.411,0.038,-0.038,Sarkis et al. 2018
2.12336,0.00197,0.28051,0.02795,-0.02795,Madhusudhan et al. 2023,0.05296,0.00258,-0.00271,Calculated,0.2118,0.0222,-0.0222,Calculated,,,,0.411,0.038,-0.038,Sarkis et al. 2018
2.12533,0.00197,0.2875,0.02603,-0.02603,Madhusudhan et al. 2023,0.05362,0.00237,-0.00248,Calculated,0.2145,0.0221,-0.0221,Calculated,,,,0.411,0.038,-0.038,Sarkis et al. 2018
2.12729,0.00197,0.32336,0.02666,-0.02666,Madhusudhan et al. 2023,0.05686,0.0023,-0.00239,Calculated,0.2274,0.023,-0.023,Calculated,,,,0.411,0.038,-0.038,Sarkis et al. 2018
2.12926,0.00197,0.31778,0.02689,-0.02689,Madhusudhan et al. 2023,0.05637,0.00234,-0.00244,Calculated,0.2255,0.0229,-0.0229,Calculated,,,,0.411,0.038,-0.038,Sarkis et al. 2018
2.13123,0.00197,0.27707,0.02857,-0.02857,Madhusudhan et al. 2023,0.05264,0.00265,-0.00279,Calculated,0.2105,0.0223,-0.0223,Calculated,,,,0.411,0.038,-0.038,Sarkis et al. 2018
2.13319,0.00197,0.30238,0.0271,-0.0271,Madhusudhan et al. 2023,0.05499,0.00241,-0.00252,Calculated,0.2199,0.0226,-0.0226,Calculated,,,,0.411,0.038,-0.038,Sarkis et al. 2018
2.13516,0.00197,0.2594,0.02652,-0.02652,Madhusudhan et al. 2023,0.05093,0.00254,-0.00267,Calculated,0.2037,0.0215,-0.0215,Calculated,,,,0.411,0.038,-0.038,Sarkis et al. 2018
2.13713,0.00197,0.25497,0.02925,-0.02925,Madhusudhan et al. 2023,0.05049,0.00282,-0.00298,Calculated,0.202,0.022,-0.022,Calculated,,,,0.411,0.038,-0.038,Sarkis et al. 2018
2.13909,0.00197,0.28403,0.02841,-0.02841,Madhusudhan et al. 2023,0.05329,0.0026,-0.00274,Calculated,0.2131,0.0224,-0.0224,Calculated,,,,0.411,0.038,-0.038,Sarkis et al. 2018
2.14106,0.00197,0.33818,0.02695,-0.02695,Madhusudhan et al. 2023,0.05815,0.00227,-0.00237,Calculated,0.2326,0.0234,-0.0234,Calculated,,,,0.411,0.038,-0.038,Sarkis et al. 2018
2.14303,0.00197,0.31428,0.02663,-0.02663,Madhusudhan et al. 2023,0.05606,0.00233,-0.00243,Calculated,0.2242,0.0228,-0.0228,Calculated,,,,0.411,0.038,-0.038,Sarkis et al. 2018
2.145,0.00197,0.29047,0.02791,-0.02791,Madhusudhan et al. 2023,0.05389,0.00253,-0.00266,Calculated,0.2156,0.0225,-0.0225,Calculated,,,,0.411,0.038,-0.038,Sarkis et al. 2018
2.14696,0.00197,0.2885,0.02614,-0.02614,Madhusudhan et al. 2023,0.05371,0.00238,-0.00249,Calculated,0.2148,0.0221,-0.0221,Calculated,,,,0.411,0.038,-0.038,Sarkis et al. 2018
2.14893,0.00197,0.35679,0.02716,-0.02716,Madhusudhan et al. 2023,0.05973,0.00223,-0.00232,Calculated,0.2389,0.0239,-0.0239,Calculated,,,,0.411,0.038,-0.038,Sarkis et al. 2018
2.1509,0.00197,0.30965,0.02793,-0.02793,Madhusudhan et al. 2023,0.05565,0.00246,-0.00257,Calculated,0.2226,0.0229,-0.0229,Calculated,,,,0.411,0.038,-0.038,Sarkis et al. 2018
2.15286,0.00197,0.28198,0.02703,-0.02703,Madhusudhan et al. 2023,0.0531,0.00249,-0.00261,Calculated,0.2124,0.0221,-0.0221,Calculated,,,,0.411,0.038,-0.038,Sarkis et al. 2018
2.15483,0.00197,0.30813,0.02715,-0.02715,Madhusudhan et al. 2023,0.05551,0.00239,-0.0025,Calculated,0.222,0.0227,-0.0227,Calculated,,,,0.411,0.038,-0.038,Sarkis et al. 2018
2.1568,0.00197,0.29106,0.02761,-0.02761,Madhusudhan et al. 2023,0.05395,0.0025,-0.00262,Calculated,0.2158,0.0224,-0.0224,Calculated,,,,0.411,0.038,-0.038,Sarkis et al. 2018
2.15876,0.00197,0.33644,0.02861,-0.02861,Madhusudhan et al. 2023,0.058,0.00242,-0.00252,Calculated,0.232,0.0236,-0.0236,Calculated,,,,0.411,0.038,-0.038,Sarkis et al. 2018
2.16073,0.00197,0.34924,0.02752,-0.02752,Madhusudhan et al. 2023,0.0591,0.00228,-0.00238,Calculated,0.2364,0.0238,-0.0238,Calculated,,,,0.411,0.038,-0.038,Sarkis et al. 2018
2.1627,0.00197,0.25524,0.02721,-0.02721,Madhusudhan et al. 2023,0.05052,0.00262,-0.00277,Calculated,0.2021,0.0216,-0.0216,Calculated,,,,0.411,0.038,-0.038,Sarkis et al. 2018
2.16467,0.00197,0.26002,0.02845,-0.02845,Madhusudhan et al. 2023,0.05099,0.00272,-0.00287,Calculated,0.2039,0.0219,-0.0219,Calculated,,,,0.411,0.038,-0.038,Sarkis et al. 2018
2.16663,0.00197,0.29758,0.02852,-0.02852,Madhusudhan et al. 2023,0.05455,0.00255,-0.00268,Calculated,0.2182,0.0227,-0.0227,Calculated,,,,0.411,0.038,-0.038,Sarkis et al. 2018
2.1686,0.00197,0.34387,0.02891,-0.02891,Madhusudhan et al. 2023,0.05864,0.00242,-0.00252,Calculated,0.2345,0.0238,-0.0238,Calculated,,,,0.411,0.038,-0.038,Sarkis et al. 2018
2.17057,0.00197,0.29997,0.02615,-0.02615,Madhusudhan et al. 2023,0.05477,0.00234,-0.00244,Calculated,0.2191,0.0224,-0.0224,Calculated,,,,0.411,0.038,-0.038,Sarkis et al. 2018
2.17253,0.00197,0.24027,0.02552,-0.02552,Madhusudhan et al. 2023,0.04902,0.00254,-0.00268,Calculated,0.196,0.0209,-0.0209,Calculated,,,,0.411,0.038,-0.038,Sarkis et al. 2018
2.1745,0.00197,0.31625,0.02821,-0.02821,Madhusudhan et al. 2023,0.05624,0.00245,-0.00257,Calculated,0.2249,0.0231,-0.0231,Calculated,,,,0.411,0.038,-0.038,Sarkis et al. 2018
2.17647,0.00197,0.31421,0.02818,-0.02818,Madhusudhan et al. 2023,0.05605,0.00246,-0.00257,Calculated,0.2242,0.023,-0.023,Calculated,,,,0.411,0.038,-0.038,Sarkis et al. 2018
2.17844,0.00197,0.25583,0.03092,-0.03092,Madhusudhan et al. 2023,0.05058,0.00297,-0.00316,Calculated,0.2023,0.0223,-0.0223,Calculated,,,,0.411,0.038,-0.038,Sarkis et al. 2018
2.1804,0.00197,0.29953,0.02746,-0.02746,Madhusudhan et al. 2023,0.05473,0.00245,-0.00257,Calculated,0.2189,0.0226,-0.0226,Calculated,,,,0.411,0.038,-0.038,Sarkis et al. 2018
2.18237,0.00197,0.28421,0.02841,-0.02841,Madhusudhan et al. 2023,0.05331,0.0026,-0.00274,Calculated,0.2132,0.0224,-0.0224,Calculated,,,,0.411,0.038,-0.038,Sarkis et al. 2018
2.18434,0.00197,0.26317,0.0295,-0.0295,Madhusudhan et al. 2023,0.0513,0.0028,-0.00296,Calculated,0.2052,0.0222,-0.0222,Calculated,,,,0.411,0.038,-0.038,Sarkis et al. 2018
2.18631,0.00197,0.30211,0.02857,-0.02857,Madhusudhan et al. 2023,0.05496,0.00254,-0.00266,Calculated,0.2198,0.0228,-0.0228,Calculated,,,,0.411,0.038,-0.038,Sarkis et al. 2018
2.18827,0.00197,0.30793,0.0277,-0.0277,Madhusudhan et al. 2023,0.05549,0.00244,-0.00255,Calculated,0.2219,0.0228,-0.0228,Calculated,,,,0.411,0.038,-0.038,Sarkis et al. 2018
2.19024,0.00197,0.22418,0.02984,-0.02984,Madhusudhan et al. 2023,0.04735,0.00305,-0.00326,Calculated,0.1894,0.0216,-0.0216,Calculated,,,,0.411,0.038,-0.038,Sarkis et al. 2018
2.19221,0.00197,0.3577,0.02797,-0.02797,Madhusudhan et al. 2023,0.05981,0.00229,-0.00239,Calculated,0.2392,0.024,-0.024,Calculated,,,,0.411,0.038,-0.038,Sarkis et al. 2018
2.19418,0.00197,0.24499,0.03056,-0.03056,Madhusudhan et al. 2023,0.0495,0.003,-0.00319,Calculated,0.198,0.0221,-0.0221,Calculated,,,,0.411,0.038,-0.038,Sarkis et al. 2018
2.19614,0.00197,0.31622,0.02969,-0.02969,Madhusudhan et al. 2023,0.05623,0.00258,-0.0027,Calculated,0.2249,0.0233,-0.0233,Calculated,,,,0.411,0.038,-0.038,Sarkis et al. 2018
2.19811,0.00197,0.25763,0.03079,-0.03079,Madhusudhan et al. 2023,0.05076,0.00295,-0.00313,Calculated,0.203,0.0223,-0.0223,Calculated,,,,0.411,0.038,-0.038,Sarkis et al. 2018
2.20008,0.00197,0.27695,0.02875,-0.02875,Madhusudhan et al. 2023,0.05263,0.00266,-0.00281,Calculated,0.2105,0.0223,-0.0223,Calculated,,,,0.411,0.038,-0.038,Sarkis et al. 2018
2.20205,0.00197,0.31045,0.02769,-0.02769,Madhusudhan et al. 2023,0.05572,0.00243,-0.00254,Calculated,0.2228,0.0229,-0.0229,Calculated,,,,0.411,0.038,-0.038,Sarkis et al. 2018
2.20401,0.00197,0.30172,0.02951,-0.02951,Madhusudhan et al. 2023,0.05493,0.00262,-0.00276,Calculated,0.2197,0.023,-0.023,Calculated,,,,0.411,0.038,-0.038,Sarkis et al. 2018
2.20598,0.00197,0.33626,0.03019,-0.03019,Madhusudhan et al. 2023,0.05799,0.00255,-0.00266,Calculated,0.2319,0.0238,-0.0238,Calculated,,,,0.411,0.038,-0.038,Sarkis et al. 2018
2.20795,0.00197,0.28753,0.0296,-0.0296,Madhusudhan et al. 2023,0.05362,0.00269,-0.00283,Calculated,0.2145,0.0227,-0.0227,Calculated,,,,0.411,0.038,-0.038,Sarkis et al. 2018
2.20992,0.00197,0.29287,0.03085,-0.03085,Madhusudhan et al. 2023,0.05412,0.00278,-0.00293,Calculated,0.2164,0.023,-0.023,Calculated,,,,0.411,0.038,-0.038,Sarkis et al. 2018
2.21188,0.00197,0.27141,0.02963,-0.02963,Madhusudhan et al. 2023,0.0521,0.00277,-0.00293,Calculated,0.2084,0.0224,-0.0224,Calculated,,,,0.411,0.038,-0.038,Sarkis et al. 2018
2.21385,0.00197,0.32536,0.02886,-0.02886,Madhusudhan et al. 2023,0.05704,0.00248,-0.00259,Calculated,0.2281,0.0234,-0.0234,Calculated,,,,0.411,0.038,-0.038,Sarkis et al. 2018
2.21582,0.00197,0.27104,0.02714,-0.02714,Madhusudhan et al. 2023,0.05206,0.00254,-0.00268,Calculated,0.2082,0.0219,-0.0219,Calculated,,,,0.411,0.038,-0.038,Sarkis et al. 2018
2.21779,0.00197,0.28725,0.02811,-0.02811,Madhusudhan et al. 2023,0.0536,0.00256,-0.00269,Calculated,0.2144,0.0224,-0.0224,Calculated,,,,0.411,0.038,-0.038,Sarkis et al. 2018
2.21975,0.00197,0.26261,0.03023,-0.03023,Madhusudhan et al. 2023,0.05125,0.00287,-0.00304,Calculated,0.205,0.0223,-0.0223,Calculated,,,,0.411,0.038,-0.038,Sarkis et al. 2018
2.22172,0.00197,0.30434,0.02754,-0.02754,Madhusudhan et al. 2023,0.05517,0.00244,-0.00256,Calculated,0.2206,0.0227,-0.0227,Calculated,,,,0.411,0.038,-0.038,Sarkis et al. 2018
2.22369,0.00197,0.2887,0.02991,-0.02991,Madhusudhan et al. 2023,0.05373,0.00271,-0.00286,Calculated,0.2149,0.0228,-0.0228,Calculated,,,,0.411,0.038,-0.038,Sarkis et al. 2018
2.22566,0.00197,0.25857,0.02952,-0.02952,Madhusudhan et al. 2023,0.05085,0.00282,-0.00299,Calculated,0.2034,0.0221,-0.0221,Calculated,,,,0.411,0.038,-0.038,Sarkis et al. 2018
2.22762,0.00197,0.24869,0.02926,-0.02926,Madhusudhan et al. 2023,0.04987,0.00285,-0.00303,Calculated,0.1994,0.0219,-0.0219,Calculated,,,,0.411,0.038,-0.038,Sarkis et al. 2018
2.22959,0.00197,0.24927,0.0288,-0.0288,Madhusudhan et al. 2023,0.04993,0.00281,-0.00297,Calculated,0.1997,0.0218,-0.0218,Calculated,,,,0.411,0.038,-0.038,Sarkis et al. 2018
2.23156,0.00197,0.2854,0.02979,-0.02979,Madhusudhan et al. 2023,0.05342,0.00272,-0.00287,Calculated,0.2137,0.0227,-0.0227,Calculated,,,,0.411,0.038,-0.038,Sarkis et al. 2018
2.23353,0.00197,0.3303,0.0278,-0.0278,Madhusudhan et al. 2023,0.05747,0.00237,-0.00247,Calculated,0.2299,0.0234,-0.0234,Calculated,,,,0.411,0.038,-0.038,Sarkis et al. 2018
2.2355,0.00197,0.23961,0.0279,-0.0279,Madhusudhan et al. 2023,0.04895,0.00277,-0.00294,Calculated,0.1958,0.0214,-0.0214,Calculated,,,,0.411,0.038,-0.038,Sarkis et al. 2018
2.23746,0.00197,0.27625,0.0305,-0.0305,Madhusudhan et al. 2023,0.05256,0.00283,-0.00299,Calculated,0.2102,0.0226,-0.0226,Calculated,,,,0.411,0.038,-0.038,Sarkis et al. 2018
2.23943,0.00197,0.28016,0.02975,-0.02975,Madhusudhan et al. 2023,0.05293,0.00274,-0.00289,Calculated,0.2117,0.0226,-0.0226,Calculated,,,,0.411,0.038,-0.038,Sarkis et al. 2018
2.2414,0.00197,0.28187,0.0264,-0.0264,Madhusudhan et al. 2023,0.05309,0.00243,-0.00255,Calculated,0.2123,0.022,-0.022,Calculated,,,,0.411,0.038,-0.038,Sarkis et al. 2018
2.24337,0.00197,0.28445,0.0296,-0.0296,Madhusudhan et al. 2023,0.05333,0.00271,-0.00285,Calculated,0.2133,0.0226,-0.0226,Calculated,,,,0.411,0.038,-0.038,Sarkis et al. 2018
2.24533,0.00197,0.30625,0.03122,-0.03122,Madhusudhan et al. 2023,0.05534,0.00275,-0.0029,Calculated,0.2213,0.0234,-0.0234,Calculated,,,,0.411,0.038,-0.038,Sarkis et al. 2018
2.2473,0.00197,0.29343,0.02953,-0.02953,Madhusudhan et al. 2023,0.05417,0.00266,-0.0028,Calculated,0.2167,0.0228,-0.0228,Calculated,,,,0.411,0.038,-0.038,Sarkis et al. 2018
2.24927,0.00197,0.31544,0.02983,-0.02983,Madhusudhan et al. 2023,0.05616,0.0026,-0.00272,Calculated,0.2246,0.0233,-0.0233,Calculated,,,,0.411,0.038,-0.038,Sarkis et al. 2018
2.25124,0.00197,0.30689,0.03026,-0.03026,Madhusudhan et al. 2023,0.0554,0.00267,-0.0028,Calculated,0.2216,0.0232,-0.0232,Calculated,,,,0.411,0.038,-0.038,Sarkis et al. 2018
2.25321,0.00197,0.29941,0.02997,-0.02997,Madhusudhan et al. 2023,0.05472,0.00267,-0.00281,Calculated,0.2188,0.023,-0.023,Calculated,,,,0.411,0.038,-0.038,Sarkis et al. 2018
2.25518,0.00197,0.32777,0.03124,-0.03124,Madhusudhan et al. 2023,0.05725,0.00267,-0.0028,Calculated,0.229,0.0238,-0.0238,Calculated,,,,0.411,0.038,-0.038,Sarkis et al. 2018
2.25714,0.00197,0.30071,0.02975,-0.02975,Madhusudhan et al. 2023,0.05484,0.00265,-0.00278,Calculated,0.2193,0.023,-0.023,Calculated,,,,0.411,0.038,-0.038,Sarkis et al. 2018
2.25911,0.00197,0.24873,0.02999,-0.02999,Madhusudhan et al. 2023,0.04987,0.00292,-0.0031,Calculated,0.1995,0.022,-0.022,Calculated,,,,0.411,0.038,-0.038,Sarkis et al. 2018
2.26108,0.00197,0.28919,0.03149,-0.03149,Madhusudhan et al. 2023,0.05378,0.00285,-0.00301,Calculated,0.2151,0.0231,-0.0231,Calculated,,,,0.411,0.038,-0.038,Sarkis et al. 2018
2.26305,0.00197,0.30369,0.03171,-0.03171,Madhusudhan et al. 2023,0.05511,0.00281,-0.00296,Calculated,0.2204,0.0234,-0.0234,Calculated,,,,0.411,0.038,-0.038,Sarkis et al. 2018
2.26502,0.00197,0.29861,0.03055,-0.03055,Madhusudhan et al. 2023,0.05464,0.00273,-0.00287,Calculated,0.2186,0.0231,-0.0231,Calculated,,,,0.411,0.038,-0.038,Sarkis et al. 2018
2.26699,0.00197,0.33037,0.03232,-0.03232,Madhusudhan et al. 2023,0.05748,0.00275,-0.00288,Calculated,0.2299,0.024,-0.024,Calculated,,,,0.411,0.038,-0.038,Sarkis et al. 2018
2.26895,0.00197,0.31855,0.03169,-0.03169,Madhusudhan et al. 2023,0.05644,0.00274,-0.00288,Calculated,0.2257,0.0237,-0.0237,Calculated,,,,0.411,0.038,-0.038,Sarkis et al. 2018
2.27092,0.00197,0.25257,0.03115,-0.03115,Madhusudhan et al. 2023,0.05026,0.00301,-0.0032,Calculated,0.201,0.0223,-0.0223,Calculated,,,,0.411,0.038,-0.038,Sarkis et al. 2018
2.27289,0.00197,0.24524,0.0317,-0.0317,Madhusudhan et al. 2023,0.04952,0.0031,-0.00331,Calculated,0.1981,0.0223,-0.0223,Calculated,,,,0.411,0.038,-0.038,Sarkis et al. 2018
2.27486,0.00197,0.31153,0.03313,-0.03313,Madhusudhan et al. 2023,0.05581,0.00289,-0.00305,Calculated,0.2232,0.0238,-0.0238,Calculated,,,,0.411,0.038,-0.038,Sarkis et al. 2018
2.27683,0.00197,0.37947,0.0313,-0.0313,Madhusudhan et al. 2023,0.0616,0.00249,-0.0026,Calculated,0.2464,0.0249,-0.0249,Calculated,,,,0.411,0.038,-0.038,Sarkis et al. 2018
2.2788,0.00197,0.32165,0.03053,-0.03053,Madhusudhan et al. 2023,0.05671,0.00263,-0.00276,Calculated,0.2268,0.0236,-0.0236,Calculated,,,,0.411,0.038,-0.038,Sarkis et al. 2018
2.28076,0.00197,0.34026,0.03141,-0.03141,Madhusudhan et al. 2023,0.05833,0.00263,-0.00276,Calculated,0.2333,0.0241,-0.0241,Calculated,,,,0.411,0.038,-0.038,Sarkis et al. 2018
2.28273,0.00197,0.25054,0.03214,-0.03214,Madhusudhan et al. 2023,0.05005,0.00311,-0.00332,Calculated,0.2002,0.0225,-0.0225,Calculated,,,,0.411,0.038,-0.038,Sarkis et al. 2018
2.2847,0.00197,0.23646,0.03,-0.03,Madhusudhan et al. 2023,0.04863,0.00299,-0.00319,Calculated,0.1945,0.0218,-0.0218,Calculated,,,,0.411,0.038,-0.038,Sarkis et al. 2018
2.28667,0.00197,0.29691,0.03058,-0.03058,Madhusudhan et al. 2023,0.05449,0.00274,-0.00288,Calculated,0.2179,0.0231,-0.0231,Calculated,,,,0.411,0.038,-0.038,Sarkis et al. 2018
2.28864,0.00197,0.27462,0.03126,-0.03126,Madhusudhan et al. 2023,0.0524,0.0029,-0.00307,Calculated,0.2096,0.0228,-0.0228,Calculated,,,,0.411,0.038,-0.038,Sarkis et al. 2018
2.29061,0.00197,0.29484,0.03226,-0.03226,Madhusudhan et al. 2023,0.0543,0.00289,-0.00306,Calculated,0.2172,0.0233,-0.0233,Calculated,,,,0.411,0.038,-0.038,Sarkis et al. 2018
2.29258,0.00197,0.29084,0.03211,-0.03211,Madhusudhan et al. 2023,0.05393,0.0029,-0.00306,Calculated,0.2157,0.0232,-0.0232,Calculated,,,,0.411,0.038,-0.038,Sarkis et al. 2018
2.29455,0.00197,0.34297,0.03461,-0.03461,Madhusudhan et al. 2023,0.05856,0.00288,-0.00303,Calculated,0.2342,0.0247,-0.0247,Calculated,,,,0.411,0.038,-0.038,Sarkis et al. 2018
2.29652,0.00197,0.27375,0.0332,-0.0332,Madhusudhan et al. 2023,0.05232,0.00308,-0.00328,Calculated,0.2093,0.0231,-0.0231,Calculated,,,,0.411,0.038,-0.038,Sarkis et al. 2018
2.29848,0.00197,0.31351,0.0333,-0.0333,Madhusudhan et al. 2023,0.05599,0.0029,-0.00306,Calculated,0.2239,0.0239,-0.0239,Calculated,,,,0.411,0.038,-0.038,Sarkis et al. 2018
2.30045,0.00197,0.29297,0.03358,-0.03358,Madhusudhan et al. 2023,0.05413,0.00302,-0.0032,Calculated,0.2165,0.0235,-0.0235,Calculated,,,,0.411,0.038,-0.038,Sarkis et al. 2018
2.30242,0.00197,0.29094,0.03246,-0.03246,Madhusudhan et al. 2023,0.05394,0.00293,-0.0031,Calculated,0.2157,0.0233,-0.0233,Calculated,,,,0.411,0.038,-0.038,Sarkis et al. 2018
2.30439,0.00197,0.2853,0.03421,-0.03421,Madhusudhan et al. 2023,0.05341,0.00311,-0.0033,Calculated,0.2136,0.0235,-0.0235,Calculated,,,,0.411,0.038,-0.038,Sarkis et al. 2018
2.30636,0.00197,0.29146,0.0329,-0.0329,Madhusudhan et al. 2023,0.05399,0.00297,-0.00314,Calculated,0.2159,0.0234,-0.0234,Calculated,,,,0.411,0.038,-0.038,Sarkis et al. 2018
2.30833,0.00197,0.2741,0.03098,-0.03098,Madhusudhan et al. 2023,0.05235,0.00288,-0.00305,Calculated,0.2094,0.0227,-0.0227,Calculated,,,,0.411,0.038,-0.038,Sarkis et al. 2018
2.3103,0.00197,0.30387,0.03234,-0.03234,Madhusudhan et al. 2023,0.05512,0.00286,-0.00302,Calculated,0.2205,0.0235,-0.0235,Calculated,,,,0.411,0.038,-0.038,Sarkis et al. 2018
2.31227,0.00197,0.34392,0.03279,-0.03279,Madhusudhan et al. 2023,0.05864,0.00273,-0.00287,Calculated,0.2345,0.0244,-0.0244,Calculated,,,,0.411,0.038,-0.038,Sarkis et al. 2018
2.31424,0.00197,0.30575,0.03318,-0.03318,Madhusudhan et al. 2023,0.05529,0.00292,-0.00309,Calculated,0.2212,0.0237,-0.0237,Calculated,,,,0.411,0.038,-0.038,Sarkis et al. 2018
2.31621,0.00197,0.37441,0.03243,-0.03243,Madhusudhan et al. 2023,0.06119,0.00259,-0.00271,Calculated,0.2447,0.025,-0.025,Calculated,,,,0.411,0.038,-0.038,Sarkis et al. 2018
2.31818,0.00197,0.28637,0.03138,-0.03138,Madhusudhan et al. 2023,0.05351,0.00286,-0.00302,Calculated,0.214,0.023,-0.023,Calculated,,,,0.411,0.038,-0.038,Sarkis et al. 2018
2.32015,0.00197,0.2639,0.03438,-0.03438,Madhusudhan et al. 2023,0.05137,0.00324,-0.00346,Calculated,0.2055,0.0232,-0.0232,Calculated,,,,0.411,0.038,-0.038,Sarkis et al. 2018
2.32212,0.00197,0.2238,0.03705,-0.03705,Madhusudhan et al. 2023,0.04731,0.00377,-0.00409,Calculated,0.1892,0.0235,-0.0235,Calculated,,,,0.411,0.038,-0.038,Sarkis et al. 2018
2.32409,0.00197,0.30312,0.03252,-0.03252,Madhusudhan et al. 2023,0.05506,0.00288,-0.00304,Calculated,0.2202,0.0235,-0.0235,Calculated,,,,0.411,0.038,-0.038,Sarkis et al. 2018
2.32606,0.00197,0.29729,0.03436,-0.03436,Madhusudhan et al. 2023,0.05452,0.00306,-0.00325,Calculated,0.2181,0.0238,-0.0238,Calculated,,,,0.411,0.038,-0.038,Sarkis et al. 2018
2.32803,0.00197,0.38704,0.03476,-0.03476,Madhusudhan et al. 2023,0.06221,0.00273,-0.00286,Calculated,0.2488,0.0256,-0.0256,Calculated,,,,0.411,0.038,-0.038,Sarkis et al. 2018
2.33,0.00197,0.30829,0.03527,-0.03527,Madhusudhan et al. 2023,0.05552,0.00309,-0.00327,Calculated,0.2221,0.0241,-0.0241,Calculated,,,,0.411,0.038,-0.038,Sarkis et al. 2018
2.33197,0.00197,0.30851,0.03538,-0.03538,Madhusudhan et al. 2023,0.05554,0.0031,-0.00328,Calculated,0.2221,0.0242,-0.0242,Calculated,,,,0.411,0.038,-0.038,Sarkis et al. 2018
2.33394,0.00197,0.32133,0.03295,-0.03295,Madhusudhan et al. 2023,0.05669,0.00284,-0.00298,Calculated,0.2267,0.024,-0.024,Calculated,,,,0.411,0.038,-0.038,Sarkis et al. 2018
2.33591,0.00197,0.32106,0.03485,-0.03485,Madhusudhan et al. 2023,0.05666,0.003,-0.00316,Calculated,0.2266,0.0243,-0.0243,Calculated,,,,0.411,0.038,-0.038,Sarkis et al. 2018
2.33788,0.00197,0.32954,0.03489,-0.03489,Madhusudhan et al. 2023,0.05741,0.00296,-0.00312,Calculated,0.2296,0.0245,-0.0245,Calculated,,,,0.411,0.038,-0.038,Sarkis et al. 2018
2.33985,0.00197,0.30838,0.03585,-0.03585,Madhusudhan et al. 2023,0.05553,0.00314,-0.00333,Calculated,0.2221,0.0243,-0.0243,Calculated,,,,0.411,0.038,-0.038,Sarkis et al. 2018
2.34182,0.00197,0.31747,0.03422,-0.03422,Madhusudhan et al. 2023,0.05634,0.00296,-0.00312,Calculated,0.2253,0.0241,-0.0241,Calculated,,,,0.411,0.038,-0.038,Sarkis et al. 2018
2.34379,0.00197,0.36032,0.03338,-0.03338,Madhusudhan et al. 2023,0.06003,0.00272,-0.00285,Calculated,0.2401,0.0248,-0.0248,Calculated,,,,0.411,0.038,-0.038,Sarkis et al. 2018
2.34576,0.00197,0.3009,0.03439,-0.03439,Madhusudhan et al. 2023,0.05485,0.00305,-0.00323,Calculated,0.2194,0.0238,-0.0238,Calculated,,,,0.411,0.038,-0.038,Sarkis et al. 2018
2.34773,0.00197,0.2493,0.03541,-0.03541,Madhusudhan et al. 2023,0.04993,0.00343,-0.00368,Calculated,0.1997,0.0233,-0.0233,Calculated,,,,0.411,0.038,-0.038,Sarkis et al. 2018
2.3497,0.00197,0.23495,0.03398,-0.03398,Madhusudhan et al. 2023,0.04847,0.00339,-0.00364,Calculated,0.1939,0.0228,-0.0228,Calculated,,,,0.411,0.038,-0.038,Sarkis et al. 2018
2.35167,0.00197,0.23572,0.03768,-0.03768,Madhusudhan et al. 2023,0.04855,0.00374,-0.00405,Calculated,0.1942,0.0237,-0.0237,Calculated,,,,0.411,0.038,-0.038,Sarkis et al. 2018
2.35364,0.00197,0.39871,0.03927,-0.03927,Madhusudhan et al. 2023,0.06314,0.00304,-0.00319,Calculated,0.2525,0.0265,-0.0265,Calculated,,,,0.411,0.038,-0.038,Sarkis et al. 2018
2.35561,0.00197,0.30968,0.0367,-0.0367,Madhusudhan et al. 2023,0.05565,0.00321,-0.0034,Calculated,0.2226,0.0244,-0.0244,Calculated,,,,0.411,0.038,-0.038,Sarkis et al. 2018
2.35758,0.00197,0.313,0.03619,-0.03619,Madhusudhan et al. 2023,0.05595,0.00315,-0.00333,Calculated,0.2238,0.0244,-0.0244,Calculated,,,,0.411,0.038,-0.038,Sarkis et al. 2018
2.35955,0.00197,0.29591,0.0342,-0.0342,Madhusudhan et al. 2023,0.0544,0.00306,-0.00324,Calculated,0.2176,0.0237,-0.0237,Calculated,,,,0.411,0.038,-0.038,Sarkis et al. 2018
2.36152,0.00197,0.30669,0.03466,-0.03466,Madhusudhan et al. 2023,0.05538,0.00305,-0.00322,Calculated,0.2215,0.024,-0.024,Calculated,,,,0.411,0.038,-0.038,Sarkis et al. 2018
2.36349,0.00197,0.21541,0.03495,-0.03495,Madhusudhan et al. 2023,0.04641,0.00362,-0.00393,Calculated,0.1856,0.0228,-0.0228,Calculated,,,,0.411,0.038,-0.038,Sarkis et al. 2018
2.36546,0.00197,0.24324,0.03452,-0.03452,Madhusudhan et al. 2023,0.04932,0.00338,-0.00363,Calculated,0.1973,0.023,-0.023,Calculated,,,,0.411,0.038,-0.038,Sarkis et al. 2018
2.36743,0.00197,0.28416,0.03747,-0.03747,Madhusudhan et al. 2023,0.05331,0.00341,-0.00364,Calculated,0.2132,0.0242,-0.0242,Calculated,,,,0.411,0.038,-0.038,Sarkis et al. 2018
2.36941,0.00197,0.278,0.03412,-0.03412,Madhusudhan et al. 2023,0.05273,0.00314,-0.00334,Calculated,0.2109,0.0234,-0.0234,Calculated,,,,0.411,0.038,-0.038,Sarkis et al. 2018
2.37138,0.00197,0.2961,0.03611,-0.03611,Madhusudhan et al. 2023,0.05442,0.00322,-0.00343,Calculated,0.2176,0.0241,-0.0241,Calculated,,,,0.411,0.038,-0.038,Sarkis et al. 2018
2.37335,0.00197,0.17545,0.03486,-0.03486,Madhusudhan et al. 2023,0.04189,0.00397,-0.00439,Calculated,0.1675,0.0227,-0.0227,Calculated,,,,0.411,0.038,-0.038,Sarkis et al. 2018
2.37532,0.00197,0.32271,0.03486,-0.03486,Madhusudhan et al. 2023,0.05681,0.00299,-0.00316,Calculated,0.2272,0.0243,-0.0243,Calculated,,,,0.411,0.038,-0.038,Sarkis et al. 2018
2.37729,0.00197,0.29278,0.03575,-0.03575,Madhusudhan et al. 2023,0.05411,0.00321,-0.00341,Calculated,0.2164,0.024,-0.024,Calculated,,,,0.411,0.038,-0.038,Sarkis et al. 2018
2.37926,0.00197,0.26322,0.03724,-0.03724,Madhusudhan et al. 2023,0.05131,0.00351,-0.00377,Calculated,0.2052,0.0239,-0.0239,Calculated,,,,0.411,0.038,-0.038,Sarkis et al. 2018
2.38123,0.00197,0.26098,0.03462,-0.03462,Madhusudhan et al. 2023,0.05109,0.00328,-0.00351,Calculated,0.2043,0.0232,-0.0232,Calculated,,,,0.411,0.038,-0.038,Sarkis et al. 2018
2.38321,0.00197,0.24895,0.03833,-0.03833,Madhusudhan et al. 2023,0.04989,0.0037,-0.004,Calculated,0.1996,0.024,-0.024,Calculated,,,,0.411,0.038,-0.038,Sarkis et al. 2018
2.38518,0.00197,0.28689,0.03532,-0.03532,Madhusudhan et al. 2023,0.05356,0.0032,-0.00341,Calculated,0.2142,0.0238,-0.0238,Calculated,,,,0.411,0.038,-0.038,Sarkis et al. 2018
2.38715,0.00197,0.2761,0.0362,-0.0362,Madhusudhan et al. 2023,0.05255,0.00334,-0.00357,Calculated,0.2102,0.0238,-0.0238,Calculated,,,,0.411,0.038,-0.038,Sarkis et al. 2018
2.38912,0.00197,0.28715,0.03544,-0.03544,Madhusudhan et al. 2023,0.05359,0.00321,-0.00342,Calculated,0.2143,0.0238,-0.0238,Calculated,,,,0.411,0.038,-0.038,Sarkis et al. 2018
2.39109,0.00197,0.27807,0.03627,-0.03627,Madhusudhan et al. 2023,0.05273,0.00333,-0.00356,Calculated,0.2109,0.0239,-0.0239,Calculated,,,,0.411,0.038,-0.038,Sarkis et al. 2018
2.39307,0.00197,0.29861,0.0356,-0.0356,Madhusudhan et al. 2023,0.05465,0.00317,-0.00336,Calculated,0.2186,0.024,-0.024,Calculated,,,,0.411,0.038,-0.038,Sarkis et al. 2018
2.39504,0.00197,0.34285,0.03504,-0.03504,Madhusudhan et al. 2023,0.05855,0.00292,-0.00307,Calculated,0.2342,0.0247,-0.0247,Calculated,,,,0.411,0.038,-0.038,Sarkis et al. 2018
2.39701,0.00197,0.32149,0.03731,-0.03731,Madhusudhan et al. 2023,0.0567,0.0032,-0.00339,Calculated,0.2268,0.0248,-0.0248,Calculated,,,,0.411,0.038,-0.038,Sarkis et al. 2018
2.39898,0.00197,0.38279,0.03764,-0.03764,Madhusudhan et al. 2023,0.06187,0.00297,-0.00312,Calculated,0.2475,0.0259,-0.0259,Calculated,,,,0.411,0.038,-0.038,Sarkis et al. 2018
2.40095,0.00197,0.28207,0.03626,-0.03626,Madhusudhan et al. 2023,0.05311,0.00331,-0.00353,Calculated,0.2124,0.0239,-0.0239,Calculated,,,,0.411,0.038,-0.038,Sarkis et al. 2018
2.40293,0.00197,0.3136,0.03769,-0.03769,Madhusudhan et al. 2023,0.056,0.00327,-0.00347,Calculated,0.224,0.0247,-0.0247,Calculated,,,,0.411,0.038,-0.038,Sarkis et al. 2018
2.4049,0.00197,0.27058,0.03765,-0.03765,Madhusudhan et al. 2023,0.05202,0.0035,-0.00375,Calculated,0.208,0.0241,-0.0241,Calculated,,,,0.411,0.038,-0.038,Sarkis et al. 2018
2.40687,0.00197,0.26633,0.0368,-0.0368,Madhusudhan et al. 2023,0.05161,0.00345,-0.0037,Calculated,0.2064,0.0238,-0.0238,Calculated,,,,0.411,0.038,-0.038,Sarkis et al. 2018
2.40885,0.00197,0.28921,0.03688,-0.03688,Madhusudhan et al. 2023,0.05378,0.00333,-0.00355,Calculated,0.2151,0.0242,-0.0242,Calculated,,,,0.411,0.038,-0.038,Sarkis et al. 2018
2.41082,0.00197,0.28076,0.03664,-0.03664,Madhusudhan et al. 2023,0.05299,0.00335,-0.00358,Calculated,0.2119,0.024,-0.024,Calculated,,,,0.411,0.038,-0.038,Sarkis et al. 2018
2.41279,0.00197,0.22272,0.03964,-0.03964,Madhusudhan et al. 2023,0.04719,0.00403,-0.00441,Calculated,0.1888,0.0242,-0.0242,Calculated,,,,0.411,0.038,-0.038,Sarkis et al. 2018
2.41476,0.00197,0.21729,0.03782,-0.03782,Madhusudhan et al. 2023,0.04661,0.00389,-0.00425,Calculated,0.1864,0.0237,-0.0237,Calculated,,,,0.411,0.038,-0.038,Sarkis et al. 2018
2.41674,0.00197,0.36372,0.04171,-0.04171,Madhusudhan et al. 2023,0.06031,0.00336,-0.00356,Calculated,0.2412,0.0262,-0.0262,Calculated,,,,0.411,0.038,-0.038,Sarkis et al. 2018
2.41871,0.00197,0.29061,0.04145,-0.04145,Madhusudhan et al. 2023,0.05391,0.00372,-0.00399,Calculated,0.2156,0.0252,-0.0252,Calculated,,,,0.411,0.038,-0.038,Sarkis et al. 2018
2.42068,0.00197,0.25205,0.03697,-0.03697,Madhusudhan et al. 2023,0.0502,0.00356,-0.00383,Calculated,0.2008,0.0237,-0.0237,Calculated,,,,0.411,0.038,-0.038,Sarkis et al. 2018
2.42266,0.00197,0.21718,0.03737,-0.03737,Madhusudhan et al. 2023,0.0466,0.00385,-0.0042,Calculated,0.1864,0.0235,-0.0235,Calculated,,,,0.411,0.038,-0.038,Sarkis et al. 2018
2.42463,0.00197,0.24434,0.03808,-0.03808,Madhusudhan et al. 2023,0.04943,0.00371,-0.00401,Calculated,0.1977,0.0239,-0.0239,Calculated,,,,0.411,0.038,-0.038,Sarkis et al. 2018
2.4266,0.00197,0.24793,0.03526,-0.03526,Madhusudhan et al. 2023,0.04979,0.00342,-0.00368,Calculated,0.1991,0.0232,-0.0232,Calculated,,,,0.411,0.038,-0.038,Sarkis et al. 2018
2.42858,0.00197,0.26181,0.03469,-0.03469,Madhusudhan et al. 2023,0.05117,0.00328,-0.00351,Calculated,0.2046,0.0233,-0.0233,Calculated,,,,0.411,0.038,-0.038,Sarkis et al. 2018
2.43055,0.00197,0.33565,0.03913,-0.03913,Madhusudhan et al. 2023,0.05793,0.00328,-0.00348,Calculated,0.2317,0.0253,-0.0253,Calculated,,,,0.411,0.038,-0.038,Sarkis et al. 2018
2.43253,0.00197,0.31741,0.03969,-0.03969,Madhusudhan et al. 2023,0.05634,0.00342,-0.00364,Calculated,0.2253,0.0251,-0.0251,Calculated,,,,0.411,0.038,-0.038,Sarkis et al. 2018
2.4345,0.00197,0.20879,0.03873,-0.03873,Madhusudhan et al. 2023,0.04569,0.00406,-0.00446,Calculated,0.1828,0.0239,-0.0239,Calculated,,,,0.411,0.038,-0.038,Sarkis et al. 2018
2.43647,0.00197,0.34562,0.03946,-0.03946,Madhusudhan et al. 2023,0.05879,0.00327,-0.00346,Calculated,0.2351,0.0255,-0.0255,Calculated,,,,0.411,0.038,-0.038,Sarkis et al. 2018
2.43845,0.00197,0.21767,0.04033,-0.04033,Madhusudhan et al. 2023,0.04665,0.00414,-0.00454,Calculated,0.1866,0.0244,-0.0244,Calculated,,,,0.411,0.038,-0.038,Sarkis et al. 2018
2.44042,0.00197,0.34285,0.04014,-0.04014,Madhusudhan et al. 2023,0.05855,0.00333,-0.00353,Calculated,0.2342,0.0256,-0.0256,Calculated,,,,0.411,0.038,-0.038,Sarkis et al. 2018
2.4424,0.00197,0.28584,0.04102,-0.04102,Madhusudhan et al. 2023,0.05346,0.00371,-0.00398,Calculated,0.2138,0.025,-0.025,Calculated,,,,0.411,0.038,-0.038,Sarkis et al. 2018
2.44437,0.00197,0.3217,0.04106,-0.04106,Madhusudhan et al. 2023,0.05672,0.00351,-0.00374,Calculated,0.2268,0.0255,-0.0255,Calculated,,,,0.411,0.038,-0.038,Sarkis et al. 2018
2.44635,0.00197,0.27623,0.03978,-0.03978,Madhusudhan et al. 2023,0.05256,0.00366,-0.00393,Calculated,0.2102,0.0246,-0.0246,Calculated,,,,0.411,0.038,-0.038,Sarkis et al. 2018
2.44832,0.00197,0.34587,0.0421,-0.0421,Madhusudhan et al. 2023,0.05881,0.00348,-0.0037,Calculated,0.2352,0.026,-0.026,Calculated,,,,0.411,0.038,-0.038,Sarkis et al. 2018
2.4503,0.00197,0.24136,0.04088,-0.04088,Madhusudhan et al. 2023,0.04913,0.004,-0.00435,Calculated,0.1965,0.0246,-0.0246,Calculated,,,,0.411,0.038,-0.038,Sarkis et al. 2018
2.45227,0.00198,0.22741,0.0406,-0.0406,Madhusudhan et al. 2023,0.04769,0.00408,-0.00447,Calculated,0.1907,0.0245,-0.0245,Calculated,,,,0.411,0.038,-0.038,Sarkis et al. 2018
2.45425,0.00198,0.28186,0.03839,-0.03839,Madhusudhan et al. 2023,0.05309,0.0035,-0.00375,Calculated,0.2123,0.0244,-0.0244,Calculated,,,,0.411,0.038,-0.038,Sarkis et al. 2018
2.45622,0.00198,0.25742,0.03976,-0.03976,Madhusudhan et al. 2023,0.05074,0.00378,-0.00408,Calculated,0.2029,0.0244,-0.0244,Calculated,,,,0.411,0.038,-0.038,Sarkis et al. 2018
2.4582,0.00198,0.2285,0.0416,-0.0416,Madhusudhan et al. 2023,0.0478,0.00417,-0.00457,Calculated,0.1912,0.0248,-0.0248,Calculated,,,,0.411,0.038,-0.038,Sarkis et al. 2018
2.46017,0.00198,0.31566,0.03939,-0.03939,Madhusudhan et al. 2023,0.05618,0.0034,-0.00362,Calculated,0.2247,0.0251,-0.0251,Calculated,,,,0.411,0.038,-0.038,Sarkis et al. 2018
2.46215,0.00198,0.36422,0.03993,-0.03993,Madhusudhan et al. 2023,0.06035,0.00322,-0.0034,Calculated,0.2414,0.0259,-0.0259,Calculated,,,,0.411,0.038,-0.038,Sarkis et al. 2018
2.46412,0.00198,0.33872,0.04387,-0.04387,Madhusudhan et al. 2023,0.0582,0.00365,-0.0039,Calculated,0.2328,0.0263,-0.0263,Calculated,,,,0.411,0.038,-0.038,Sarkis et al. 2018
2.4661,0.00198,0.29951,0.04032,-0.04032,Madhusudhan et al. 2023,0.05473,0.00357,-0.00382,Calculated,0.2189,0.025,-0.025,Calculated,,,,0.411,0.038,-0.038,Sarkis et al. 2018
2.46808,0.00198,0.23848,0.03861,-0.03861,Madhusudhan et al. 2023,0.04883,0.0038,-0.00413,Calculated,0.1953,0.024,-0.024,Calculated,,,,0.411,0.038,-0.038,Sarkis et al. 2018
2.47005,0.00198,0.29656,0.04125,-0.04125,Madhusudhan et al. 2023,0.05446,0.00366,-0.00393,Calculated,0.2178,0.0252,-0.0252,Calculated,,,,0.411,0.038,-0.038,Sarkis et al. 2018
2.47203,0.00198,0.29086,0.04179,-0.04179,Madhusudhan et al. 2023,0.05393,0.00374,-0.00402,Calculated,0.2157,0.0253,-0.0253,Calculated,,,,0.411,0.038,-0.038,Sarkis et al. 2018
2.47401,0.00198,0.31057,0.04333,-0.04333,Madhusudhan et al. 2023,0.05573,0.00376,-0.00403,Calculated,0.2229,0.0258,-0.0258,Calculated,,,,0.411,0.038,-0.038,Sarkis et al. 2018
2.47598,0.00198,0.27317,0.04095,-0.04095,Madhusudhan et al. 2023,0.05227,0.00378,-0.00408,Calculated,0.209,0.0249,-0.0249,Calculated,,,,0.411,0.038,-0.038,Sarkis et al. 2018
2.47796,0.00198,0.26147,0.04144,-0.04144,Madhusudhan et al. 2023,0.05113,0.0039,-0.00423,Calculated,0.2045,0.0249,-0.0249,Calculated,,,,0.411,0.038,-0.038,Sarkis et al. 2018
2.47993,0.00198,0.24488,0.04268,-0.04268,Madhusudhan et al. 2023,0.04949,0.00414,-0.00452,Calculated,0.1979,0.0251,-0.0251,Calculated,,,,0.411,0.038,-0.038,Sarkis et al. 2018
2.48191,0.00198,0.27057,0.04335,-0.04335,Madhusudhan et al. 2023,0.05202,0.00401,-0.00435,Calculated,0.208,0.0254,-0.0254,Calculated,,,,0.411,0.038,-0.038,Sarkis et al. 2018
2.48389,0.00198,0.36808,0.04475,-0.04475,Madhusudhan et al. 2023,0.06067,0.00358,-0.00381,Calculated,0.2426,0.0268,-0.0268,Calculated,,,,0.411,0.038,-0.038,Sarkis et al. 2018
2.48587,0.00198,0.32545,0.04294,-0.04294,Madhusudhan et al. 2023,0.05705,0.00365,-0.0039,Calculated,0.2282,0.0259,-0.0259,Calculated,,,,0.411,0.038,-0.038,Sarkis et al. 2018
2.48784,0.00198,0.29882,0.04202,-0.04202,Madhusudhan et al. 2023,0.05466,0.00372,-0.00399,Calculated,0.2186,0.0254,-0.0254,Calculated,,,,0.411,0.038,-0.038,Sarkis et al. 2018
2.48982,0.00198,0.23408,0.04102,-0.04102,Madhusudhan et al. 2023,0.04838,0.00407,-0.00444,Calculated,0.1935,0.0246,-0.0246,Calculated,,,,0.411,0.038,-0.038,Sarkis et al. 2018
2.4918,0.00198,0.32384,0.04087,-0.04087,Madhusudhan et al. 2023,0.05691,0.00348,-0.00371,Calculated,0.2276,0.0255,-0.0255,Calculated,,,,0.411,0.038,-0.038,Sarkis et al. 2018
2.49378,0.00198,0.3304,0.04371,-0.04371,Madhusudhan et al. 2023,0.05748,0.00368,-0.00394,Calculated,0.2299,0.0261,-0.0261,Calculated,,,,0.411,0.038,-0.038,Sarkis et al. 2018
2.49575,0.00198,0.33692,0.03873,-0.03873,Madhusudhan et al. 2023,0.05804,0.00325,-0.00344,Calculated,0.2321,0.0253,-0.0253,Calculated,,,,0.411,0.038,-0.038,Sarkis et al. 2018
2.49773,0.00198,0.34789,0.04091,-0.04091,Madhusudhan et al. 2023,0.05898,0.00337,-0.00358,Calculated,0.2359,0.0258,-0.0258,Calculated,,,,0.411,0.038,-0.038,Sarkis et al. 2018
2.49971,0.00198,0.32123,0.04239,-0.04239,Madhusudhan et al. 2023,0.05668,0.00362,-0.00387,Calculated,0.2267,0.0257,-0.0257,Calculated,,,,0.411,0.038,-0.038,Sarkis et al. 2018
2.50169,0.00198,0.32191,0.04345,-0.04345,Madhusudhan et al. 2023,0.05674,0.00371,-0.00397,Calculated,0.2269,0.026,-0.026,Calculated,,,,0.411,0.038,-0.038,Sarkis et al. 2018
2.50367,0.00198,0.27975,0.04251,-0.04251,Madhusudhan et al. 2023,0.05289,0.00388,-0.00418,Calculated,0.2115,0.0253,-0.0253,Calculated,,,,0.411,0.038,-0.038,Sarkis et al. 2018
2.50564,0.00198,0.31977,0.04301,-0.04301,Madhusudhan et al. 2023,0.05655,0.00368,-0.00394,Calculated,0.2262,0.0259,-0.0259,Calculated,,,,0.411,0.038,-0.038,Sarkis et al. 2018
2.50762,0.00198,0.25463,0.04622,-0.04622,Madhusudhan et al. 2023,0.05046,0.00439,-0.00481,Calculated,0.2018,0.0261,-0.0261,Calculated,,,,0.411,0.038,-0.038,Sarkis et al. 2018
2.5096,0.00198,0.35425,0.04465,-0.04465,Madhusudhan et al. 2023,0.05952,0.00364,-0.00388,Calculated,0.238,0.0266,-0.0266,Calculated,,,,0.411,0.038,-0.038,Sarkis et al. 2018
2.51158,0.00198,0.21958,0.04385,-0.04385,Madhusudhan et al. 2023,0.04686,0.00447,-0.00494,Calculated,0.1874,0.0255,-0.0255,Calculated,,,,0.411,0.038,-0.038,Sarkis et al. 2018
2.51356,0.00198,0.25662,0.04284,-0.04284,Madhusudhan et al. 2023,0.05066,0.00407,-0.00442,Calculated,0.2026,0.0252,-0.0252,Calculated,,,,0.411,0.038,-0.038,Sarkis et al. 2018
2.51554,0.00198,0.26802,0.04234,-0.04234,Madhusudhan et al. 2023,0.05177,0.00394,-0.00427,Calculated,0.2071,0.0252,-0.0252,Calculated,,,,0.411,0.038,-0.038,Sarkis et al. 2018
2.51752,0.00198,0.36325,0.04278,-0.04278,Madhusudhan et al. 2023,0.06027,0.00345,-0.00366,Calculated,0.2411,0.0264,-0.0264,Calculated,,,,0.411,0.038,-0.038,Sarkis et al. 2018
2.5195,0.00198,0.34952,0.04635,-0.04635,Madhusudhan et al. 2023,0.05912,0.0038,-0.00406,Calculated,0.2365,0.0269,-0.0269,Calculated,,,,0.411,0.038,-0.038,Sarkis et al. 2018
2.52148,0.00198,0.26924,0.04223,-0.04223,Madhusudhan et al. 2023,0.05189,0.00392,-0.00424,Calculated,0.2075,0.0252,-0.0252,Calculated,,,,0.411,0.038,-0.038,Sarkis et al. 2018
2.52346,0.00198,0.24195,0.04686,-0.04686,Madhusudhan et al. 2023,0.04919,0.00455,-0.00502,Calculated,0.1967,0.0263,-0.0263,Calculated,,,,0.411,0.038,-0.038,Sarkis et al. 2018
2.52544,0.00198,0.28134,0.04182,-0.04182,Madhusudhan et al. 2023,0.05304,0.00381,-0.0041,Calculated,0.2121,0.0252,-0.0252,Calculated,,,,0.411,0.038,-0.038,Sarkis et al. 2018
2.52742,0.00198,0.32306,0.04488,-0.04488,Madhusudhan et al. 2023,0.05684,0.00382,-0.0041,Calculated,0.2273,0.0263,-0.0263,Calculated,,,,0.411,0.038,-0.038,Sarkis et al. 2018
2.5294,0.00198,0.31187,0.04464,-0.04464,Madhusudhan et al. 2023,0.05584,0.00386,-0.00415,Calculated,0.2234,0.0261,-0.0261,Calculated,,,,0.411,0.038,-0.038,Sarkis et al. 2018
2.53138,0.00198,0.22211,0.04521,-0.04521,Madhusudhan et al. 2023,0.04713,0.00457,-0.00507,Calculated,0.1885,0.0259,-0.0259,Calculated,,,,0.411,0.038,-0.038,Sarkis et al. 2018
2.53336,0.00198,0.34448,0.04831,-0.04831,Madhusudhan et al. 2023,0.05869,0.00398,-0.00427,Calculated,0.2347,0.0272,-0.0272,Calculated,,,,0.411,0.038,-0.038,Sarkis et al. 2018
2.53534,0.00198,0.3629,0.0456,-0.0456,Madhusudhan et al. 2023,0.06024,0.00367,-0.00391,Calculated,0.2409,0.0269,-0.0269,Calculated,,,,0.411,0.038,-0.038,Sarkis et al. 2018
2.53732,0.00198,0.3157,0.04582,-0.04582,Madhusudhan et al. 2023,0.05619,0.00394,-0.00424,Calculated,0.2247,0.0264,-0.0264,Calculated,,,,0.411,0.038,-0.038,Sarkis et al. 2018
2.5393,0.00198,0.26716,0.04527,-0.04527,Madhusudhan et al. 2023,0.05169,0.00421,-0.00458,Calculated,0.2067,0.0259,-0.0259,Calculated,,,,0.411,0.038,-0.038,Sarkis et al. 2018
2.54128,0.00198,0.3039,0.04014,-0.04014,Madhusudhan et al. 2023,0.05513,0.00353,-0.00377,Calculated,0.2205,0.0251,-0.0251,Calculated,,,,0.411,0.038,-0.038,Sarkis et al. 2018
2.54327,0.00198,0.18205,0.04321,-0.04321,Madhusudhan et al. 2023,0.04267,0.00479,-0.00541,Calculated,0.1707,0.0257,-0.0257,Calculated,,,,0.411,0.038,-0.038,Sarkis et al. 2018
2.54525,0.00198,0.33547,0.04587,-0.04587,Madhusudhan et al. 2023,0.05792,0.00383,-0.0041,Calculated,0.2316,0.0266,-0.0266,Calculated,,,,0.411,0.038,-0.038,Sarkis et al. 2018
2.54723,0.00198,0.30143,0.04712,-0.04712,Madhusudhan et al. 2023,0.0549,0.00414,-0.00447,Calculated,0.2196,0.0266,-0.0266,Calculated,,,,0.411,0.038,-0.038,Sarkis et al. 2018
2.54921,0.00198,0.24539,0.04425,-0.04425,Madhusudhan et al. 2023,0.04954,0.00428,-0.00469,Calculated,0.1981,0.0256,-0.0256,Calculated,,,,0.411,0.038,-0.038,Sarkis et al. 2018
2.55119,0.00198,0.24804,0.04397,-0.04397,Madhusudhan et al. 2023,0.0498,0.00423,-0.00463,Calculated,0.1992,0.0255,-0.0255,Calculated,,,,0.411,0.038,-0.038,Sarkis et al. 2018
2.55318,0.00198,0.29727,0.0464,-0.0464,Madhusudhan et al. 2023,0.05452,0.0041,-0.00444,Calculated,0.2181,0.0264,-0.0264,Calculated,,,,0.411,0.038,-0.038,Sarkis et al. 2018
2.55516,0.00198,0.36114,0.04594,-0.04594,Madhusudhan et al. 2023,0.0601,0.00371,-0.00395,Calculated,0.2404,0.027,-0.027,Calculated,,,,0.411,0.038,-0.038,Sarkis et al. 2018
2.55714,0.00198,0.35596,0.04843,-0.04843,Madhusudhan et al. 2023,0.05966,0.00393,-0.00421,Calculated,0.2386,0.0274,-0.0274,Calculated,,,,0.411,0.038,-0.038,Sarkis et al. 2018
2.55912,0.00198,0.25135,0.04637,-0.04637,Madhusudhan et al. 2023,0.05014,0.00443,-0.00486,Calculated,0.2005,0.0262,-0.0262,Calculated,,,,0.411,0.038,-0.038,Sarkis et al. 2018
2.56111,0.00198,0.35356,0.04781,-0.04781,Madhusudhan et al. 2023,0.05946,0.00389,-0.00417,Calculated,0.2378,0.0272,-0.0272,Calculated,,,,0.411,0.038,-0.038,Sarkis et al. 2018
2.56309,0.00198,0.32982,0.04761,-0.04761,Madhusudhan et al. 2023,0.05743,0.00401,-0.00431,Calculated,0.2297,0.0269,-0.0269,Calculated,,,,0.411,0.038,-0.038,Sarkis et al. 2018
2.56507,0.00198,0.28666,0.04613,-0.04613,Madhusudhan et al. 2023,0.05354,0.00415,-0.0045,Calculated,0.2141,0.0262,-0.0262,Calculated,,,,0.411,0.038,-0.038,Sarkis et al. 2018
2.56706,0.00198,0.30002,0.04764,-0.04764,Madhusudhan et al. 2023,0.05477,0.00419,-0.00454,Calculated,0.2191,0.0267,-0.0267,Calculated,,,,0.411,0.038,-0.038,Sarkis et al. 2018
2.56904,0.00198,0.25026,0.04736,-0.04736,Madhusudhan et al. 2023,0.05003,0.00453,-0.00498,Calculated,0.2001,0.0265,-0.0265,Calculated,,,,0.411,0.038,-0.038,Sarkis et al. 2018
2.57102,0.00198,0.35627,0.04286,-0.04286,Madhusudhan et al. 2023,0.05969,0.00349,-0.00371,Calculated,0.2387,0.0263,-0.0263,Calculated,,,,0.411,0.038,-0.038,Sarkis et al. 2018
2.57301,0.00198,0.2321,0.04399,-0.04399,Madhusudhan et al. 2023,0.04818,0.00437,-0.00481,Calculated,0.1927,0.0255,-0.0255,Calculated,,,,0.411,0.038,-0.038,Sarkis et al. 2018
2.57499,0.00198,0.37689,0.04341,-0.04341,Madhusudhan et al. 2023,0.06139,0.00344,-0.00364,Calculated,0.2455,0.0267,-0.0267,Calculated,,,,0.411,0.038,-0.038,Sarkis et al. 2018
2.57698,0.00198,0.27534,0.04809,-0.04809,Madhusudhan et al. 2023,0.05247,0.0044,-0.0048,Calculated,0.2099,0.0267,-0.0267,Calculated,,,,0.411,0.038,-0.038,Sarkis et al. 2018
2.57896,0.00198,0.30698,0.04471,-0.04471,Madhusudhan et al. 2023,0.05541,0.0039,-0.00419,Calculated,0.2216,0.0261,-0.0261,Calculated,,,,0.411,0.038,-0.038,Sarkis et al. 2018
2.58095,0.00198,0.32118,0.04743,-0.04743,Madhusudhan et al. 2023,0.05667,0.00404,-0.00435,Calculated,0.2267,0.0268,-0.0268,Calculated,,,,0.411,0.038,-0.038,Sarkis et al. 2018
2.58293,0.00199,0.24853,0.04507,-0.04507,Madhusudhan et al. 2023,0.04985,0.00433,-0.00475,Calculated,0.1994,0.0258,-0.0258,Calculated,,,,0.411,0.038,-0.038,Sarkis et al. 2018
2.58492,0.00199,0.17303,0.04439,-0.04439,Madhusudhan et al. 2023,0.0416,0.00503,-0.00573,Calculated,0.1664,0.0263,-0.0263,Calculated,,,,0.411,0.038,-0.038,Sarkis et al. 2018
2.5869,0.00199,0.3168,0.04735,-0.04735,Madhusudhan et al. 2023,0.05629,0.00406,-0.00438,Calculated,0.2251,0.0268,-0.0268,Calculated,,,,0.411,0.038,-0.038,Sarkis et al. 2018
2.58889,0.00199,0.25175,0.04841,-0.04841,Madhusudhan et al. 2023,0.05018,0.00461,-0.00508,Calculated,0.2007,0.0268,-0.0268,Calculated,,,,0.411,0.038,-0.038,Sarkis et al. 2018
2.59087,0.00199,0.28551,0.04604,-0.04604,Madhusudhan et al. 2023,0.05343,0.00415,-0.0045,Calculated,0.2137,0.0262,-0.0262,Calculated,,,,0.411,0.038,-0.038,Sarkis et al. 2018
2.59286,0.00199,0.27824,0.04498,-0.04498,Madhusudhan et al. 2023,0.05275,0.0041,-0.00445,Calculated,0.211,0.0259,-0.0259,Calculated,,,,0.411,0.038,-0.038,Sarkis et al. 2018
2.59485,0.00199,0.25609,0.04421,-0.04421,Madhusudhan et al. 2023,0.05061,0.00419,-0.00457,Calculated,0.2024,0.0256,-0.0256,Calculated,,,,0.411,0.038,-0.038,Sarkis et al. 2018
2.59683,0.00199,0.27074,0.04708,-0.04708,Madhusudhan et al. 2023,0.05203,0.00434,-0.00474,Calculated,0.2081,0.0264,-0.0264,Calculated,,,,0.411,0.038,-0.038,Sarkis et al. 2018
2.59882,0.00199,0.33041,0.04686,-0.04686,Madhusudhan et al. 2023,0.05748,0.00394,-0.00423,Calculated,0.2299,0.0268,-0.0268,Calculated,,,,0.411,0.038,-0.038,Sarkis et al. 2018
2.60081,0.00199,0.3155,0.04546,-0.04546,Madhusudhan et al. 2023,0.05617,0.00391,-0.0042,Calculated,0.2247,0.0263,-0.0263,Calculated,,,,0.411,0.038,-0.038,Sarkis et al. 2018
2.60279,0.00199,0.299,0.04538,-0.04538,Madhusudhan et al. 2023,0.05468,0.004,-0.00432,Calculated,0.2187,0.0262,-0.0262,Calculated,,,,0.411,0.038,-0.038,Sarkis et al. 2018
2.60478,0.00199,0.33001,0.04503,-0.04503,Madhusudhan et al. 2023,0.05745,0.00379,-0.00406,Calculated,0.2298,0.0264,-0.0264,Calculated,,,,0.411,0.038,-0.038,Sarkis et al. 2018
2.60677,0.00199,0.30631,0.04702,-0.04702,Madhusudhan et al. 2023,0.05535,0.0041,-0.00442,Calculated,0.2214,0.0266,-0.0266,Calculated,,,,0.411,0.038,-0.038,Sarkis et al. 2018
2.60876,0.00199,0.24646,0.04616,-0.04616,Madhusudhan et al. 2023,0.04964,0.00445,-0.00489,Calculated,0.1986,0.0261,-0.0261,Calculated,,,,0.411,0.038,-0.038,Sarkis et al. 2018
2.61074,0.00199,0.2708,0.04453,-0.04453,Madhusudhan et al. 2023,0.05204,0.00412,-0.00447,Calculated,0.2081,0.0258,-0.0258,Calculated,,,,0.411,0.038,-0.038,Sarkis et al. 2018
2.61273,0.00199,0.28932,0.04365,-0.04365,Madhusudhan et al. 2023,0.05379,0.00391,-0.00422,Calculated,0.2151,0.0257,-0.0257,Calculated,,,,0.411,0.038,-0.038,Sarkis et al. 2018
2.61472,0.00199,0.32125,0.04674,-0.04674,Madhusudhan et al. 2023,0.05668,0.00398,-0.00429,Calculated,0.2267,0.0267,-0.0267,Calculated,,,,0.411,0.038,-0.038,Sarkis et al. 2018
2.61671,0.00199,0.31461,0.0453,-0.0453,Madhusudhan et al. 2023,0.05609,0.0039,-0.00419,Calculated,0.2243,0.0263,-0.0263,Calculated,,,,0.411,0.038,-0.038,Sarkis et al. 2018
2.6187,0.00199,0.29697,0.04614,-0.04614,Madhusudhan et al. 2023,0.0545,0.00408,-0.00441,Calculated,0.218,0.0263,-0.0263,Calculated,,,,0.411,0.038,-0.038,Sarkis et al. 2018
2.62069,0.00199,0.29056,0.04699,-0.04699,Madhusudhan et al. 2023,0.0539,0.0042,-0.00455,Calculated,0.2156,0.0265,-0.0265,Calculated,,,,0.411,0.038,-0.038,Sarkis et al. 2018
2.62268,0.00199,0.35807,0.04696,-0.04696,Madhusudhan et al. 2023,0.05984,0.0038,-0.00406,Calculated,0.2393,0.0271,-0.0271,Calculated,,,,0.411,0.038,-0.038,Sarkis et al. 2018
2.62467,0.00199,0.36379,0.04906,-0.04906,Madhusudhan et al. 2023,0.06032,0.00394,-0.00421,Calculated,0.2412,0.0276,-0.0276,Calculated,,,,0.411,0.038,-0.038,Sarkis et al. 2018
2.62666,0.00199,0.31125,0.04545,-0.04545,Madhusudhan et al. 2023,0.05579,0.00393,-0.00423,Calculated,0.2231,0.0263,-0.0263,Calculated,,,,0.411,0.038,-0.038,Sarkis et al. 2018
2.62865,0.00199,0.25432,0.0465,-0.0465,Madhusudhan et al. 2023,0.05043,0.00442,-0.00484,Calculated,0.2017,0.0262,-0.0262,Calculated,,,,0.411,0.038,-0.038,Sarkis et al. 2018
2.63064,0.00199,0.26719,0.04584,-0.04584,Madhusudhan et al. 2023,0.05169,0.00426,-0.00464,Calculated,0.2067,0.0261,-0.0261,Calculated,,,,0.411,0.038,-0.038,Sarkis et al. 2018
2.63263,0.00199,0.28131,0.04446,-0.04446,Madhusudhan et al. 2023,0.05304,0.00404,-0.00437,Calculated,0.2121,0.0258,-0.0258,Calculated,,,,0.411,0.038,-0.038,Sarkis et al. 2018
2.63462,0.00199,0.30762,0.0479,-0.0479,Madhusudhan et al. 2023,0.05546,0.00416,-0.0045,Calculated,0.2218,0.0268,-0.0268,Calculated,,,,0.411,0.038,-0.038,Sarkis et al. 2018
2.63661,0.00199,0.21633,0.04644,-0.04644,Madhusudhan et al. 2023,0.04651,0.00475,-0.00529,Calculated,0.186,0.0264,-0.0264,Calculated,,,,0.411,0.038,-0.038,Sarkis et al. 2018
2.6386,0.00199,0.26179,0.04689,-0.04689,Madhusudhan et al. 2023,0.05117,0.00439,-0.00481,Calculated,0.2046,0.0263,-0.0263,Calculated,,,,0.411,0.038,-0.038,Sarkis et al. 2018
2.64059,0.00199,0.30775,0.04653,-0.04653,Madhusudhan et al. 2023,0.05548,0.00405,-0.00437,Calculated,0.2219,0.0265,-0.0265,Calculated,,,,0.411,0.038,-0.038,Sarkis et al. 2018
2.64258,0.00199,0.29779,0.04573,-0.04573,Madhusudhan et al. 2023,0.05457,0.00404,-0.00436,Calculated,0.2183,0.0262,-0.0262,Calculated,,,,0.411,0.038,-0.038,Sarkis et al. 2018
2.64457,0.00199,0.2472,0.04703,-0.04703,Madhusudhan et al. 2023,0.04972,0.00452,-0.00498,Calculated,0.1989,0.0264,-0.0264,Calculated,,,,0.411,0.038,-0.038,Sarkis et al. 2018
2.64656,0.00199,0.27815,0.04976,-0.04976,Madhusudhan et al. 2023,0.05274,0.00452,-0.00495,Calculated,0.2109,0.0271,-0.0271,Calculated,,,,0.411,0.038,-0.038,Sarkis et al. 2018
2.64856,0.00199,0.31328,0.04457,-0.04457,Madhusudhan et al. 2023,0.05597,0.00385,-0.00413,Calculated,0.2239,0.0261,-0.0261,Calculated,,,,0.411,0.038,-0.038,Sarkis et al. 2018
2.65055,0.00199,0.27972,0.04977,-0.04977,Madhusudhan et al. 2023,0.05289,0.00451,-0.00494,Calculated,0.2115,0.0271,-0.0271,Calculated,,,,0.411,0.038,-0.038,Sarkis et al. 2018
2.65254,0.00199,0.24117,0.04837,-0.04837,Madhusudhan et al. 2023,0.04911,0.0047,-0.0052,Calculated,0.1964,0.0268,-0.0268,Calculated,,,,0.411,0.038,-0.038,Sarkis et al. 2018
2.65454,0.00199,0.32383,0.04866,-0.04866,Madhusudhan et al. 2023,0.05691,0.00413,-0.00445,Calculated,0.2276,0.0271,-0.0271,Calculated,,,,0.411,0.038,-0.038,Sarkis et al. 2018
2.65653,0.00199,0.28346,0.04702,-0.04702,Madhusudhan et al. 2023,0.05324,0.00425,-0.00462,Calculated,0.2129,0.0264,-0.0264,Calculated,,,,0.411,0.038,-0.038,Sarkis et al. 2018
2.65852,0.00199,0.26671,0.04673,-0.04673,Madhusudhan et al. 2023,0.05164,0.00434,-0.00474,Calculated,0.2066,0.0263,-0.0263,Calculated,,,,0.411,0.038,-0.038,Sarkis et al. 2018
2.66052,0.00199,0.37839,0.04775,-0.04775,Madhusudhan et al. 2023,0.06151,0.00377,-0.00401,Calculated,0.246,0.0275,-0.0275,Calculated,,,,0.411,0.038,-0.038,Sarkis et al. 2018
2.66251,0.00199,0.23106,0.04786,-0.04786,Madhusudhan et al. 2023,0.04807,0.00474,-0.00527,Calculated,0.1923,0.0267,-0.0267,Calculated,,,,0.411,0.038,-0.038,Sarkis et al. 2018
2.6645,0.00199,0.27933,0.05061,-0.05061,Madhusudhan et al. 2023,0.05285,0.00459,-0.00503,Calculated,0.2114,0.0274,-0.0274,Calculated,,,,0.411,0.038,-0.038,Sarkis et al. 2018
2.6665,0.00199,0.28034,0.04848,-0.04848,Madhusudhan et al. 2023,0.05295,0.0044,-0.00479,Calculated,0.2118,0.0268,-0.0268,Calculated,,,,0.411,0.038,-0.038,Sarkis et al. 2018
2.66849,0.00199,0.24515,0.04912,-0.04912,Madhusudhan et al. 2023,0.04951,0.00473,-0.00524,Calculated,0.198,0.027,-0.027,Calculated,,,,0.411,0.038,-0.038,Sarkis et al. 2018
2.67049,0.002,0.38904,0.04714,-0.04714,Madhusudhan et al. 2023,0.06237,0.00367,-0.0039,Calculated,0.2495,0.0276,-0.0276,Calculated,,,,0.411,0.038,-0.038,Sarkis et al. 2018
2.67248,0.002,0.25957,0.04597,-0.04597,Madhusudhan et al. 2023,0.05095,0.00433,-0.00473,Calculated,0.2038,0.0261,-0.0261,Calculated,,,,0.411,0.038,-0.038,Sarkis et al. 2018
2.67448,0.002,0.39757,0.04544,-0.04544,Madhusudhan et al. 2023,0.06305,0.00351,-0.00371,Calculated,0.2522,0.0274,-0.0274,Calculated,,,,0.411,0.038,-0.038,Sarkis et al. 2018
2.67648,0.002,0.25769,0.04732,-0.04732,Madhusudhan et al. 2023,0.05076,0.00446,-0.0049,Calculated,0.203,0.0265,-0.0265,Calculated,,,,0.411,0.038,-0.038,Sarkis et al. 2018
2.67847,0.002,0.25498,0.04847,-0.04847,Madhusudhan et al. 2023,0.0505,0.00459,-0.00505,Calculated,0.202,0.0268,-0.0268,Calculated,,,,0.411,0.038,-0.038,Sarkis et al. 2018
2.68047,0.002,0.24663,0.04809,-0.04809,Madhusudhan et al. 2023,0.04966,0.00463,-0.0051,Calculated,0.1986,0.0267,-0.0267,Calculated,,,,0.411,0.038,-0.038,Sarkis et al. 2018
2.68246,0.002,0.33779,0.05031,-0.05031,Madhusudhan et al. 2023,0.05812,0.00418,-0.0045,Calculated,0.2324,0.0276,-0.0276,Calculated,,,,0.411,0.038,-0.038,Sarkis et al. 2018
2.68446,0.002,0.26057,0.04927,-0.04927,Madhusudhan et al. 2023,0.05105,0.00462,-0.00508,Calculated,0.2042,0.027,-0.027,Calculated,,,,0.411,0.038,-0.038,Sarkis et al. 2018
2.68646,0.002,0.21929,0.05052,-0.05052,Madhusudhan et al. 2023,0.04683,0.00511,-0.00575,Calculated,0.1873,0.0277,-0.0277,Calculated,,,,0.411,0.038,-0.038,Sarkis et al. 2018
2.68846,0.002,0.31981,0.04809,-0.04809,Madhusudhan et al. 2023,0.05655,0.0041,-0.00442,Calculated,0.2262,0.027,-0.027,Calculated,,,,0.411,0.038,-0.038,Sarkis et al. 2018
2.69045,0.002,0.37288,0.04821,-0.04821,Madhusudhan et al. 2023,0.06106,0.00383,-0.00408,Calculated,0.2442,0.0276,-0.0276,Calculated,,,,0.411,0.038,-0.038,Sarkis et al. 2018
2.69245,0.002,0.21688,0.04852,-0.04852,Madhusudhan et al. 2023,0.04657,0.00495,-0.00554,Calculated,0.1863,0.027,-0.027,Calculated,,,,0.411,0.038,-0.038,Sarkis et al. 2018
2.69445,0.002,0.31541,0.05265,-0.05265,Madhusudhan et al. 2023,0.05616,0.00451,-0.0049,Calculated,0.2246,0.028,-0.028,Calculated,,,,0.411,0.038,-0.038,Sarkis et al. 2018
2.69645,0.002,0.32155,0.05084,-0.05084,Madhusudhan et al. 2023,0.05671,0.00432,-0.00468,Calculated,0.2268,0.0276,-0.0276,Calculated,,,,0.411,0.038,-0.038,Sarkis et al. 2018
2.69845,0.002,0.22831,0.05212,-0.05212,Madhusudhan et al. 2023,0.04778,0.00517,-0.00581,Calculated,0.1911,0.0281,-0.0281,Calculated,,,,0.411,0.038,-0.038,Sarkis et al. 2018
2.70045,0.002,0.24054,0.04883,-0.04883,Madhusudhan et al. 2023,0.04905,0.00475,-0.00526,Calculated,0.1962,0.0269,-0.0269,Calculated,,,,0.411,0.038,-0.038,Sarkis et al. 2018
2.70245,0.002,0.33486,0.05291,-0.05291,Madhusudhan et al. 2023,0.05787,0.0044,-0.00477,Calculated,0.2314,0.0281,-0.0281,Calculated,,,,0.411,0.038,-0.038,Sarkis et al. 2018
2.70445,0.002,0.21986,0.05071,-0.05071,Madhusudhan et al. 2023,0.04689,0.00513,-0.00576,Calculated,0.1875,0.0277,-0.0277,Calculated,,,,0.411,0.038,-0.038,Sarkis et al. 2018
2.70645,0.002,0.3405,0.05392,-0.05392,Madhusudhan et al. 2023,0.05835,0.00445,-0.00482,Calculated,0.2334,0.0284,-0.0284,Calculated,,,,0.411,0.038,-0.038,Sarkis et al. 2018
2.70845,0.002,0.26251,0.05125,-0.05125,Madhusudhan et al. 2023,0.05124,0.00478,-0.00527,Calculated,0.2049,0.0276,-0.0276,Calculated,,,,0.411,0.038,-0.038,Sarkis et al. 2018
2.71045,0.002,0.31327,0.05121,-0.05121,Madhusudhan et al. 2023,0.05597,0.0044,-0.00478,Calculated,0.2239,0.0276,-0.0276,Calculated,,,,0.411,0.038,-0.038,Sarkis et al. 2018
2.71245,0.002,0.30323,0.05158,-0.05158,Madhusudhan et al. 2023,0.05507,0.0045,-0.0049,Calculated,0.2202,0.0277,-0.0277,Calculated,,,,0.411,0.038,-0.038,Sarkis et al. 2018
2.71445,0.002,0.30907,0.05375,-0.05375,Madhusudhan et al. 2023,0.05559,0.00464,-0.00506,Calculated,0.2223,0.0282,-0.0282,Calculated,,,,0.411,0.038,-0.038,Sarkis et al. 2018
2.71645,0.002,0.22686,0.05246,-0.05246,Madhusudhan et al. 2023,0.04763,0.00522,-0.00587,Calculated,0.1905,0.0282,-0.0282,Calculated,,,,0.411,0.038,-0.038,Sarkis et al. 2018
2.71845,0.002,0.19671,0.05034,-0.05034,Madhusudhan et al. 2023,0.04435,0.00535,-0.00609,Calculated,0.1774,0.028,-0.028,Calculated,,,,0.411,0.038,-0.038,Sarkis et al. 2018
2.72045,0.002,0.25326,0.05484,-0.05484,Madhusudhan et al. 2023,0.05032,0.00518,-0.00578,Calculated,0.2013,0.0287,-0.0287,Calculated,,,,0.411,0.038,-0.038,Sarkis et al. 2018
2.72246,0.002,0.3674,0.05242,-0.05242,Madhusudhan et al. 2023,0.06061,0.00418,-0.00449,Calculated,0.2424,0.0283,-0.0283,Calculated,,,,0.411,0.038,-0.038,Sarkis et al. 2018
2.72446,0.002,0.26516,0.05409,-0.05409,Madhusudhan et al. 2023,0.05149,0.00501,-0.00555,Calculated,0.206,0.0284,-0.0284,Calculated,,,,0.411,0.038,-0.038,Sarkis et al. 2018
2.72646,0.002,0.28433,0.05215,-0.05215,Madhusudhan et al. 2023,0.05332,0.00468,-0.00514,Calculated,0.2133,0.0278,-0.0278,Calculated,,,,0.411,0.038,-0.038,Sarkis et al. 2018
2.72847,0.002,0.26187,0.05502,-0.05502,Madhusudhan et al. 2023,0.05117,0.00512,-0.00569,Calculated,0.2047,0.0286,-0.0286,Calculated,,,,0.411,0.038,-0.038,Sarkis et al. 2018
2.73047,0.002,0.3281,0.05586,-0.05586,Madhusudhan et al. 2023,0.05728,0.00468,-0.0051,Calculated,0.2291,0.0288,-0.0288,Calculated,,,,0.411,0.038,-0.038,Sarkis et al. 2018
2.73247,0.002,0.296,0.05282,-0.05282,Madhusudhan et al. 2023,0.05441,0.00466,-0.00509,Calculated,0.2176,0.028,-0.028,Calculated,,,,0.411,0.038,-0.038,Sarkis et al. 2018
2.73448,0.002,0.28017,0.05203,-0.05203,Madhusudhan et al. 2023,0.05293,0.00471,-0.00517,Calculated,0.2117,0.0277,-0.0277,Calculated,,,,0.411,0.038,-0.038,Sarkis et al. 2018
2.73648,0.002,0.23647,0.05231,-0.05231,Madhusudhan et al. 2023,0.04863,0.00511,-0.00571,Calculated,0.1945,0.028,-0.028,Calculated,,,,0.411,0.038,-0.038,Sarkis et al. 2018
2.73849,0.00201,0.23767,0.05993,-0.05993,Madhusudhan et al. 2023,0.04875,0.0058,-0.00659,Calculated,0.195,0.0305,-0.0305,Calculated,,,,0.411,0.038,-0.038,Sarkis et al. 2018
2.74049,0.00201,0.25657,0.05424,-0.05424,Madhusudhan et al. 2023,0.05065,0.0051,-0.00567,Calculated,0.2026,0.0284,-0.0284,Calculated,,,,0.411,0.038,-0.038,Sarkis et al. 2018
2.7425,0.00201,0.26936,0.05253,-0.05253,Madhusudhan et al. 2023,0.0519,0.00484,-0.00534,Calculated,0.2076,0.0279,-0.0279,Calculated,,,,0.411,0.038,-0.038,Sarkis et al. 2018
2.7445,0.00201,0.20005,0.05314,-0.05314,Madhusudhan et al. 2023,0.04473,0.00559,-0.0064,Calculated,0.1789,0.0289,-0.0289,Calculated,,,,0.411,0.038,-0.038,Sarkis et al. 2018
2.74651,0.00201,0.38614,0.05609,-0.05609,Madhusudhan et al. 2023,0.06214,0.00436,-0.00469,Calculated,0.2485,0.0292,-0.0292,Calculated,,,,0.411,0.038,-0.038,Sarkis et al. 2018
2.74852,0.00201,0.23002,0.05722,-0.05722,Madhusudhan et al. 2023,0.04796,0.00563,-0.00639,Calculated,0.1918,0.0297,-0.0297,Calculated,,,,0.411,0.038,-0.038,Sarkis et al. 2018
2.75052,0.00201,0.29315,0.05429,-0.05429,Madhusudhan et al. 2023,0.05414,0.0048,-0.00527,Calculated,0.2165,0.0283,-0.0283,Calculated,,,,0.411,0.038,-0.038,Sarkis et al. 2018
2.75253,0.00201,0.27125,0.05732,-0.05732,Madhusudhan et al. 2023,0.05208,0.00524,-0.00583,Calculated,0.2083,0.0292,-0.0292,Calculated,,,,0.411,0.038,-0.038,Sarkis et al. 2018
2.75454,0.00201,0.31014,0.05355,-0.05355,Madhusudhan et al. 2023,0.05569,0.00462,-0.00504,Calculated,0.2227,0.0282,-0.0282,Calculated,,,,0.411,0.038,-0.038,Sarkis et al. 2018
2.75654,0.00201,0.31661,0.05719,-0.05719,Madhusudhan et al. 2023,0.05627,0.00487,-0.00534,Calculated,0.225,0.0291,-0.0291,Calculated,,,,0.411,0.038,-0.038,Sarkis et al. 2018
2.75855,0.00201,0.33996,0.0567,-0.0567,Madhusudhan et al. 2023,0.05831,0.00467,-0.00508,Calculated,0.2332,0.029,-0.029,Calculated,,,,0.411,0.038,-0.038,Sarkis et al. 2018
2.76056,0.00201,0.31045,0.05626,-0.05626,Madhusudhan et al. 2023,0.05572,0.00484,-0.0053,Calculated,0.2228,0.0288,-0.0288,Calculated,,,,0.411,0.038,-0.038,Sarkis et al. 2018
2.76257,0.00201,0.29621,0.056,-0.056,Madhusudhan et al. 2023,0.05443,0.00492,-0.00541,Calculated,0.2177,0.0288,-0.0288,Calculated,,,,0.411,0.038,-0.038,Sarkis et al. 2018
2.76458,0.00201,0.39688,0.05693,-0.05693,Madhusudhan et al. 2023,0.063,0.00437,-0.00469,Calculated,0.252,0.0295,-0.0295,Calculated,,,,0.411,0.038,-0.038,Sarkis et al. 2018
2.76659,0.00201,0.31784,0.05944,-0.05944,Madhusudhan et al. 2023,0.05638,0.00505,-0.00554,Calculated,0.2255,0.0297,-0.0297,Calculated,,,,0.411,0.038,-0.038,Sarkis et al. 2018
2.7686,0.00201,0.34272,0.05705,-0.05705,Madhusudhan et al. 2023,0.05854,0.00469,-0.00509,Calculated,0.2341,0.0291,-0.0291,Calculated,,,,0.411,0.038,-0.038,Sarkis et al. 2018
2.77061,0.00201,0.43533,0.05212,-0.05212,Madhusudhan et al. 2023,0.06598,0.00384,-0.00408,Calculated,0.2639,0.0291,-0.0291,Calculated,,,,0.411,0.038,-0.038,Sarkis et al. 2018
2.77262,0.00201,0.26064,0.05958,-0.05958,Madhusudhan et al. 2023,0.05105,0.00554,-0.00621,Calculated,0.2042,0.03,-0.03,Calculated,,,,0.411,0.038,-0.038,Sarkis et al. 2018
2.77463,0.00201,0.26056,0.05734,-0.05734,Madhusudhan et al. 2023,0.05105,0.00534,-0.00597,Calculated,0.2042,0.0293,-0.0293,Calculated,,,,0.411,0.038,-0.038,Sarkis et al. 2018
2.77664,0.00201,0.39498,0.05976,-0.05976,Madhusudhan et al. 2023,0.06285,0.00459,-0.00495,Calculated,0.2514,0.03,-0.03,Calculated,,,,0.411,0.038,-0.038,Sarkis et al. 2018
2.77865,0.00201,0.24408,0.05773,-0.05773,Madhusudhan et al. 2023,0.0494,0.00553,-0.00624,Calculated,0.1976,0.0297,-0.0297,Calculated,,,,0.411,0.038,-0.038,Sarkis et al. 2018
2.78066,0.00201,0.24279,0.06116,-0.06116,Madhusudhan et al. 2023,0.04927,0.00586,-0.00666,Calculated,0.1971,0.0308,-0.0308,Calculated,,,,0.411,0.038,-0.038,Sarkis et al. 2018
2.78268,0.00201,0.23202,0.05613,-0.05613,Madhusudhan et al. 2023,0.04817,0.00551,-0.00623,Calculated,0.1926,0.0293,-0.0293,Calculated,,,,0.411,0.038,-0.038,Sarkis et al. 2018
2.78469,0.00201,0.27824,0.06169,-0.06169,Madhusudhan et al. 2023,0.05275,0.00556,-0.00621,Calculated,0.211,0.0305,-0.0305,Calculated,,,,0.411,0.038,-0.038,Sarkis et al. 2018
2.7867,0.00201,0.37005,0.05738,-0.05738,Madhusudhan et al. 2023,0.06083,0.00455,-0.00491,Calculated,0.2433,0.0294,-0.0294,Calculated,,,,0.411,0.038,-0.038,Sarkis et al. 2018
2.78872,0.00201,0.28482,0.05992,-0.05992,Madhusudhan et al. 2023,0.05337,0.00535,-0.00595,Calculated,0.2134,0.0299,-0.0299,Calculated,,,,0.411,0.038,-0.038,Sarkis et al. 2018
2.79073,0.00201,0.39844,0.05738,-0.05738,Madhusudhan et al. 2023,0.06312,0.00439,-0.00472,Calculated,0.2525,0.0296,-0.0296,Calculated,,,,0.411,0.038,-0.038,Sarkis et al. 2018
2.79274,0.00201,0.44334,0.05901,-0.05901,Madhusudhan et al. 2023,0.06658,0.00429,-0.00459,Calculated,0.2663,0.0303,-0.0303,Calculated,,,,0.411,0.038,-0.038,Sarkis et al. 2018
2.79476,0.00201,0.31173,0.05755,-0.05755,Madhusudhan et al. 2023,0.05583,0.00494,-0.00542,Calculated,0.2233,0.0292,-0.0292,Calculated,,,,0.411,0.038,-0.038,Sarkis et al. 2018
2.79677,0.00202,0.23284,0.06161,-0.06161,Madhusudhan et al. 2023,0.04825,0.00601,-0.00687,Calculated,0.193,0.0311,-0.0311,Calculated,,,,0.411,0.038,-0.038,Sarkis et al. 2018
2.79879,0.00202,0.31103,0.05969,-0.05969,Madhusudhan et al. 2023,0.05577,0.00512,-0.00564,Calculated,0.2231,0.0297,-0.0297,Calculated,,,,0.411,0.038,-0.038,Sarkis et al. 2018
2.8008,0.00202,0.24506,0.05456,-0.05456,Madhusudhan et al. 2023,0.0495,0.00523,-0.00586,Calculated,0.198,0.0287,-0.0287,Calculated,,,,0.411,0.038,-0.038,Sarkis et al. 2018
2.80282,0.00202,0.21782,0.06251,-0.06251,Madhusudhan et al. 2023,0.04667,0.00627,-0.00726,Calculated,0.1867,0.0319,-0.0319,Calculated,,,,0.411,0.038,-0.038,Sarkis et al. 2018
2.80484,0.00202,0.33141,0.06051,-0.06051,Madhusudhan et al. 2023,0.05757,0.00504,-0.00552,Calculated,0.2302,0.0299,-0.0299,Calculated,,,,0.411,0.038,-0.038,Sarkis et al. 2018
2.80685,0.00202,0.26626,0.06123,-0.06123,Madhusudhan et al. 2023,0.0516,0.00563,-0.00632,Calculated,0.2064,0.0305,-0.0305,Calculated,,,,0.411,0.038,-0.038,Sarkis et al. 2018
2.80887,0.00202,0.28007,0.06646,-0.06646,Madhusudhan et al. 2023,0.05292,0.00595,-0.0067,Calculated,0.2117,0.0318,-0.0318,Calculated,,,,0.411,0.038,-0.038,Sarkis et al. 2018
2.81089,0.00202,0.23452,0.05947,-0.05947,Madhusudhan et al. 2023,0.04843,0.00579,-0.00659,Calculated,0.1937,0.0304,-0.0304,Calculated,,,,0.411,0.038,-0.038,Sarkis et al. 2018
2.81291,0.00202,0.44499,0.06089,-0.06089,Madhusudhan et al. 2023,0.06671,0.00442,-0.00473,Calculated,0.2668,0.0307,-0.0307,Calculated,,,,0.411,0.038,-0.038,Sarkis et al. 2018
2.81492,0.00202,0.31773,0.06269,-0.06269,Madhusudhan et al. 2023,0.05637,0.00531,-0.00587,Calculated,0.2254,0.0305,-0.0305,Calculated,,,,0.411,0.038,-0.038,Sarkis et al. 2018
2.81694,0.00202,0.31042,0.0629,-0.0629,Madhusudhan et al. 2023,0.05572,0.00538,-0.00596,Calculated,0.2228,0.0306,-0.0306,Calculated,,,,0.411,0.038,-0.038,Sarkis et al. 2018
2.81896,0.00202,0.28486,0.06257,-0.06257,Madhusudhan et al. 2023,0.05337,0.00557,-0.00622,Calculated,0.2135,0.0306,-0.0306,Calculated,,,,0.411,0.038,-0.038,Sarkis et al. 2018
2.82098,0.00202,0.1975,0.06266,-0.06266,Madhusudhan et al. 2023,0.04444,0.00656,-0.00772,Calculated,0.1777,0.0326,-0.0326,Calculated,,,,0.411,0.038,-0.038,Sarkis et al. 2018
2.823,0.00202,0.31998,0.06748,-0.06748,Madhusudhan et al. 2023,0.05657,0.00568,-0.00632,Calculated,0.2262,0.0317,-0.0317,Calculated,,,,0.411,0.038,-0.038,Sarkis et al. 2018
2.82502,0.00202,0.37965,0.07245,-0.07245,Madhusudhan et al. 2023,0.06162,0.00562,-0.00619,Calculated,0.2464,0.0327,-0.0327,Calculated,,,,0.411,0.038,-0.038,Sarkis et al. 2018
2.82704,0.00202,0.29381,0.06696,-0.06696,Madhusudhan et al. 2023,0.0542,0.00586,-0.00658,Calculated,0.2168,0.0318,-0.0318,Calculated,,,,0.411,0.038,-0.038,Sarkis et al. 2018
